BindingDB MonomerID,Ligand SMILES,Gbinding Average
21244,"CCCCCCC(C)(C)c1ccc([C@H]2C[C@@H](O)CC[C@@H]2CCCO)c(O)c1, CCCCCCC(C)(C)c1ccc([C@H]2C[C@@H](O)CC[C@@H]2CCCO)c(O)c1, CCCCCCC(C)(C)c1ccc([C@H]2C[C@@H](O)CC[C@@H]2CCCO)c(O)c1",8.4862
21247,Clc1ccc(CNC(=O)c2nn(c(c2C#N)-n2cccc2)-c2ccccc2)cc1Cl,6.5528
21248,Clc1ccc(cc1)-n1nc(cc1-n1cccc1)C(=O)NN1CCCCC1,5.5498
21249,Clc1ccc(cc1)-n1nc(cc1-n1cccc1)C(=O)NC1CCCCC1,6.5528
21250,Cc1c(nn(c1-n1cccc1)-c1ccc(Cl)cc1)C(=O)NN1CCCCC1,6.9586
21251,Cc1c(nn(c1-n1cccc1)-c1ccc(Cl)cc1)C(=O)NCC1CCCCC1,6.9586
21252,Clc1ccc(cc1)-n1nc(C(=O)NN2CCCCC2)c(C#N)c1-n1cccc1,5.5498
21254,Cc1nn(c(c1C(=O)NCc1ccc(Cl)c(Cl)c1)-n1cccc1)-c1ccc(Cl)cc1,5.5498
21255,Cc1c(nn(c1-n1cccc1)-c1ccc(Cl)cc1Cl)C(=O)NN1CCCCC1,5.7328
21256,Cc1c(nn(c1-n1cccc1)-c1ccc(Cl)cc1Cl)C(=O)NCc1ccc(Cl)c(Cl)c1,7.4318
21257,Cc1c(nn(c1-n1cccc1)-c1ccc(Cl)cc1Cl)C(=O)NC1CCCCC1,7.2518
21258,Cc1ccc(C)n1-c1c(C)c(nn1-c1ccc(Cl)cc1Cl)C(=O)NN1CCCCC1,7.4202
21259,Cc1ccc(C)n1-c1c(C)c(nn1-c1ccc(Cl)cc1Cl)C(=O)NCc1ccc(Cl)c(Cl)c1,7.5528
21260,Cc1ccc(C)n1-c1c(C)c(nn1-c1ccc(Cl)cc1Cl)C(=O)NC1CCCCC1,7.3768
21261,"Cc1c(nn(c1-n1cccc1)-c1ccc(Cl)c(Cl)c1)C(=O)NN1CCCCC1, Cc1c(nn(c1-n1cccc1)-c1ccc(Cl)c(Cl)c1)C(=O)NN1CCCCC1",7.5379
21262,Cc1c(nn(c1-n1cccc1)-c1ccc(Cl)c(Cl)c1)C(=O)NCc1ccc(Cl)c(Cl)c1,7.4559
21263,Cc1c(nn(c1-n1cccc1)-c1ccc(Cl)c(Cl)c1)C(=O)NC1CCCCC1,8.2518
21264,Cc1ccc(C)n1-c1c(C)c(nn1-c1ccc(Cl)c(Cl)c1)C(=O)NN1CCCCC1,7.5528
21265,Cc1ccc(C)n1-c1c(C)c(nn1-c1ccc(Cl)c(Cl)c1)C(=O)NCc1ccc(Cl)c(Cl)c1,6.5528
21266,Cc1ccc(C)n1-c1c(C)c(nn1-c1ccc(Cl)c(Cl)c1)C(=O)NC1CCCCC1,7.8539
21267,Cc1c(nn(c1-n1cccc1)-c1ccc(F)cc1F)C(=O)NN1CCCCC1,5.5528
21269,Cc1c(nn(c1-n1cccc1)-c1ccc(F)cc1F)C(=O)NCc1ccc(Cl)c(Cl)c1,5.5528
21270,Cc1c(nn(c1-n1cccc1)-c1ccc(F)cc1F)C(=O)NC1CCCCC1,5.7959
21271,Cc1ccc(C)n1-c1c(C)c(nn1-c1ccc(F)cc1F)C(=O)NN1CCCCC1,5.7959
21272,Cc1ccc(C)n1-c1c(C)c(nn1-c1ccc(F)cc1F)C(=O)NCc1ccc(Cl)c(Cl)c1,7.4559
21273,Cc1ccc(C)n1-c1c(C)c(nn1-c1ccc(F)cc1F)C(=O)NC1CCCCC1,7.4559
21274,Cc1c(nn(c1-n1cccc1)-c1c(Cl)cc(Cl)cc1Cl)C(=O)NN1CCCCC1,5.7447
21275,Cc1c(nn(c1-n1cccc1)-c1c(Cl)cc(Cl)cc1Cl)C(=O)NCc1ccc(Cl)c(Cl)c1,6.5528
21276,Cc1ccc(C)n1-c1c(C)c(nn1-c1c(Cl)cc(Cl)cc1Cl)C(=O)NN1CCCCC1,6.9586
21277,Cc1ccc(C)n1-c1c(C)c(nn1-c1c(Cl)cc(Cl)cc1Cl)C(=O)NC1CCCCC1,7.5528
21278,"Cc1c(nn(c1-c1ccc(Cl)cc1)-c1ccc(Cl)cc1Cl)C(=O)NN1CCCCC1, Cc1c(nn(c1-c1ccc(Cl)cc1)-c1ccc(Cl)cc1Cl)C(=O)NN1CCCCC1, Cc1c(nn(c1-c1ccc(Cl)cc1)-c1ccc(Cl)cc1Cl)C(=O)NN1CCCCC1, Cc1c(nn(c1-c1ccc(Cl)cc1)-c1ccc(Cl)cc1Cl)C(=O)NN1CCCCC1, Cc1c(nn(c1-c1ccc(Cl)cc1)-c1ccc(Cl)cc1Cl)C(=O)NN1CCCCC1, Cc1c(nn(c1-c1ccc(Cl)cc1)-c1ccc(Cl)cc1Cl)C(=O)NN1CCCCC1, Cc1c(nn(c1-c1ccc(Cl)cc1)-c1ccc(Cl)cc1Cl)C(=O)NN1CCCCC1, Cc1c(nn(c1-c1ccc(Cl)cc1)-c1ccc(Cl)cc1Cl)C(=O)NN1CCCCC1, Cc1c(nn(c1-c1ccc(Cl)cc1)-c1ccc(Cl)cc1Cl)C(=O)NN1CCCCC1, Cc1c(nn(c1-c1ccc(Cl)cc1)-c1ccc(Cl)cc1Cl)C(=O)NN1CCCCC1, Cc1c(nn(c1-c1ccc(Cl)cc1)-c1ccc(Cl)cc1Cl)C(=O)NN1CCCCC1, Cc1c(nn(c1-c1ccc(Cl)cc1)-c1ccc(Cl)cc1Cl)C(=O)NN1CCCCC1, Cc1c(nn(c1-c1ccc(Cl)cc1)-c1ccc(Cl)cc1Cl)C(=O)NN1CCCCC1, Cc1c(nn(c1-c1ccc(Cl)cc1)-c1ccc(Cl)cc1Cl)C(=O)NN1CCCCC1, Cc1c(nn(c1-c1ccc(Cl)cc1)-c1ccc(Cl)cc1Cl)C(=O)NN1CCCCC1, Cc1c(nn(c1-c1ccc(Cl)cc1)-c1ccc(Cl)cc1Cl)C(=O)NN1CCCCC1, Cc1c(nn(c1-c1ccc(Cl)cc1)-c1ccc(Cl)cc1Cl)C(=O)NN1CCCCC1, Cc1c(nn(c1-c1ccc(Cl)cc1)-c1ccc(Cl)cc1Cl)C(=O)NN1CCCCC1, Cc1c(nn(c1-c1ccc(Cl)cc1)-c1ccc(Cl)cc1Cl)C(=O)NN1CCCCC1, Cc1c(nn(c1-c1ccc(Cl)cc1)-c1ccc(Cl)cc1Cl)C(=O)NN1CCCCC1, Cc1c(nn(c1-c1ccc(Cl)cc1)-c1ccc(Cl)cc1Cl)C(=O)NN1CCCCC1, Cc1c(nn(c1-c1ccc(Cl)cc1)-c1ccc(Cl)cc1Cl)C(=O)NN1CCCCC1, Cc1c(nn(c1-c1ccc(Cl)cc1)-c1ccc(Cl)cc1Cl)C(=O)NN1CCCCC1, Cc1c(nn(c1-c1ccc(Cl)cc1)-c1ccc(Cl)cc1Cl)C(=O)NN1CCCCC1, Cc1c(nn(c1-c1ccc(Cl)cc1)-c1ccc(Cl)cc1Cl)C(=O)NN1CCCCC1, Cc1c(nn(c1-c1ccc(Cl)cc1)-c1ccc(Cl)cc1Cl)C(=O)NN1CCCCC1, Cc1c(nn(c1-c1ccc(Cl)cc1)-c1ccc(Cl)cc1Cl)C(=O)NN1CCCCC1, Cc1c(nn(c1-c1ccc(Cl)cc1)-c1ccc(Cl)cc1Cl)C(=O)NN1CCCCC1, Cc1c(nn(c1-c1ccc(Cl)cc1)-c1ccc(Cl)cc1Cl)C(=O)NN1CCCCC1, Cc1c(nn(c1-c1ccc(Cl)cc1)-c1ccc(Cl)cc1Cl)C(=O)NN1CCCCC1, Cc1c(nn(c1-c1ccc(Cl)cc1)-c1ccc(Cl)cc1Cl)C(=O)NN1CCCCC1, Cc1c(nn(c1-c1ccc(Cl)cc1)-c1ccc(Cl)cc1Cl)C(=O)NN1CCCCC1, Cc1c(nn(c1-c1ccc(Cl)cc1)-c1ccc(Cl)cc1Cl)C(=O)NN1CCCCC1, Cc1c(nn(c1-c1ccc(Cl)cc1)-c1ccc(Cl)cc1Cl)C(=O)NN1CCCCC1, Cc1c(nn(c1-c1ccc(Cl)cc1)-c1ccc(Cl)cc1Cl)C(=O)NN1CCCCC1, Cc1c(nn(c1-c1ccc(Cl)cc1)-c1ccc(Cl)cc1Cl)C(=O)NN1CCCCC1, Cc1c(nn(c1-c1ccc(Cl)cc1)-c1ccc(Cl)cc1Cl)C(=O)NN1CCCCC1, Cc1c(nn(c1-c1ccc(Cl)cc1)-c1ccc(Cl)cc1Cl)C(=O)NN1CCCCC1, Cc1c(nn(c1-c1ccc(Cl)cc1)-c1ccc(Cl)cc1Cl)C(=O)NN1CCCCC1, Cc1c(nn(c1-c1ccc(Cl)cc1)-c1ccc(Cl)cc1Cl)C(=O)NN1CCCCC1, Cc1c(nn(c1-c1ccc(Cl)cc1)-c1ccc(Cl)cc1Cl)C(=O)NN1CCCCC1, Cc1c(nn(c1-c1ccc(Cl)cc1)-c1ccc(Cl)cc1Cl)C(=O)NN1CCCCC1, Cc1c(nn(c1-c1ccc(Cl)cc1)-c1ccc(Cl)cc1Cl)C(=O)NN1CCCCC1, Cc1c(nn(c1-c1ccc(Cl)cc1)-c1ccc(Cl)cc1Cl)C(=O)NN1CCCCC1, Cc1c(nn(c1-c1ccc(Cl)cc1)-c1ccc(Cl)cc1Cl)C(=O)NN1CCCCC1, Cc1c(nn(c1-c1ccc(Cl)cc1)-c1ccc(Cl)cc1Cl)C(=O)NN1CCCCC1, Cc1c(nn(c1-c1ccc(Cl)cc1)-c1ccc(Cl)cc1Cl)C(=O)NN1CCCCC1, Cc1c(nn(c1-c1ccc(Cl)cc1)-c1ccc(Cl)cc1Cl)C(=O)NN1CCCCC1, Cc1c(nn(c1-c1ccc(Cl)cc1)-c1ccc(Cl)cc1Cl)C(=O)NN1CCCCC1, Cc1c(nn(c1-c1ccc(Cl)cc1)-c1ccc(Cl)cc1Cl)C(=O)NN1CCCCC1, Cc1c(nn(c1-c1ccc(Cl)cc1)-c1ccc(Cl)cc1Cl)C(=O)NN1CCCCC1, Cc1c(nn(c1-c1ccc(Cl)cc1)-c1ccc(Cl)cc1Cl)C(=O)NN1CCCCC1, Cc1c(nn(c1-c1ccc(Cl)cc1)-c1ccc(Cl)cc1Cl)C(=O)NN1CCCCC1, Cc1c(nn(c1-c1ccc(Cl)cc1)-c1ccc(Cl)cc1Cl)C(=O)NN1CCCCC1, Cc1c(nn(c1-c1ccc(Cl)cc1)-c1ccc(Cl)cc1Cl)C(=O)NN1CCCCC1, Cc1c(nn(c1-c1ccc(Cl)cc1)-c1ccc(Cl)cc1Cl)C(=O)NN1CCCCC1, Cc1c(nn(c1-c1ccc(Cl)cc1)-c1ccc(Cl)cc1Cl)C(=O)NN1CCCCC1, Cc1c(nn(c1-c1ccc(Cl)cc1)-c1ccc(Cl)cc1Cl)C(=O)NN1CCCCC1, Cc1c(nn(c1-c1ccc(Cl)cc1)-c1ccc(Cl)cc1Cl)C(=O)NN1CCCCC1, Cc1c(nn(c1-c1ccc(Cl)cc1)-c1ccc(Cl)cc1Cl)C(=O)NN1CCCCC1, Cc1c(nn(c1-c1ccc(Cl)cc1)-c1ccc(Cl)cc1Cl)C(=O)NN1CCCCC1, Cc1c(nn(c1-c1ccc(Cl)cc1)-c1ccc(Cl)cc1Cl)C(=O)NN1CCCCC1, Cc1c(nn(c1-c1ccc(Cl)cc1)-c1ccc(Cl)cc1Cl)C(=O)NN1CCCCC1, Cc1c(nn(c1-c1ccc(Cl)cc1)-c1ccc(Cl)cc1Cl)C(=O)NN1CCCCC1",8.2349
21279,"Cc1c(nn(c1-c1ccc(I)cc1)-c1ccc(Cl)cc1Cl)C(=O)NN1CCCCC1, Cc1c(nn(c1-c1ccc(I)cc1)-c1ccc(Cl)cc1Cl)C(=O)NN1CCCCC1, Cc1c(nn(c1-c1ccc(I)cc1)-c1ccc(Cl)cc1Cl)C(=O)NN1CCCCC1, Cc1c(nn(c1-c1ccc(I)cc1)-c1ccc(Cl)cc1Cl)C(=O)NN1CCCCC1, Cc1c(nn(c1-c1ccc(I)cc1)-c1ccc(Cl)cc1Cl)C(=O)NN1CCCCC1, Cc1c(nn(c1-c1ccc(I)cc1)-c1ccc(Cl)cc1Cl)C(=O)NN1CCCCC1",8.5604
21280,"Cc1ccc(Cn2nc(cc2-c2ccc(Cl)c(C)c2)C(=O)NC2[C@@]3(C)CCC(C3)C2(C)C)cc1, Cc1ccc(Cn2nc(cc2-c2ccc(Cl)c(C)c2)C(=O)NC2[C@@]3(C)CCC(C3)C2(C)C)cc1",6.829
21281,"Cc1c(C(=O)c2cccc3ccccc23)c2cccc3OC[C@@H](CN4CCOCC4)n1c23, Cc1c(C(=O)c2cccc3ccccc23)c2cccc3OC[C@@H](CN4CCOCC4)n1c23, Cc1c(C(=O)c2cccc3ccccc23)c2cccc3OC[C@@H](CN4CCOCC4)n1c23, Cc1c(C(=O)c2cccc3ccccc23)c2cccc3OC[C@@H](CN4CCOCC4)n1c23, Cc1c(C(=O)c2cccc3ccccc23)c2cccc3OC[C@@H](CN4CCOCC4)n1c23, Cc1c(C(=O)c2cccc3ccccc23)c2cccc3OC[C@@H](CN4CCOCC4)n1c23, Cc1c(C(=O)c2cccc3ccccc23)c2cccc3OC[C@@H](CN4CCOCC4)n1c23, Cc1c(C(=O)c2cccc3ccccc23)c2cccc3OC[C@@H](CN4CCOCC4)n1c23, Cc1c(C(=O)c2cccc3ccccc23)c2cccc3OC[C@@H](CN4CCOCC4)n1c23, Cc1c(C(=O)c2cccc3ccccc23)c2cccc3OC[C@@H](CN4CCOCC4)n1c23, Cc1c(C(=O)c2cccc3ccccc23)c2cccc3OC[C@@H](CN4CCOCC4)n1c23, Cc1c(C(=O)c2cccc3ccccc23)c2cccc3OC[C@@H](CN4CCOCC4)n1c23, Cc1c(C(=O)c2cccc3ccccc23)c2cccc3OC[C@@H](CN4CCOCC4)n1c23, Cc1c(C(=O)c2cccc3ccccc23)c2cccc3OC[C@@H](CN4CCOCC4)n1c23, Cc1c(C(=O)c2cccc3ccccc23)c2cccc3OC[C@@H](CN4CCOCC4)n1c23, Cc1c(C(=O)c2cccc3ccccc23)c2cccc3OC[C@@H](CN4CCOCC4)n1c23, Cc1c(C(=O)c2cccc3ccccc23)c2cccc3OC[C@@H](CN4CCOCC4)n1c23, Cc1c(C(=O)c2cccc3ccccc23)c2cccc3OC[C@@H](CN4CCOCC4)n1c23, Cc1c(C(=O)c2cccc3ccccc23)c2cccc3OC[C@@H](CN4CCOCC4)n1c23, Cc1c(C(=O)c2cccc3ccccc23)c2cccc3OC[C@@H](CN4CCOCC4)n1c23, Cc1c(C(=O)c2cccc3ccccc23)c2cccc3OC[C@@H](CN4CCOCC4)n1c23, Cc1c(C(=O)c2cccc3ccccc23)c2cccc3OC[C@@H](CN4CCOCC4)n1c23, Cc1c(C(=O)c2cccc3ccccc23)c2cccc3OC[C@@H](CN4CCOCC4)n1c23, Cc1c(C(=O)c2cccc3ccccc23)c2cccc3OC[C@@H](CN4CCOCC4)n1c23, Cc1c(C(=O)c2cccc3ccccc23)c2cccc3OC[C@@H](CN4CCOCC4)n1c23, Cc1c(C(=O)c2cccc3ccccc23)c2cccc3OC[C@@H](CN4CCOCC4)n1c23, Cc1c(C(=O)c2cccc3ccccc23)c2cccc3OC[C@@H](CN4CCOCC4)n1c23, Cc1c(C(=O)c2cccc3ccccc23)c2cccc3OC[C@@H](CN4CCOCC4)n1c23, Cc1c(C(=O)c2cccc3ccccc23)c2cccc3OC[C@@H](CN4CCOCC4)n1c23, Cc1c(C(=O)c2cccc3ccccc23)c2cccc3OC[C@@H](CN4CCOCC4)n1c23, Cc1c(C(=O)c2cccc3ccccc23)c2cccc3OC[C@@H](CN4CCOCC4)n1c23, Cc1c(C(=O)c2cccc3ccccc23)c2cccc3OC[C@@H](CN4CCOCC4)n1c23, Cc1c(C(=O)c2cccc3ccccc23)c2cccc3OC[C@@H](CN4CCOCC4)n1c23, Cc1c(C(=O)c2cccc3ccccc23)c2cccc3OC[C@@H](CN4CCOCC4)n1c23, Cc1c(C(=O)c2cccc3ccccc23)c2cccc3OC[C@@H](CN4CCOCC4)n1c23, Cc1c(C(=O)c2cccc3ccccc23)c2cccc3OC[C@@H](CN4CCOCC4)n1c23, Cc1c(C(=O)c2cccc3ccccc23)c2cccc3OC[C@@H](CN4CCOCC4)n1c23, Cc1c(C(=O)c2cccc3ccccc23)c2cccc3OC[C@@H](CN4CCOCC4)n1c23, Cc1c(C(=O)c2cccc3ccccc23)c2cccc3OC[C@@H](CN4CCOCC4)n1c23, Cc1c(C(=O)c2cccc3ccccc23)c2cccc3OC[C@@H](CN4CCOCC4)n1c23, Cc1c(C(=O)c2cccc3ccccc23)c2cccc3OC[C@@H](CN4CCOCC4)n1c23",7.5565
21282,"CCCn1c(C)c(C(=O)c2cccc3ccccc23)c2ccccc12, CCCn1c(C)c(C(=O)c2cccc3ccccc23)c2ccccc12, CCCn1c(C)c(C(=O)c2cccc3ccccc23)c2ccccc12",6.2521
21283,"CN1CCCCC1Cn1cc(C(=O)c2cc(ccc2I)[N+]([O-])=O)c2ccccc12, CN1CCCCC1Cn1cc(C(=O)c2cc(ccc2I)[N+]([O-])=O)c2ccccc12, CN1CCCCC1Cn1cc(C(=O)c2cc(ccc2I)[N+]([O-])=O)c2ccccc12, CN1CCCCC1Cn1cc(C(=O)c2cc(ccc2I)[N+]([O-])=O)c2ccccc12, CN1CCCCC1Cn1cc(C(=O)c2cc(ccc2I)[N+]([O-])=O)c2ccccc12",5.9338
21284,CC1(C)C(C(=O)c2cn(CC3CCOCC3)c3ccccc23)C1(C)C,7.9208
21285,CC1(C)C(C(=O)c2cn(CC3CCOCC3)c3c(F)c(F)c(F)c(F)c23)C1(C)C,7.1805
21286,CC1(C)C(C(=O)c2cn(CC3CCOCC3)c3ccc(F)cc23)C1(C)C,5.9172
21287,CC1(C)C(C(=O)c2cn(CC3CCOCC3)c3ccc(Cl)cc23)C1(C)C,6.2907
21288,CC1(C)C(C(=O)c2cn(CC3CCOCC3)c3ccc(Br)cc23)C1(C)C,5.7144
21289,CC1(C)C(C(=O)c2cn(CC3CCOCC3)c3cc(Cl)ccc23)C1(C)C,7.8539
21290,CC1(C)C(C(=O)c2cn(CC3CCOCC3)c3cc(Br)ccc23)C1(C)C,7.8861
21291,Cc1ccc2c(cn(CC3CCOCC3)c2c1)C(=O)C1C(C)(C)C1(C)C,7.5528
21292,CC1(C)C(C(=O)c2cn(CC3CCOCC3)c3cc(ccc23)C(F)(F)F)C1(C)C,7.1549
21293,CC1(C)C(C(=O)c2cn(CC3CCOCC3)c3cc(ccc23)S(C)(=O)=O)C1(C)C,5.8962
21294,CC1(C)C(C(=O)c2cn(CC3CCOCC3)c3cccc(O)c23)C1(C)C,6.4112
21295,CC1(C)C(C(=O)c2cn(CC3CCOCC3)c3ccc(O)cc23)C1(C)C,6.6904
21296,CC1(C)C(C(=O)c2cn(CC3CCOCC3)c3cc(O)ccc23)C1(C)C,5.53
21297,CC1(C)C(C(=O)c2cn(CC3CCOCC3)c3c(O)cccc23)C1(C)C,6.6091
21298,COc1cccc2n(CC3CCOCC3)cc(C(=O)C3C(C)(C)C3(C)C)c12,5.9626
21299,"COc1ccc2n(CC3CCOCC3)cc(C(=O)C3C(C)(C)C3(C)C)c2c1, COc1ccc2n(CC3CCOCC3)cc(C(=O)C3C(C)(C)C3(C)C)c2c1",6.5513
21300,COc1ccc2c(cn(CC3CCOCC3)c2c1)C(=O)C1C(C)(C)C1(C)C,7.3979
21301,COc1cccc2c(cn(CC3CCOCC3)c12)C(=O)C1C(C)(C)C1(C)C,7.3468
21303,"CC1(C)C(C(=O)c2cn(CC3CCOCC3)c3ccc(OCc4ccccc4)cc23)C1(C)C, CC1(C)C(C(=O)c2cn(CC3CCOCC3)c3ccc(OCc4ccccc4)cc23)C1(C)C",6.6271
21304,CC1(C)C(C(=O)c2cn(CC3CCOCC3)c3cc(OCc4ccccc4)ccc23)C1(C)C,7.4815
21305,CC1(C)C(C(=O)c2cn(CC3CCOCC3)c3c(OCc4ccccc4)cccc23)C1(C)C,5.9606
21306,COc1cc2n(CC3CCOCC3)cc(C(=O)C3C(C)(C)C3(C)C)c2cc1OCc1ccccc1,5.5522
21307,"COc1cc2n(CC3CCOCC3)cc(C(=O)C3C(C)(C)C3(C)C)c2cc1O, COc1cc2n(CC3CCOCC3)cc(C(=O)C3C(C)(C)C3(C)C)c2cc1O",6.1071
21308,CC1(C)C(C(=O)c2cn(CC3CCOCC3)c3cc(O)c(O)cc23)C1(C)C,6.4034
21309,CC1(C)C(C(=O)c2cn(CC3CCOCC3)c3cc4OCOc4cc23)C1(C)C,7.5528
21310,CC1(C)C(C(=O)c2cn(CC3CCOCC3)c3ccc(N)cc23)C1(C)C,6
21311,"CC1(C)C(C(=O)c2cn(CCN3CCOCC3)c3ccccc23)C1(C)C, CC1(C)C(C(=O)c2cn(CCN3CCOCC3)c3ccccc23)C1(C)C, CC1(C)C(C(=O)c2cn(CCN3CCOCC3)c3ccccc23)C1(C)C",6.1931
21315,COc1ccc2c(cn(CCN3CCOCC3)c2c1)C(=O)C1C(C)(C)C1(C)C,5.8911
21317,CC1(C)C(C(=O)c2cn(CCN3CCOCC3)c3cc(OCc4ccccc4)ccc23)C1(C)C,6.0061
21320,CC1(C)C(C(=O)c2cn(CCN3CCOCC3)c3cccc(N)c23)C1(C)C,5.4559
21322,CC1(C)C(C(=O)c2cn(CCN3CCOCC3)c3cccc(NS(C)(=O)=O)c23)C1(C)C,5.3897
21325,"CC1(C)C(C(=O)c2cn(CC3CCOCC3)c3ccc(cc23)C#N)C1(C)C, CC1(C)C(C(=O)c2cn(CC3CCOCC3)c3ccc(cc23)C#N)C1(C)C",5.4792
21328,"COCc1ccc2n(CC3CCOCC3)cc(C(=O)C3C(C)(C)C3(C)C)c2c1, COCc1ccc2n(CC3CCOCC3)cc(C(=O)C3C(C)(C)C3(C)C)c2c1",5.7693
21330,CC1(C)C(C(=O)c2cn(CC3CCOCC3)c3ccc(cc23)-c2ccccc2)C1(C)C,5.727
21331,CC1(C)C(C(=O)c2cn(CC3CCOCC3)c3cc(ccc23)C#N)C1(C)C,7.5086
21333,COC(=O)c1ccc2c(cn(CC3CCOCC3)c2c1)C(=O)C1C(C)(C)C1(C)C,7.6021
21334,CC1(C)C(C(=O)c2cn(CC3CCOCC3)c3cc(ccc23)-c2ccccc2)C1(C)C,6.6421
22988,"CCCCC\C=C/C\C=C/C\C=C/C\C=C/CCCC(=O)NCCO, CCCCC\C=C/C\C=C/C\C=C/C\C=C/CCCC(=O)NCCO, CCCCC\C=C/C\C=C/C\C=C/C\C=C/CCCC(=O)NCCO, CCCCC\C=C/C\C=C/C\C=C/C\C=C/CCCC(=O)NCCO, CCCCC\C=C/C\C=C/C\C=C/C\C=C/CCCC(=O)NCCO, CCCCC\C=C/C\C=C/C\C=C/C\C=C/CCCC(=O)NCCO, CCCCC\C=C/C\C=C/C\C=C/C\C=C/CCCC(=O)NCCO, CCCCC\C=C/C\C=C/C\C=C/C\C=C/CCCC(=O)NCCO",7.0353
24567,CCCCCCCCCCC[C@@H](C[C@@H]1OC(=O)[C@H]1CCCCCC)OC(=O)[C@H](CC(C)C)NC=O,5.6021
26144,"CCCCC\C=C/C\C=C/C\C=C/C\C=C/CCCC(=O)OC(CO)CO, CCCCC\C=C/C\C=C/C\C=C/C\C=C/CCCC(=O)OC(CO)CO, CCCCC\C=C/C\C=C/C\C=C/C\C=C/CCCC(=O)OC(CO)CO, CCCCC\C=C/C\C=C/C\C=C/C\C=C/CCCC(=O)OC(CO)CO",6.2432
27337,CCNC1(CCN(CC1)c1ncnc2n(c(nc12)-c1ccccc1Cl)-c1ccc(Cl)cc1)C(N)=O,9.1549
27338,Clc1ccc(cc1)-n1c(nc2c(NN3CCCCC3)ncnc12)-c1ccc(Cl)cc1Cl,8.1308
27339,Clc1ccc(cc1)-n1c(nc2c(NC3CCCCC3)ncnc12)-c1ccc(Cl)cc1Cl,8.1487
27340,Clc1ccc(cc1)-n1c(nc2c(ncnc12)N1CCCCC1)-c1ccc(Cl)cc1Cl,8.2147
27341,Clc1ccc(cc1)-n1c(nc2c(ncnc12)N1CCCCC1)-c1ccccc1Cl,8.6383
27342,CN1CCN(CC1)c1ncnc2n(c(nc12)-c1ccc(Cl)cc1Cl)-c1ccc(Cl)cc1,8.284
27343,"CN1CCN(CC1)c1ncnc2n(c(nc12)-c1ccccc1Cl)-c1ccc(Cl)cc1, CN1CCN(CC1)c1ncnc2n(c(nc12)-c1ccccc1Cl)-c1ccc(Cl)cc1",8.5378
29061,"Cc1nc2c(-c3ccc(Cl)cc3)n(nc2c(=O)n1CC(F)(F)F)-c1ccccc1Cl, Cc1nc2c(-c3ccc(Cl)cc3)n(nc2c(=O)n1CC(F)(F)F)-c1ccccc1Cl",9.1109
29062,Clc1ccc(cc1)-c1c2CCNC(=O)c2nn1-c1ccccc1Cl,7.2147
29063,CCN1CCc2c(nn(c2-c2ccc(Cl)cc2)-c2ccccc2Cl)C1=O,8.3279
29064,CC(C)N1CCc2c(nn(c2-c2ccc(Cl)cc2)-c2ccccc2Cl)C1=O,8.6021
29065,CC(C)CN1CCc2c(nn(c2-c2ccc(Cl)cc2)-c2ccccc2Cl)C1=O,8.6021
29066,CC(C)(C)N1CCc2c(nn(c2-c2ccc(Cl)cc2)-c2ccccc2Cl)C1=O,8.3279
29067,Clc1ccc(cc1)-c1c2CCN(C3CCCC3)C(=O)c2nn1-c1ccccc1Cl,7.6198
29068,COC(C)(C)CN1CCc2c(nn(c2-c2ccc(Cl)cc2)-c2ccccc2Cl)C1=O,7.9586
29069,FC(F)(F)CN1CCc2c(nn(c2-c2ccc(Cl)cc2)-c2ccccc2Cl)C1=O,8.7696
29070,CC(F)(F)CN1CCc2c(nn(c2-c2ccc(Cl)cc2)-c2ccccc2Cl)C1=O,9.1549
29071,CC(F)(F)CN1CCc2c(C1)nn(c2-c1ccc(Cl)cc1)-c1ccccc1Cl,7.5229
29072,Clc1ccc(cc1)-c1c2OCCNC(=O)c2nn1-c1ccccc1Cl,7.0809
29073,CC(C)N1CCOc2c(nn(c2-c2ccc(Cl)cc2)-c2ccccc2Cl)C1=O,8.8861
29074,FC(F)(F)CN1CCOc2c(nn(c2-c2ccc(Cl)cc2)-c2ccccc2Cl)C1=O,8.7212
29075,"CC(F)(F)CN1CCOc2c(nn(c2-c2ccc(Cl)cc2)-c2ccccc2Cl)C1=O, CC(F)(F)CN1CCOc2c(nn(c2-c2ccc(Cl)cc2)-c2ccccc2Cl)C1=O",9.0431
29076,CCC(F)(F)CN1CCOc2c(nn(c2-c2ccc(Cl)cc2)-c2ccccc2Cl)C1=O,8.8539
29078,"CCCCC\C=C/C\C=C/C\C=C/C\C=C/CCCC(=O)N[C@@H]1C[C@@H]1O, CCCCC\C=C/C\C=C/C\C=C/C\C=C/CCCC(=O)N[C@@H]1C[C@@H]1O",7.7113
29079,"CCCCC\C=C/C\C=C/C\C=C/C\C=C/CCCC(=O)N[C@@H]1C[C@H]1O, CCCCC\C=C/C\C=C/C\C=C/C\C=C/CCCC(=O)N[C@@H]1C[C@H]1O",7.7268
29080,CCCCCCCC\C=C/CCCCCCCC(=O)NCCO,5.9586
29081,"CCCCCCCC\C=C/CCCCCCCC(=O)N[C@@H]1C[C@@H]1O, CCCCCCCC\C=C/CCCCCCCC(=O)N[C@@H]1C[C@@H]1O",6.1884
29082,"CCCCCCCC\C=C/CCCCCCCC(=O)N[C@@H]1C[C@H]1O, CCCCCCCC\C=C/CCCCCCCC(=O)N[C@@H]1C[C@H]1O",6.1995
29087,CCCCC\C=C/C\C=C/C\C=C/C\C=C/CCCC(=O)N[C@H]1C[C@H]1O,7.699
29088,CCCCC\C=C/C\C=C/C\C=C/C\C=C/CCCC(=O)N[C@H]1C[C@@H]1O,7.5528
29091,CCCCCCCC\C=C/CCCCCCCC(=O)N[C@H]1C[C@H]1O,6.0862
29093,CCCCCCCC\C=C/CCCCCCCC(=O)N[C@H]1C[C@@H]1O,5.8539
29094,"CN=C(NS(=O)(=O)c1ccc(Cl)cc1)N1CC(C(=N1)c1ccc(Cl)cc1)c1ccccc1, CN=C(NS(=O)(=O)c1ccc(Cl)cc1)N1CC(C(=N1)c1ccc(Cl)cc1)c1ccccc1, CN=C(NS(=O)(=O)c1ccc(Cl)cc1)N1CC(C(=N1)c1ccc(Cl)cc1)c1ccccc1, CN=C(NS(=O)(=O)c1ccc(Cl)cc1)N1CC(C(=N1)c1ccc(Cl)cc1)c1ccccc1, CN=C(NS(=O)(=O)c1ccc(Cl)cc1)N1CC(C(=N1)c1ccc(Cl)cc1)c1ccccc1, CN=C(NS(=O)(=O)c1ccc(Cl)cc1)N1CC(C(=N1)c1ccc(Cl)cc1)c1ccccc1, CN=C(NS(=O)(=O)c1ccc(Cl)cc1)N1CC(C(=N1)c1ccc(Cl)cc1)c1ccccc1, CN=C(NS(=O)(=O)c1ccc(Cl)cc1)N1CC(C(=N1)c1ccc(Cl)cc1)c1ccccc1",7.9302
29095,O=C(NN1CCCCC1)c1ccc2Sc3ccccc3C(=Nc2c1)C1CCCCC1,8.5229
29096,Clc1cccc(CNC(=O)c2ccc3Sc4ccccc4C(=Nc3c2)N2CCCCC2)c1,9.4949
29097,FC1(F)CCN(CC1)C1=Nc2cc(ccc2Sc2ccccc12)C(=O)NCc1cccc(Cl)c1,9.1024
29098,CCCCNC(=O)c1ccc2Sc3ccccc3C(=Nc2c1)c1ccc(Cl)cc1,9.699
29099,CCCCNC(=O)c1ccc2Sc3ccccc3C(=Nc2c1)c1ccccc1Cl,7.6021
29100,CCCCNC(=O)c1ccc2Sc3ccccc3C(=Nc2c1)c1ccc(F)c(Cl)c1,9.699
29101,CC(C)CNC(=O)c1ccc2Sc3ccccc3C(=Nc2c1)c1ccc(Cl)s1,8.9208
29102,CC(C)CCNC(=O)c1ccc2Sc3ccccc3C(=Nc2c1)c1ccccn1,8.7959
29103,CCCC(=O)c1ccc2Sc3ccccc3C(=Nc2c1)c1ccc(Cl)cc1,7.3979
35871,"Cc1ccc(cc1)-c1ncc(nc1-c1ccc(C)cc1)C(=O)NN1CCCCC1, Cc1ccc(cc1)-c1ncc(nc1-c1ccc(C)cc1)C(=O)NN1CCCCC1, Cc1ccc(cc1)-c1ncc(nc1-c1ccc(C)cc1)C(=O)NN1CCCCC1",7.8059
35881,"Cc1ccc(cc1)-c1ncc(nc1-c1ccc(C)cc1)C(=O)Nc1ccccc1, Cc1ccc(cc1)-c1ncc(nc1-c1ccc(C)cc1)C(=O)Nc1ccccc1",6.3901
60994,"CCCCCc1cc(O)c2[C@@H]3C=C(C)CC[C@H]3C(C)(C)Oc2c1, CCCCCc1cc(O)c2[C@@H]3C=C(C)CC[C@H]3C(C)(C)Oc2c1, CCCCCc1cc(O)c2[C@@H]3C=C(C)CC[C@H]3C(C)(C)Oc2c1, CCCCCc1cc(O)c2[C@@H]3C=C(C)CC[C@H]3C(C)(C)Oc2c1, CCCCCc1cc(O)c2[C@@H]3C=C(C)CC[C@H]3C(C)(C)Oc2c1, CCCCCc1cc(O)c2[C@@H]3C=C(C)CC[C@H]3C(C)(C)Oc2c1, CCCCCc1cc(O)c2[C@@H]3C=C(C)CC[C@H]3C(C)(C)Oc2c1, CCCCCc1cc(O)c2[C@@H]3C=C(C)CC[C@H]3C(C)(C)Oc2c1, CCCCCc1cc(O)c2[C@@H]3C=C(C)CC[C@H]3C(C)(C)Oc2c1",7.8428
78304,Oc1ccc(CC=C)cc1-c1cc(CC=C)ccc1O,5.5017
81559,COc1ccc(cc1CC(C)Br)-c1cc(CC=C)ccc1O,6.0655
81563,CCOc1ccc(CC=C)cc1-c1ccc(O)c(CC=C)c1,5.9101
81564,CCOc1ccc(cc1CC=C)-c1cc(CC=C)ccc1O,6.0132
82141,CC1=C(C2C=CC=C3OC[C@@H](CN4CCOCC4)N1C23)C(=O)c1cccc2ccccc12,7.8861
84880,CCCCCc1cc(O)c2[C@@H]3C=C(C)[C@H](O)C[C@H]3C(C)(C)Oc2c1,7.1871
85675,CCCCC\C=C/C\C=C/C\C=C/C\C=C/CCCCCC(=O)NCCO,7.4634
85739,"CCCCCOc1c(OC)ccc2cc(C(=O)NCc3ccc4OCOc4c3)c(=O)[nH]c12, CCCCCOc1c(OC)ccc2cc(C(=O)NCc3ccc4OCOc4c3)c(=O)[nH]c12",5.5158
86514,FC(F)(F)CCCS(=O)(=O)Oc1cccc(Oc2cccc(c2C#N)C(F)(F)F)c1,7.3161
86515,CCCCCc1cc(O)c2C3C=C(C)CCC3C(C)(C)Oc2c1,7.8633
86531,CCCCCCC(CCCCCCCCCCC(=O)NCc1ccc(O)c(OC)c1)OC(=O)Cc1ccccc1,5.301
86533,CCCCCCC(CCC1OC1CCCCCCC(=O)NCc1ccc(O)c(OC)c1)OC(=O)Cc1ccccc1,5.0223
86534,CCCCCC[C@H](CC=CCCCCCCCC(=O)NCc1ccc(O)c(OC)c1)OC(=O)c1ccccc1,5.8861
86535,CCCCCC[C@H](CC=CCCCCCCCC(=O)NCc1cc(OC)c(O)cc1I)OC(=O)Cc1ccccc1,5.6021
86536,CCCCCC[C@H](CC=CCCCCCCCC(=O)NCc1ccc(O)c(OC)c1)OC(=O)Cc1ccccc1,5.6576
86538,CCCCCCCCC1OC1CCCCCCCC(=O)NCc1ccc(O)c(OC)c1,5.2518
86539,CCCCCCC(C\C=C\CCCCCCCC(=O)NCc1ccc(O)c(OC)c1)OC(=O)Cc1ccccc1,5.6198
86540,CCCCCC[C@H](CC=CCCCCCCCC(=O)NCc1cc(I)c(O)c(OC)c1)OC(=O)Cc1ccccc1,5.301
86876,CCOc1ccccc1CNC(=O)c1oc2ccc(cc2c1C)S(=O)(=O)N1CC(C)CC(C)C1,7.0132
86877,CC1CC(C)CN(C1)S(=O)(=O)c1ccc2oc(C(=O)NC3CCCCC3)c(C)c2c1,6.9666
86879,CC1CC(C)CN(C1)S(=O)(=O)c1ccc2oc(C(=O)NCc3ccccc3Cl)c(C)c2c1,7.2366
86880,CC1CC(C)CN(C1)S(=O)(=O)c1ccc2oc(C(=O)N(C)Cc3ccccc3)c(C)c2c1,7.2291
86881,COc1ccccc1CNC(=O)c1oc2ccc(cc2c1C)S(=O)(=O)N1CC(C)CC(C)C1,7.2366
86882,CCN(Cc1ccccc1)C(=O)c1oc2ccc(cc2c1C)S(=O)(=O)N1CC(C)CC(C)C1,7.0362
86883,CC1CC(C)CN(C1)S(=O)(=O)c1ccc2oc(C(=O)N3CCCCCC3)c(C)c2c1,6.7144
86884,CC1CC(C)CN(C1)S(=O)(=O)c1ccc2oc(C(=O)NC3CCCC3)c(C)c2c1,7.0458
86885,CC1CC(C)CN(C1)S(=O)(=O)c1ccc2oc(C(=O)NCc3ccc(F)cc3)c(C)c2c1,7.2076
86886,CC1CC(C)CN(C1)S(=O)(=O)c1ccc2oc(C(=O)NCc3ccccc3)c(C)c2c1,7.1135
86887,CC1CC(C)CN(C1)S(=O)(=O)c1ccc2oc(C(=O)NC3CCCc4ccccc34)c(C)c2c1,8.301
86888,CC1CC(C)CN(C1)S(=O)(=O)c1ccc2oc(C(=O)N(C)CCc3ccccc3)c(C)c2c1,6.7645
86889,CCCCNC(=O)c1oc2ccc(cc2c1C)S(=O)(=O)N1CC(C)CC(C)C1,7.0269
86891,CC1CC(C)CN(C1)S(=O)(=O)c1ccc2oc(C(=O)NCCc3ccccc3)c(C)c2c1,6.7033
86984,"Fc1ccc(cc1)C1(Oc2cc(F)c(cc2O1)C(=O)N1CCOCC1)c1ccc(Cl)cc1Cl, Fc1ccc(cc1)C1(Oc2cc(F)c(cc2O1)C(=O)N1CCOCC1)c1ccc(Cl)cc1Cl, Fc1ccc(cc1)C1(Oc2cc(F)c(cc2O1)C(=O)N1CCOCC1)c1ccc(Cl)cc1Cl",8.1118
86985,Brc1cc2OC(Oc2cc1C(=O)N1CCOCC1)(c1ccccc1)c1ccccc1,6.059
86986,Fc1cc2OC(Oc2cc1C(=O)N1CCCCC1)(c1ccccc1)c1ccccc1,7.9586
86988,Clc1cc2OC(Oc2cc1C(=O)N1CCOCC1)(c1ccccc1)c1ccccc1,6.6655
86989,Fc1ccc(c(F)c1)C1(Oc2cc(F)c(cc2O1)S(=O)(=O)N1CCC(F)(F)CC1)c1ccc(F)cc1F,8.5229
86990,O=C(N1CCOCC1)c1cc2OC(Oc2cc1C#N)(c1ccccc1)c1ccccc1,6.5575
86991,O=C(N1CCCCC1)c1ccc2OC(Oc2c1)(c1ccccc1)c1ccccc1,7.5528
86992,Fc1ccc(c(F)c1)C1(Oc2cc(F)c(cc2O1)C(=O)N1CCOCC1)c1ccc(F)cc1F,8.1549
86993,Fc1cc2OC(Oc2cc1C(=O)N1CCOCC1)(c1ccccc1)c1ccccc1,7.8239
86994,Cc1cc2OC(Oc2cc1C(=O)N1CCOCC1)(c1ccccc1)c1ccccc1,6.2933
86995,Fc1ccccc1C1(Oc2cc(F)c(cc2O1)C(=O)N1CCOCC1)c1ccc(Cl)cc1Cl,8.3979
86996,Fc1ccc(cc1)C1(Oc2cc(F)c(CN3CCOCC3)cc2O1)c1ccc(F)cc1,6
86997,Fc1ccc(cc1)C1(Oc2cc(F)c(cc2O1)C(=O)N1CCCCC1)c1ccc(F)cc1,8.1549
86998,Fc1ccc(c(F)c1)C1(Oc2cc(F)c(cc2O1)C(=O)N1CCCCC1)c1ccc(F)cc1F,9
86999,O=C(N1CCCCC1)c1cc2OC(Oc2cn1)(c1ccccc1)c1ccccc1,7.8861
87000,Fc1ccc(cc1)C1=CCN(CC1)S(=O)(=O)c1ccc2OC(Oc2c1)(c1ccccc1)c1ccccc1,7.8861
87001,Fc1ccc(cc1)C1(Oc2ccc(cc2O1)C(=O)N1CCOCC1)c1ccc(Cl)cc1Cl,7.5229
87003,Fc1ccc(cc1)C1(Oc2cc(F)c(cc2O1)C(=O)N1CCCCC1)c1ccc(Cl)cc1Cl,8.3979
87004,O=S(=O)(N1CCCCC1)c1ccc2OC(Oc2c1)(c1ccccc1)c1ccccc1,7.4202
87005,CCCCCn1cc(C(=O)c2ccc3ccccc3c2)c2ccc(cc12)S(C)(=O)=O,6.9586
87006,Fc1ccc(cc1)C1(Oc2cc(F)c(cc2O1)C(=O)N1CCOCC1)c1ccc(F)cc1,7.7447
87007,COc1ccc(cc1)C1(Oc2cc(F)c(cc2O1)C(=O)N1CCCCC1)c1ccc(Cl)cc1Cl,8.699
87008,O=C(N1CCOCC1)c1ccc2OC(Oc2c1)(c1ccccc1)c1ccccc1,7.301
87009,Fc1ccc(cc1)C1(Oc2cc(F)c(cc2O1)S(=O)(=O)N1CCOCC1)c1ccc(Cl)cc1Cl,8.0458
87010,Clc1ccc(cc1)C1=CCN(CC1)C(=O)CC(c1ccccc1)c1ccccc1,5.8239
87011,COC1CCCN1C(=O)c1cc2OC(Oc2cc1F)(c1ccc(F)cc1F)c1ccc(F)cc1F,7.3372
87012,Fc1ccc(c(F)c1)C1(Oc2cc(F)c(cc2O1)S(=O)(=O)N1CCOCC1)c1ccc(F)cc1F,7.6021
87016,COc1ccc(cc1)C1C(CCS(=O)(=O)c2ccccc2)C(=O)N1c1ccccc1,6.3453
87017,CC(=O)SC(CCc1ccccc1)C1C(N(C1=O)c1ccc(F)cc1)c1ccc(O)cc1,7.2774
87018,OC(CCC1C(N(C1=O)c1ccc(F)cc1)c1ccc(O)cc1)c1ccc(F)cc1,6.5209
87020,COc1ccc(cc1)C1C(CCCc2cccnc2)C(=O)N1c1ccccc1,6.613
113764,CCCNC(=O)\C=C\CCC(=C)[C@@H]1CC(C)(C)[C@@H]1CCC(C)=C,5.4365
113765,CC(=C)CC[C@@H]1[C@@H](CC1(C)C)C(=C)CC\C=C\C(=O)NCC=C,5.0635
113766,CC(=C)CC[C@@H]1[C@@H](CC1(C)C)C(=C)CC\C=C\C(=O)NCCCl,5.4168
181239,"Cc1cccc(c1)-c1c(O)cc(cc1O)C(=O)c1ccccc1, Cc1cccc(c1)-c1c(O)cc(cc1O)C(=O)c1ccccc1",5.7018
181242,Cc1cccc(c1)-c1ccc(cc1O)C(C)(C)c1ccccc1,7.3772
181243,Cc1cccc(c1)-c1c(O)cc(cc1O)C(C)(C)c1ccccc1,7.3306
181244,CC(C)(c1ccccc1)c1ccc(c(O)c1)-c1cc(Cl)cc(Cl)c1,6.7011
181245,Cc1cccc(c1)-c1c(O)cc(cc1O)C(C)(C)c1cccs1,8.4318
181246,CC(C)(c1cccs1)c1cc(O)c(c(O)c1)-c1cc(Cl)cc(Cl)c1,8.6326
181247,CC(C)(c1cccs1)c1ccc(c(O)c1)-c1cc(Cl)cc(Cl)c1,7.765
192521,"NC(=O)C1(CCC(CC1)c1ncnc2n(c(nc12)-c1ccccc1Cl)-c1ccc(Cl)cc1)c1ccccc1, NC(=O)C1(CCC(CC1)c1ncnc2n(c(nc12)-c1ccccc1Cl)-c1ccc(Cl)cc1)c1ccccc1",9.15
192522,"CS(=O)(=O)NCC1CCC(CNc2ncnc3n(c(nc23)-c2ccccc2Cl)-c2ccc(Cl)cc2)CC1, CS(=O)(=O)NCC1CCC(CNc2ncnc3n(c(nc23)-c2ccccc2Cl)-c2ccc(Cl)cc2)CC1",6.97
192523,"NS(=O)(=O)NCC1CCC(CNc2ncnc3n(c(nc23)-c2ccccc2Cl)-c2ccc(Cl)cc2)CC1, NS(=O)(=O)NCC1CCC(CNc2ncnc3n(c(nc23)-c2ccccc2Cl)-c2ccc(Cl)cc2)CC1",6.7372
192524,"Clc1ccc(cc1)-n1c(nc2c(ncnc12)N1CCS(=O)(=O)CC1)-c1ccccc1Cl, Clc1ccc(cc1)-n1c(nc2c(ncnc12)N1CCS(=O)(=O)CC1)-c1ccccc1Cl",7.6341
192525,NC1(CCC(CC1)c1ncnc2n(c(nc12)-c1ccccc1Cl)-c1ccc(Cl)cc1)c1ccccc1,7.9586
192526,CS(=O)(=O)NC1(CCC(CC1)c1ncnc2n(c(nc12)-c1ccccc1Cl)-c1ccc(Cl)cc1)c1ccccc1,8.2069
192527,CC(=O)NC1(CCN(CC1)c1ncnc2n(c(nc12)-c1ccccc1Cl)-c1ccc(Cl)cc1)c1ccccc1,8.2218
192528,CC(C)(C)NC(=O)C1(CCN(CC1)c1ncnc2n(c(nc12)-c1ccccc1Cl)-c1ccc(Cl)cc1)c1ccccc1,8.3893
192529,"CCOC(=O)NC1CCN(CC1)c1ncnc2n(c(nc12)-c1ccccc1Cl)-c1ccc(Cl)cc1, CCOC(=O)NC1CCN(CC1)c1ncnc2n(c(nc12)-c1ccccc1Cl)-c1ccc(Cl)cc1",8.4455
192530,Clc1ccc(cc1)-n1c(nc2c(ncnc12)N1CCC(CC1)NC(=O)c1ccccc1)-c1ccccc1Cl,8.5935
192531,FC(F)(F)S(=O)(=O)NC1CCN(CC1)c1ncnc2n(c(nc12)-c1ccccc1Cl)-c1ccc(Cl)cc1,8.2147
192532,"Clc1ccc(cc1)-n1c(nc2c(ncnc12)N1CCC(CC1)NC(=O)C1CCCCC1)-c1ccccc1Cl, Clc1ccc(cc1)-n1c(nc2c(ncnc12)N1CCC(CC1)NC(=O)C1CCCCC1)-c1ccccc1Cl",8.4718
192533,"CCCCC(=O)NC1CCN(CC1)c1ncnc2n(c(nc12)-c1ccccc1Cl)-c1ccc(Cl)cc1, CCCCC(=O)NC1CCN(CC1)c1ncnc2n(c(nc12)-c1ccccc1Cl)-c1ccc(Cl)cc1",7.7159
192534,"Clc1ccc(cc1)-n1c(nc2c(ncnc12)N1CCC(CC1)NC(=O)CC1CCCCC1)-c1ccccc1Cl, Clc1ccc(cc1)-n1c(nc2c(ncnc12)N1CCC(CC1)NC(=O)CC1CCCCC1)-c1ccccc1Cl",8.7178
192535,"CC(C)CC(=O)NC1CCN(CC1)c1ncnc2n(c(nc12)-c1ccccc1Cl)-c1ccc(Cl)cc1, CC(C)CC(=O)NC1CCN(CC1)c1ncnc2n(c(nc12)-c1ccccc1Cl)-c1ccc(Cl)cc1",8.3974
192536,"Clc1ccc(cc1)-n1c(nc2c(ncnc12)N1CCC(CC1)NC(=O)C1CCCC1)-c1ccccc1Cl, Clc1ccc(cc1)-n1c(nc2c(ncnc12)N1CCC(CC1)NC(=O)C1CCCC1)-c1ccccc1Cl",8.8182
192537,"CC(C)CCC(=O)NC1CCN(CC1)c1ncnc2n(c(nc12)-c1ccccc1Cl)-c1ccc(Cl)cc1, CC(C)CCC(=O)NC1CCN(CC1)c1ncnc2n(c(nc12)-c1ccccc1Cl)-c1ccc(Cl)cc1",8.5711
192538,"Clc1ccc(cc1)-n1c(nc2c(ncnc12)N1CCC(CC1)NC(=O)CC1CCCC1)-c1ccccc1Cl, Clc1ccc(cc1)-n1c(nc2c(ncnc12)N1CCC(CC1)NC(=O)CC1CCCC1)-c1ccccc1Cl",8.6968
227552,CCCCCCC(C)(C)c1ccc(C2CC(O)CCC2CCCO)c(O)c1,8.4685
235934,CCCCCCC(C)(C)c1cc(OC)c(C2=C[C@@H]3CC[C@@]2(CO)C3(C)C)c(OC)c1,4.9318
235935,CCCCCCC(C)(C)c1cc(OC)c(C2=C[C@H]3CC[C@]2(CO)C3(C)C)c(OC)c1,5.8633
242438,COc1cc(Nc2ccc(cc2)S(=O)(=O)NCC2CC2)cc(OC)c1,5.5229
388461,"Fc1ccc(c(F)c1)-n1nc(C(=O)NC2(CC2)c2ccccc2)c2C[C@@H]3C[C@@H]3c12, Fc1ccc(c(F)c1)-n1nc(C(=O)NC2(CC2)c2ccccc2)c2C[C@@H]3C[C@@H]3c12",6.8473
388463,CNC(=O)[C@@H](NC(=O)c1nn(c2[C@H]3C[C@H]3Cc12)-c1c[n+]([O-])ccn1)C(C)(C)C,6.9788
388465,"O=C(NC1(CCC1)c1ccccn1)c1nn(CC2CCOCC2)c2[C@@H]3C[C@@H]3Cc12, O=C(NC1(CCC1)c1ccccn1)c1nn(CC2CCOCC2)c2[C@@H]3C[C@@H]3Cc12",6.7386
388466,CONC(=O)[C@@H](NC(=O)c1nn(c2[C@@H]3C[C@@H]3Cc12)-c1c[n+]([O-])ccn1)C(C)(C)C,5.9208
419118,CC(C)(C)c1nc(N2CCC(F)(F)C2)c2nn(Cc3ccccc3CSC#N)nc2n1,5.312
419185,Cc1nonc1Cn1nnc2c(nc(nc12)C(C)(C)C)N1CCC2(C1)N=N2,5.5283
419188,FC(F)(F)c1ccccc1Cn1nnc2c(nc(nc12)C(F)(F)c1ccccc1)N1CCC2(C1)N=N2,6.0031
419190,CC(C)(C)c1nc(N2CCC3(C2)N=N3)c2nnn(Cc3ccccc3Cl)c2n1,6.4935
419260,CC(C)(C)c1nc(N2CCC(F)(F)C2)c2nnn(Cc3ccccc3C3(N=N3)C(F)(F)F)c2n1,6.3116
419261,CC(C)(C)c1nc(N2CCC3(C2)N=N3)c2nnn(Cc3ccccc3C#C)c2n1,6.8794
419262,FC(F)(c1ccccc1)c1nc(N2CCC3(C2)N=N3)c2nnn(Cc3ccccc3Cl)c2n1,6.0975
419263,Cc1nonc1Cn1nnc2c(nc(nc12)C(F)(F)c1ccccc1)N1CCC2(C1)N=N2,5.2667
419267,FC(F)(c1ccccc1)c1nc(N2CCC3(C2)N=N3)c2nnn(Cc3ccccc3C#C)c2n1,6.3325
419268,FC(F)(F)C1(N=N1)c1cccc(C#C)c1Cn1nnc2c(nc(nc12)C(F)(F)c1ccccc1)N1CCC(F)(F)C1,5.4694
419269,CC(C)(C)c1nc(N2CCC(F)(F)C2)c2nnn(Cc3c(cccc3C3(N=N3)C(F)(F)F)C#C)c2n1,6.8327
419273,CC(C)(C)c1nc(N2CCC(F)(F)C2)c2nnn(Cc3ccccc3CS(F)(=O)=O)c2n1,5.7086
419275,CC(C)(C)c1nc(N2CCC(F)(F)C2)c2nnn(Cc3ccccc3CN=C=S)c2n1,5.4166
419277,CC(C)(C)c1nc(N2CCC(F)(F)C2)c2nnn(Cc3ccccc3N=C=S)c2n1,5.2708
419278,CC(C)(C)c1nc(N2CCC(F)(F)C2)c2nnn(Cc3ccccc3S(F)(=O)=O)c2n1,6.0311
419279,CC(C)(C)c1nc(N2CCC(S)C2)c2nnn(Cc3ccccc3Cl)c2n1,5.8324
419282,Cc1nonc1Cn1nnc2c(nc(nc12)C(C)(C)C)N1CC[C@@H](S)C1,5.0969
419283,CC(C)(C)c1nc(N2CC[C@H](S)C2)c2nnn(Cc3ccccc3Cl)c2n1,5.5516
419286,CC(C)(C)c1nc(N2CCC(C2)N=C=S)c2nnn(Cc3ccccc3Cl)c2n1,5.249
419288,CC(C)(C)c1nc(N2CCC(C2)N=[N+]=[N-])c2nnn(Cc3ccccc3Cl)c2n1,5.6404
419292,FC(F)(c1ccccc1)c1nc(N2CCC(C2)N=[N+]=[N-])c2nnn(Cc3ccccc3Cl)c2n1,5.6103
419293,FC(F)(c1ccccc1)c1nc(N2CCC(C2)N=C=S)c2nnn(Cc3ccccc3Cl)c2n1,5.1915
419294,Cc1nonc1Cn1nnc2c(nc(nc12)C(F)(F)c1ccccc1)N1CCC(C1)N=C=S,5.8374
419295,O[C@H]1CCN(C1)c1nc(nc2n(Cc3ccccc3S(F)(=O)=O)nnc12)C(F)(F)c1ccccc1,5.4829
419296,CC(C)(C)c1nc(N2CCC(F)(F)C2)c2nnn(Cc3ccccc3CSSCCO)c2n1,6.6757
419298,FC(F)(c1ccccc1)c1nc(N2CCC(F)(F)C2)c2nnn(Cc3ccccc3CCSSc3ccccn3)c2n1,5.5173
419299,OCCSSCCc1ccccc1Cn1nnc2c(nc(nc12)C(F)(F)c1ccccc1)N1CCC(F)(F)C1,5.9682
419300,CC(C)(C)c1nc(N2CCC(F)(F)C2)c2nnn(Cc3ccccc3CCSSCCO)c2n1,6.6882
419302,CC(C)(C)c1nc(N2CCC(F)(F)C2)c2nnn(Cc3ccccc3CCS(F)(=O)=O)c2n1,5.8674
419303,CC(C)(C)c1nc(N2CCC(F)(F)C2)c2nnn(Cc3ccccc3CCSSc3ccccn3)c2n1,5.7296
419304,CC(C)(C)c1nc(N2CCC(F)(F)C2)c2nnn(Cc3ccccc3CCSSCCN)c2n1,6.2306
419305,NCCSSCCc1ccccc1Cn1nnc2c(nc(nc12)C(F)(F)c1ccccc1)N1CCC(F)(F)C1,6.6383
419306,CC(C)(C)c1nc(N2CCC(F)(F)C2)c2nnn(Cc3ccccc3CCSSCC(O)CO)c2n1,6.8697
419307,CC(C)(C)c1cc(N2CCC(F)(F)C2)c2nnn(Cc3ccccc3SSCCO)c2n1,6.2518
419308,CC(C)(C)c1cc(N2CCC(F)(F)C2)c2nnn(Cc3ccccc3SSc3ccccn3)c2n1,5.5889
419309,CC(C)(C)c1nc(N2CCC(F)(F)C2)c2nnn(Cc3c(cccc3S(F)(=O)=O)C#C)c2n1,6.5072
419314,CC(C)(C)c1nc(N2CCC(F)(F)C2)c2nn(Cc3c(cccc3C3(N=N3)C(F)(F)F)C#C)nc2n1,6.2343
419316,O[C@H]1CCN(C1)c1nc(nc2nn(Cc3c(cccc3C3(N=N3)C(F)(F)F)C#C)nc12)C(F)(F)c1ccccc1,5.2629
532445,CC(C)(C)[C@H](CO)NC(=O)c1nn(c2[C@@H]3C[C@@H]3Cc12)-c1c[n+]([O-])ccn1,7.0101
532446,CC(C)(C)[C@H](CC(N)=O)NC(=O)c1nn(c2[C@H]3C[C@H]3Cc12)-c1c[n+]([O-])ccn1,8.8386
532448,CC(C)(C)[C@@H](NC(=O)c1nn(c2[C@@H]3C[C@@H]3Cc12)-c1c[n+]([O-])ccn1)OCC(N)=O,8.4202
576352,CCCCCc1cc(O)c(C2C=C(C)CC[C@@H]2C(C)=C)c(O)c1C(=O)OC,6.0079
579472,CCCc1cc(O)c(C2C=C(C)CC[C@@H]2C(C)=C)c(O)c1,6.5317
579473,CCCCCc1cc(O)c(C2C=C(C)CC[C@@H]2C(C)=C)c(O)c1,6.4622
579474,CCCCCc1cc(O)c(C2C=C(C)CC[C@@H]2C(C)=C)c(O)c1C(=O)OCCO,6.4449
579476,CCCCCc1cc(O)c(C2C=C(C)CC[C@@H]2C(C)=C)c(O)c1C(=O)OCC(O)CCC,8.5086
614234,CN(C)S(=O)(=O)c1ccc(NCc2cn(C[C@@H]3CC[C@@H]4[C@@H](C3)c3c(OC(C)=O)cc(cc3OC4(C)C)C(C)(C)CCCCCCCl)nn2)c2nonc12,6.9788
614238,CC(C)(CCCCCCCl)c1cc(O)c2[C@@H]3C[C@H](COC(=O)c4cc5cc6CCCN7CCCc(c67)c5oc4=O)CC[C@H]3C(C)(C)Oc2c1,6.9788
614239,CC(C)(CCCCCCCl)c1cc(O)c2[C@@H]3C[C@H](COC(=O)CCCNC(=O)c4cc5cc6CCCN7CCCc(c67)c5oc4=O)CC[C@H]3C(C)(C)Oc2c1,6.9788
614241,CCCCCCC(C)(C)c1cc(OC(=O)c2cc3cc4CCCN5CCCc(c45)c3oc2=O)c2[C@@H]3CC(=O)CC[C@H]3C(C)(C)Oc2c1,6.9788
614242,CCCCCCC(C)(C)c1cc(OC(=O)c2cc3ccc(OC)cc3oc2=O)c2[C@@H]3CC(=O)CC[C@H]3C(C)(C)Oc2c1,6.9788
614243,CCCCCCC(C)(C)c1cc(OC(=O)C(C)(C)CNC(=O)c2cc3cc4CCCN5CCCc(c45)c3oc2=O)c2[C@@H]3CC(=O)CC[C@H]3C(C)(C)Oc2c1,6.2218
614248,CCCCCCC(C)(C)c1cc(OC(=O)C(C)(C)CCNC(=O)c2cc3ccc(OC)cc3oc2=O)c2[C@@H]3CC(=O)CC[C@H]3C(C)(C)Oc2c1,6.9788
614251,CCCCCCC(C)(C)c1cc(OC(=O)[C@H]2COC(C)(C)O2)c2[C@@H]3CC(=O)CC[C@H]3C(C)(C)Oc2c1,6.9788
614253,CCCCCCC(C)(C)c1cc(OC(=O)C2(C)COC(C)(C)OC2)c2[C@@H]3CC(=O)CC[C@H]3C(C)(C)Oc2c1,6.9788
614257,CCCCCCC(C)(C)c1cc(OC(=O)C2CCCC2)c2[C@@H]3CC(=O)CC[C@H]3C(C)(C)Oc2c1,6.9788
614258,CCCCCCC(C)(C)c1cc(OC(=O)C2(CCCC2)OC)c2[C@@H]3CC(=O)CC[C@H]3C(C)(C)Oc2c1,6.2218
614259,CCCCCCC(C)(C)c1cc(OC(=O)C2(CCOC2)OC)c2[C@@H]3CC(=O)CC[C@H]3C(C)(C)Oc2c1,6.9788
614261,CCCCCCC(C)(C)c1cc(OC(=O)C2(CCOCC2)OC)c2[C@@H]3CC(=O)CC[C@H]3C(C)(C)Oc2c1,6.9788
614264,CCCCCCC(C)(C)c1cc(OC(=O)C(C)(CO)CO)c2[C@@H]3CC(=O)CC[C@H]3C(C)(C)Oc2c1,6.2218
616057,Cc1cc(Cn2nc3c(-c4cc(C)nc(C)c4)c(nc(N)n3c2=O)-c2ccccc2)no1,4.2967
616065,Cc1ocnc1Cn1nc2c(-c3cc(C)nc(C)c3)c(nc(N)n2c1=O)-c1ccccc1,4.4023
616074,Cc1ocnc1Cn1nc2c(-c3cc(C)nc(C)c3)c(nc(N)n2c1=O)-c1ccc(F)cc1,4.5834
616086,Cc1cc(Cn2nc3c(-c4cc(C)nc(CO)c4)c(nc(N)n3c2=O)-c2ccccc2)no1,4.061
616093,Cc1cc(cc(CO)n1)-c1c(nc(N)n2c1nn(Cc1nccn1C)c2=O)-c1ccc(F)cc1,4.065
616094,Cc1ocnc1Cn1nc2c(-c3cc(C)nc(CO)c3)c(nc(N)n2c1=O)-c1ccc(F)cc1,4.0953
616103,COc1cc(cc(CO)n1)-c1c(nc(N)n2c1nn(Cc1ncoc1C)c2=O)-c1ccccc1,4.1759
616107,COc1cc(cc(CO)n1)-c1c(nc(N)n2c1nn(Cc1ncoc1C)c2=O)-c1ccc(F)cc1,4.3893
616122,Cc1cc(cc(C)n1)-c1c(nc(N)n2c1nn(C[C@H]1CC(F)(F)CN1)c2=O)-c1ccccc1,4.4389
616150,Cc1cc(cc(C)n1)-c1c(nc(N)n2c1nn(CCN1CCCC1c1cccs1)c2=O)-c1ccccc1,4.5346
616153,Cc1cc(cc(C)n1)-c1c(nc(N)n2c1nn(CC1CCCN1Cc1ccccc1CN)c2=O)-c1ccccc1,4.1169
628471,C[C@H](NC(=O)c1nn(Cc2ccc(F)cc2)c2ccccc12)c1cccc(c1)C(N)=O,8.1549
628472,CC(C)(NC(=O)c1nn(Cc2ccc(F)cc2)c2ccccc12)c1cccc(c1)C(N)=O,8.3979
628477,CC(C)(NC(=O)c1nn(Cc2ccc(F)cc2F)c2ccccc12)c1cccc(c1)C(N)=O,7.7447
628487,CC(C)(NC(=O)c1nn(Cc2ccc(F)cc2)c2ccccc12)C1CCCN(CC(N)=O)C1,7.3188
50000727,CCCCCCC(C)(C)c1cc(O)c2C3CC(CO)=CC[C@H]3C(C)(C)Oc2c1,9.3872
50000729,"CCCCCc1cc(O)c2C3C=C(C)CC[C@H]3C(C)(C)Oc2c1, CCCCCc1cc(O)c2C3C=C(C)CC[C@H]3C(C)(C)Oc2c1",8.056
50005908,"CN(C)CCNc1cnn(C2CC(C)(C)CC(C)(C)C2)c(=O)c1Br, CN(C)CCNc1cnn(C2CC(C)(C)CC(C)(C)C2)c(=O)c1Br",5.1301
50005917,CC(C)(C)NC(=O)c1nn(c2[C@@H]3CC[C@@H](C3)c12)-c1ccc(F)cc1F,6.0066
50005920,"CCCCCCC(C)(C)c1cc(O)c2[C@@H]3CC(=CC[C@H]3C(C)(C)Oc2c1)C(O)=O, CCCCCCC(C)(C)c1cc(O)c2[C@@H]3CC(=CC[C@H]3C(C)(C)Oc2c1)C(O)=O",7.8695
50005922,CCCCCCC(C)(C)c1cc(OC)c(c(OC)c1)[C@]1(O)CCC[C@@H](C)C1,5.2963
50006229,COc1cccc2c(nn(CCN3CCOCC3)c12)C(=O)N[C@H]1[C@@]2(C)CC[C@H](C2)C1(C)C,7.6198
50006252,COc1cccc2c(cn(CCN3CCOCC3)c12)C(=O)N[C@H]1[C@@]2(C)CC[C@H](C2)C1(C)C,6.6108
50006253,COCCn1c(C)c(C)s\c1=N/C(=O)C1C(C)(C)C1(C)C,6.5654
50006254,CCCCCCC(C)(C)c1cc(O)c([C@H]2CC(=O)[C@H]3C[C@@H]2C3(C)C)c(OC(=O)\C=C\C(O)=O)c1,6.4763
50006416,Cc1c2CCCCn2c(=O)c2cc(OC(=O)C(C)(C)C)cc(OC(=O)C(C)(C)C)c12,5.58
50009854,O=C(c1cn(CCN2CCOCC2)c2ccccc12)c1cccc2ccccc12,7.0862
50009864,Cc1c(C(=O)c2cccc3ccccc23)c2ccccc2n1CCN1CCOCC1,6.1952
50011306,Cc1nn2c(nn(Cc3ccc(nc3)C(F)(F)F)c2=O)c(-c2ccncc2)c1-c1ccc(Cl)cc1,6.6778
50011307,COc1nn2c(nn(Cc3ccc(nc3)C(F)(F)F)c2=O)c(-c2ccncc2)c1-c1ccc(Cl)cc1,8
50011308,FC(F)(F)c1ccc(Cn2nc3c(-c4ccncc4)c(-c4ccc(Cl)cc4)c(=O)[nH]n3c2=O)cn1,5.3979
50011309,Cn1n2c(nn(Cc3ccc(nc3)C(F)(F)F)c2=O)c(-c2ccncc2)c(-c2ccc(Cl)cc2)c1=O,7.7447
50011310,Clc1ccc(cc1)-c1c(-c2ccncc2)c2nn(Cc3ccc(cc3)C#N)c(=O)n2n(Cc2ccc(cc2)C#N)c1=O,8.3768
50011311,Cn1nc2c(-c3ccncc3)c(-c3ccc(Cl)cc3)c(=O)n(Cc3ccc(cc3)C#N)n2c1=O,6.6696
50011312,Cn1nc2c(-c3ccc(Cl)cc3)c(-c3ccncc3)c(=O)n(Cc3ccc(cc3)C#N)n2c1=O,7.5376
50011313,Cn1nc2c(-c3ccc(Cl)cc3)c(-c3ccncc3)c(=O)n(Cc3ccc(nc3)C(F)(F)F)n2c1=O,7.5528
50011314,Cc1nc(ccc1Cn1n2c(nn(C)c2=O)c(-c2ccc(Cl)cc2)c(-c2ccncc2)c1=O)C(F)(F)F,8.0458
50011315,CCn1nc2c(-c3ccc(Cl)cc3)c(-c3ccncc3)c(=O)n(Cc3ccc(nc3)C(F)(F)F)n2c1=O,7.8239
50011316,CCn1nc2c(-c3ccc(Cl)cc3)c(-c3ccncc3)c(=O)n(Cc3ccc(nc3C)C(F)(F)F)n2c1=O,8.3468
50011317,CCn1nc2c(-c3ccc(Cl)cc3)c(-c3ccncc3C)c(=O)n(Cc3ccc(nc3C)C(F)(F)F)n2c1=O,8.0757
50011322,CCn1nc2c(-c3ccc(Cl)cc3)c(-c3ccc(cc3)C#N)c(=O)n(Cc3ccc(nc3C)C(F)(F)F)n2c1=O,8.8539
50011323,CCn1nc2c(-c3ccc(Cl)cc3)c(-c3ccc(C#N)c(C)c3)c(=O)n(Cc3ccc(nc3C)C(F)(F)F)n2c1=O,8.5229
50011324,CCc1nc(ccc1Cn1n2c(nn(CC)c2=O)c(-c2ccc(Cl)cc2)c(-c2ccc(cc2)C#N)c1=O)C(F)(F)F,8.7959
50011326,CC(C)n1nc2c(-c3ccc(Cl)cc3)c(-c3ccc(cc3)C#N)c(=O)n(Cc3ccc(nc3C)C(F)(F)F)n2c1=O,8.7212
50011328,CCCn1nc2c(-c3ccc(Cl)cc3)c(-c3ccc(cc3)C#N)c(=O)n(Cc3ccc(nc3C)C(F)(F)F)n2c1=O,8.7696
50011329,CCn1nc2c(-c3ccc(Cl)cc3)c(-c3ccc(cc3)C#N)c(=O)n(Cc3ccc(C)cc3)n2c1=O,7.9208
50011330,CCn1nc2c(-c3ccc(C)cc3)c(-c3ccc(cc3)C#N)c(=O)n(Cc3ccc(nc3C)C(F)(F)F)n2c1=O,8.5376
50011331,CCn1nc2c(-c3ccc(Cl)cc3)c(-c3ccc(cc3)C#N)c(=O)n(Cc3ccc(cc3)C#N)n2c1=O,8.301
50011332,CCn1nc2c(-c3ccc(Cl)cc3)c(-c3ccc(CO)nc3)c(=O)n(Cc3ccc(nc3C)C(F)(F)F)n2c1=O,8.301
50011333,CCn1nc2c(-c3ccc(Cl)cc3)c(-c3cnc(C)nc3)c(=O)n(Cc3ccc(nc3C)C(F)(F)F)n2c1=O,8.3279
50011334,CCn1nc2c(-c3ccc(Cl)cc3)c(-c3ccncc3F)c(=O)n(Cc3ccc(nc3C)C(F)(F)F)n2c1=O,8.4949
50011335,CCn1nc2c(-c3ccc(Cl)cc3)c(-c3cnn(C)c3)c(=O)n(Cc3ccc(cc3)C#N)n2c1=O,7.0362
50011336,CCn1nc2c(-c3ccc(Cl)cc3)c(-c3cnc(nc3)N(C)C)c(=O)n(Cc3ccc(cc3)C#N)n2c1=O,7.1135
50019392,CCCCCCC(C)(C)c1cc(OC(C)=O)c2[C@@H]3CC(=CC[C@H]3C(C)(C)Oc2c1)C(O)=O,6.202
50029928,CC1CCC(CC1)NC(=O)c1cc2cccnc2n(CCCCF)c1=O,5.9952
50029958,"CC1CCC(CC1)NC(=O)c1cc2cc(Br)cnc2n(Cc2ccc(F)cc2)c1=O, CC1CCC(CC1)NC(=O)c1cc2cc(Br)cnc2n(Cc2ccc(F)cc2)c1=O",7.8937
50029959,CC1CCC(CC1)NC(=O)c1cc2cc(Br)cnc2n(CCN2CCOCC2)c1=O,6.1249
50029961,C[C@H]1CC[C@@H](CC1)NC(=O)c1cc2cc(cnc2n(Cc2ccc(F)cc2)c1=O)-c1ccco1,7.0655
50029962,"C[C@H]1CC[C@H](CC1)NC(=O)c1cc2cc(cnc2n(Cc2ccc(F)cc2)c1=O)-c1ccco1, C[C@H]1CC[C@H](CC1)NC(=O)c1cc2cc(cnc2n(Cc2ccc(F)cc2)c1=O)-c1ccco1",6.8465
50029963,CC1CCC(CC1)NC(=O)c1cc2cc(cnc2n(CCN2CCOCC2)c1=O)-c1cccs1,7.4815
50029964,CC1CCC(CC1)NC(=O)c1cc2cc(cnc2n(CCN2CCOCC2)c1=O)-c1ccc(F)cc1,7.1739
50029965,CC1CCC(CC1)NC(=O)c1cc2cc(cnc2n(CCN2CCOCC2)c1=O)-c1ccco1,7.2757
50029966,CCCCn1c2ncccc2cc(C(=O)NC2CCC(C)CC2)c1=O,5.6356
50029967,CCCCCn1c2ncccc2cc(C(=O)NC2CCC(C)CC2)c1=O,6.0419
50029972,CC1CCC(CC1)NC(=O)c1cc2cc(cnc2n(Cc2ccc(F)cc2)c1=O)-c1ccco1,5.4629
50029974,C[C@H]1CC[C@H](CC1)NC(=O)c1cc2cc(cnc2n(Cc2ccc(F)cc2)c1=O)-c1cccs1,6.3261
50029975,C[C@H]1CC[C@@H](CC1)NC(=O)c1cc2cc(cnc2n(Cc2ccc(F)cc2)c1=O)-c1cccs1,6.3665
50029976,CC1CCC(CC1)NC(=O)c1cc2cc(cnc2n(Cc2ccc(F)cc2)c1=O)-c1cccs1,5.4841
50029977,COc1ccc(cc1)-c1cnc2n(Cc3ccc(F)cc3)c(=O)c(cc2c1)C(=O)NC1CCC(C)CC1,5.4865
50029978,C[C@H]1CC[C@H](CC1)NC(=O)c1cc2cc(Br)cnc2n(Cc2ccc(F)cc2)c1=O,6.9172
50029979,C[C@H]1CC[C@@H](CC1)NC(=O)c1cc2cc(Br)cnc2n(Cc2ccc(F)cc2)c1=O,6.7799
50029980,CC1CCC(CC1)NC(=O)c1cc2cccnc2n(CCCCCCF)c1=O,7.4437
50029989,CC1CCC(CC1)NC(=O)c1cc2cccnc2n(CCCCCF)c1=O,7.6383
50032565,Cc1ccc(C(=O)c2cn(CCN3CCOCC3)c3ccccc23)c2ccccc12,7.699
50032568,Oc1ccc2n(CCN3CCOCC3)cc(C(=O)c3cccc4ccccc34)c2c1,5.547
50032599,COc1ccc(C(=O)c2cn(CCN3CCOCC3)c3ccccc23)c2ccccc12,7.0555
50038644,CCCCC\C=C/C\C=C/C\C=C/C\C=C/CCCC(=O)NC(C)CO,6.8539
50040901,Brc1cccc2[nH]c3nc(SCc4ccccc4C#N)nnc3c12,5.4949
50040934,N#Cc1ccccc1CSc1nnc2c(n1)n(Cc1ccccc1)c1ccccc21,7.2147
50040935,Fc1ccccc1CSc1nnc2c3ccccc3n(Cc3ccccc3)c2n1,6.5607
50044126,"CC1(C)C(Cc2ccc(F)cc2NC(=O)Nc2ccc(cc2)S(N)(=O)=O)C(=O)N(C1=O)c1ccc(F)c(c1)C(F)(F)F, CC1(C)C(Cc2ccc(F)cc2NC(=O)Nc2ccc(cc2)S(N)(=O)=O)C(=O)N(C1=O)c1ccc(F)c(c1)C(F)(F)F",8.0229
50044128,Cc1c(nn(c1-c1ccc(cc1)C#CCCC#N)-c1ccc(Cl)cc1Cl)C(=O)NN1CCS(=O)(=O)CC1,9
50044129,"CCc1c(nn(c1-c1ccc(s1)C#Cc1ccc(cc1)C(F)(F)F)-c1ccc(Cl)cc1Cl)C(=O)NN1CCCCC1, CCc1c(nn(c1-c1ccc(s1)C#Cc1ccc(cc1)C(F)(F)F)-c1ccc(Cl)cc1Cl)C(=O)NN1CCCCC1",8.2968
50048063,CCC\C=C\C\C=C\CCC\C=C\C=C\C(=O)NCC(C)CC,6.5086
50048065,CCC\C=C/C#C\C=C/C=C/CC\C=C\C=C\C(=O)NCC(C)C,5.0655
50053357,CCCCCCCCCc1cc(O)c2[C@@H]3CC(CO)=CC[C@H]3C(C)(C)Oc2c1,9.1367
50053359,CCCCCCCCCc1cc(O)c2[C@@H]3CC(C)=CC[C@H]3C(C)(C)Oc2c1,9.1135
50054470,CCCCC\C=C/C\C=C/C\C=C/C\C=C/CCCC(=O)NCc1ccc(O)cc1,6.699
50054471,"CCCCC\C=C/C\C=C/C\C=C/C\C=C/CCCC(=O)Nc1ccc(O)cc1, CCCCC\C=C/C\C=C/C\C=C/C\C=C/CCCC(=O)Nc1ccc(O)cc1",5.7892
50054473,"CCCCC\C=C/C\C=C/C\C=C/C\C=C/CCCC(=O)N(C)CCO, CCCCC\C=C/C\C=C/C\C=C/C\C=C/CCCC(=O)N(C)CCO",5.2918
50055267,CCCCCCC(C)(C)c1cc(O)cc(OCCCCCCCC(=O)NCC=C)c1,8.1427
50055432,CCCCCc1cc(O)cc(OCCCCCCCCCCC(=O)NN(C)C)c1,6.0726
50055434,CCCCCc1cc(O)cc(OCCCCCCCCCCC(=O)NN2CCCCC2)c1,5.7491
50055435,CCCCCc1cc(O)cc(OCCCCCCCCCCCCNC2CC2)c1,6.0809
50055436,CCCCCc1cc(O)cc(OCCCCCCCCCCCNC2CC2)c1,5.6819
50055437,CCCCCc1cc(O)cc(OCCCCCCCCCCCNCc2ccccc2)c1,5.9066
50055438,CCCCCc1cc(O)cc(OCCCCCCCCCCCNCC=C)c1,5.9431
50055439,CCCCCc1cc(O)cc(OCCCCCCCCCN[C@H](C)CO)c1,5.9747
50055442,CCCCCCc1ccc(O)cc1OCCCCCCCCCCCNC(=O)C1CC1,6.0458
50055443,CCCCCCC(C)(C)c1cc(O)cc(OCCCCCCCCCCCNC(=O)C2CC2)c1,5.684
50055444,CCCCCc1cc(O)cc(OCCCCCCCCCCCNC(=O)C2CC2)c1,5.5575
50055451,CCCCCCC(C)(C)c1cc(O)cc(OCCCCCCCC(=O)NCC(F)(F)F)c1,6.4012
50055452,CCCCCc1cc(O)cc(OCCCCCCCCCCC(=O)NCC(F)(F)F)c1,6.3585
50055453,CCCCCc1cc(O)cc(OCCCCCCCCCCC(=O)NCC=C)c1,6.8665
50055456,CCCCCCC(C)(C)c1cc(O)cc(OCCCCCCCCCCC(=O)NC(CO)CO)c1,5.7235
50055457,CCCCCCC(C)(C)c1cc(O)cc(OCCCCCCCC(=O)NC(CO)CO)c1,6.7496
50055460,CCCCCCC(C)(C)c1cc(O)cc(OCCCCCCCCCCC(=O)N[C@H](C)CO)c1,6.8794
50055461,CCCCCCC(C)(C)c1cc(O)cc(OCCCCCCCC(=O)N[C@H](C)CO)c1,7.7696
50055462,CCCCCc1cc(O)cc(OCCCCCCCCCCC(=O)N[C@H](C)CO)c1,6.5784
50055463,CCCCCc1cc(O)cc(OCCCCCCCC(=O)N[C@H](C)CO)c1,7.8861
50055564,CCCCCc1cc(O)c2c(OC3=C(CC[C@H](C)C3)C2(C)C)c1,5.6778
50055565,CCCCCc1cc(O)c2c(OC3=C(CC[C@@H](C)C3)C2(C)C)c1,5.9586
50055567,C[C@@H]1CCC2=C(C1)c1c(O)cc(C)cc1OC2(C)C,6
50055571,CCCCCc1cc(O)c2C3=C(CC[C@H](C)C3)C(C)(C)Oc2c1,8.301
50055572,CCCCCc1cc(O)c2C3=C(CC[C@@H](C)C3)C(C)(C)Oc2c1,7.5376
50056457,"CCCCC\C=C/C\C=C/C\C=C/CCCCCCC(=O)NCCO, CCCCC\C=C/C\C=C/C\C=C/CCCCCCC(=O)NCCO",6.7479
50056458,CCCCC\C=C/C\C=C/C\C=C/C\C=C/CCCC(=O)NCCC(C)C,5.7305
50056460,"CCCCC\C=C/C\C=C/C\C=C/C\C=C/CCC(C)C(=O)NCCO, CCCCC\C=C/C\C=C/C\C=C/C\C=C/CCC(C)C(=O)NCCO",7.0695
50056461,"CCCCC\C=C/C\C=C/C\C=C/C\C=C/CCCC(=O)NCCOC, CCCCC\C=C/C\C=C/C\C=C/C\C=C/CCCC(=O)NCCOC, CCCCC\C=C/C\C=C/C\C=C/C\C=C/CCCC(=O)NCCOC",5.8906
50056463,"CCCCC\C=C/C\C=C/C\C=C/C\C=C/CCCC(=O)NCCCO, CCCCC\C=C/C\C=C/C\C=C/C\C=C/CCCC(=O)NCCCO, CCCCC\C=C/C\C=C/C\C=C/C\C=C/CCCC(=O)NCCCO",7.0162
50056464,"CCCCC\C=C/C\C=C/C\C=C/C\C=C/CCC(C)(C)C(=O)NCCO, CCCCC\C=C/C\C=C/C\C=C/C\C=C/CCC(C)(C)C(=O)NCCO",7.3576
50056467,CCCCC\C=C/C\C=C/C\C=C/C\C=C/CCCC(=O)NCCCC,7.5229
50056468,CCCCC\C=C/C\C=C/C\C=C/C\C=C/CCCC(=O)NCCC,8.1367
50056470,CCCCC\C=C/C\C=C/C\C=C/C\C=C/CCCC(=O)NCCCCO,6.6576
50056484,CC\C=C\C\C=C/C\C=C/C\C=C/C\C=C\CCCC(=O)NCCO,5.8327
50056489,CCCCC\C=C/C\C=C/C\C=C/C\C=C/CCCC(N)=O,5.0177
50056493,CC\C=C\C\C=C/C\C=C/C\C=C/C\C=C/C\C=C\CCC(=O)NCCO,4.9136
50060617,CCCCC\C=C/C\C=C/C\C=C/C\C=C/CCC(C)C(=O)NCCF,8.2366
50061108,CCCCCCC(C)(C)c1cc(O)c-2c(OC(C)(C)c3ccc(CO)cc-23)c1,10
50061113,"CCCCCCC(C)(C)c1cc(O)c-2c(OC(C)(C)c3ccc(C)cc-23)c1, CCCCCCC(C)(C)c1cc(O)c-2c(OC(C)(C)c3ccc(C)cc-23)c1",8.8495
50061117,"CCCCCc1cc(O)c-2c(OC(C)(C)c3ccc(C)cc-23)c1, CCCCCc1cc(O)c-2c(OC(C)(C)c3ccc(C)cc-23)c1, CCCCCc1cc(O)c-2c(OC(C)(C)c3ccc(C)cc-23)c1, CCCCCc1cc(O)c-2c(OC(C)(C)c3ccc(C)cc-23)c1, CCCCCc1cc(O)c-2c(OC(C)(C)c3ccc(C)cc-23)c1",6.8039
50061196,CCCCCc1cc2OC(C)(C)C3CCC(C)=CC3c2c2OCCCc12,7.3872
50062494,COc1ccc(cc1)-c1cc(C)c(OC)c(c1)C(=O)NC1CCCCCC1,4.7814
50062498,"COc1c(C)cc(cc1C(=O)NC1CCCCCC1)-c1ccccc1, COc1c(C)cc(cc1C(=O)NC1CCCCCC1)-c1ccccc1",6.1218
50062499,COc1c(C)cc(cc1C(=O)N[C@H]1CC[C@H](C)CC1)-c1ccccc1,5.8153
50062501,COc1c(C)cc(cc1C(=O)N[C@@H]1CC[C@H](C)CC1)-c1ccccc1,5.9626
50062502,COc1c(C)cc(cc1C(=O)NC1CCCCCC1)-c1ccc(F)cc1,6.7959
50062504,COc1c(C)cc(cc1C(=O)N[C@H]1CC[C@H](C)CC1)-c1ccc(F)cc1,6.2076
50062505,COc1c(C)cc(cc1C(=O)N[C@@H]1CC[C@H](C)CC1)-c1ccc(F)cc1,6.7447
50062506,CCCCc1cc(cc(C(=O)NC2CCCCCC2)c1OC)-c1ccc(OC)cc1,5.8256
50062507,CCCCc1cc(cc(C(=O)N[C@H]2CC[C@H](C)CC2)c1OC)-c1ccc(OC)cc1,5.6394
50062508,CCCCc1cc(cc(C(=O)N[C@@H]2CC[C@H](C)CC2)c1OC)-c1ccc(OC)cc1,5.8097
50063884,"CCCCCCC1(CC1)c1cc(O)c2[C@@H]3CC(C)=CC[C@H]3C(C)(C)Oc2c1, CCCCCCC1(CC1)c1cc(O)c2[C@@H]3CC(C)=CC[C@H]3C(C)(C)Oc2c1, CCCCCCC1(CC1)c1cc(O)c2[C@@H]3CC(C)=CC[C@H]3C(C)(C)Oc2c1",9.2388
50063885,"CCCCCCC1(SCCS1)c1cc(O)c2[C@@H]3CC(C)=CC[C@H]3C(C)(C)Oc2c1, CCCCCCC1(SCCS1)c1cc(O)c2[C@@H]3CC(C)=CC[C@H]3C(C)(C)Oc2c1",9.4925
50063886,"CCCCCCC(=O)c1cc(O)c2[C@@H]3CC(C)=CC[C@H]3C(C)(C)Oc2c1, CCCCCCC(=O)c1cc(O)c2[C@@H]3CC(C)=CC[C@H]3C(C)(C)Oc2c1",7.6606
50067498,"CCCCCCC(C)(C)c1cc(O)c2[C@H]3CC(CO)=CC[C@@H]3C(C)(C)Oc2c1, CCCCCCC(C)(C)c1cc(O)c2[C@H]3CC(CO)=CC[C@@H]3C(C)(C)Oc2c1",7.7258
50067499,"CCCCCCC(C)(C)c1cc(O)c2[C@@H]3CC(CO)=CC[C@H]3C(C)(C)Oc2c1, CCCCCCC(C)(C)c1cc(O)c2[C@@H]3CC(CO)=CC[C@H]3C(C)(C)Oc2c1, CCCCCCC(C)(C)c1cc(O)c2[C@@H]3CC(CO)=CC[C@H]3C(C)(C)Oc2c1, CCCCCCC(C)(C)c1cc(O)c2[C@@H]3CC(CO)=CC[C@H]3C(C)(C)Oc2c1, CCCCCCC(C)(C)c1cc(O)c2[C@@H]3CC(CO)=CC[C@H]3C(C)(C)Oc2c1, CCCCCCC(C)(C)c1cc(O)c2[C@@H]3CC(CO)=CC[C@H]3C(C)(C)Oc2c1",9.0316
50067728,CC1=CC[C@@H]2[C@@H](C1)c1c(O)cc(cc1OC2(C)C)C(C)(C)CCCCC(=O)Nc1ccc(Cl)cc1,6.7282
50067729,CC1=CC[C@@H]2[C@@H](C1)c1c(O)cc(cc1OC2(C)C)C(C)(C)CCCCC(=O)NCCc1ccc(cc1)S(N)(=O)=O,7.5376
50067730,"CC1=CC[C@@H]2[C@@H](C1)c1c(O)cc(cc1OC2(C)C)C(C)(C)CCCCC(=O)NN1CCCCC1, CC1=CC[C@@H]2[C@@H](C1)c1c(O)cc(cc1OC2(C)C)C(C)(C)CCCCC(=O)NN1CCCCC1",8.6338
50067731,CC1=CC[C@@H]2[C@@H](C1)c1c(O)cc(cc1OC2(C)C)C(C)(C)CCCCC(=O)NCc1ccc(cc1)S(N)(=O)=O,7.2218
50067732,CC1=CC[C@@H]2[C@@H](C1)c1c(O)cc(cc1OC2(C)C)C(C)(C)CCCCC(C#N)c1ccccc1,8.0362
50067733,CC1=CC[C@@H]2[C@@H](C1)c1c(O)cc(cc1OC2(C)C)C(C)(C)CCCCC(=O)Nc1ccc(Cl)cc1Cl,7.7447
50067734,"CCCCCc1cc(O)c2[C@@H]3CC(C)=CC[C@H]3C(C)(C)Oc2c1, CCCCCc1cc(O)c2[C@@H]3CC(C)=CC[C@H]3C(C)(C)Oc2c1, CCCCCc1cc(O)c2[C@@H]3CC(C)=CC[C@H]3C(C)(C)Oc2c1, CCCCCc1cc(O)c2[C@@H]3CC(C)=CC[C@H]3C(C)(C)Oc2c1",7.3236
50067735,"CCCCCCC(C)(C)c1cc(O)c2[C@@H]3CC(C)=CC[C@H]3C(C)(C)Oc2c1, CCCCCCC(C)(C)c1cc(O)c2[C@@H]3CC(C)=CC[C@H]3C(C)(C)Oc2c1, CCCCCCC(C)(C)c1cc(O)c2[C@@H]3CC(C)=CC[C@H]3C(C)(C)Oc2c1",9.0915
50067736,CC1=CC[C@@H]2[C@@H](C1)c1c(O)cc(cc1OC2(C)C)C(C)(C)CCCC(O)C#N,7.8861
50067737,"CC1=CC[C@@H]2[C@@H](C1)c1c(O)cc(cc1OC2(C)C)C(C)(C)CCCCOc1ccc(cc1)C#N, CC1=CC[C@@H]2[C@@H](C1)c1c(O)cc(cc1OC2(C)C)C(C)(C)CCCCOc1ccc(cc1)C#N",8.6734
50067738,CCN(CC)C(=O)CCCCC(C)(C)c1cc(O)c2[C@@H]3CC(C)=CC[C@H]3C(C)(C)Oc2c1,7.8861
50067739,CC1=CC[C@@H]2[C@@H](C1)c1c(O)cc(cc1OC2(C)C)C(C)(C)CCCCC(=O)Nc1ccc(cc1)S(N)(=O)=O,7.7212
50067740,"CC1=CC[C@@H]2[C@@H](C1)c1c(O)cc(cc1OC2(C)C)C(C)(C)CCCCC#N, CC1=CC[C@@H]2[C@@H](C1)c1c(O)cc(cc1OC2(C)C)C(C)(C)CCCCC#N",9.1003
50067741,CN(C)C(=O)CCCCC(C)(C)c1cc(O)c2[C@@H]3CC(C)=CC[C@H]3C(C)(C)Oc2c1,9.0655
50067742,"CC1=CC[C@@H]2[C@@H](C1)c1c(O)cc(cc1OC2(C)C)C(C)(C)CCCCCC#N, CC1=CC[C@@H]2[C@@H](C1)c1c(O)cc(cc1OC2(C)C)C(C)(C)CCCCCC#N",9.4604
50068666,"C(CC1=C\C(=C/c2cccc3ccccc23)c2ccccc12)N1CCOCC1, C(CC1=C\C(=C/c2cccc3ccccc23)c2ccccc12)N1CCOCC1, C(CC1=C\C(=C/c2cccc3ccccc23)c2ccccc12)N1CCOCC1, C(CC1=C\C(=C/c2cccc3ccccc23)c2ccccc12)N1CCOCC1",7.7673
50068667,"C(CC1=C\C(=C\c2cccc3ccccc23)c2ccccc12)N1CCOCC1, C(CC1=C\C(=C\c2cccc3ccccc23)c2ccccc12)N1CCOCC1",6.4311
50068668,"CC1=C(CCN2CCOCC2)c2ccccc2\C1=C/c1cccc2ccccc12, CC1=C(CCN2CCOCC2)c2ccccc2\C1=C/c1cccc2ccccc12",5.6865
50068669,"CC1=C(CCN2CCOCC2)c2ccccc2\C1=C\c1cccc2ccccc12, CC1=C(CCN2CCOCC2)c2ccccc2\C1=C\c1cccc2ccccc12, CC1=C(CCN2CCOCC2)c2ccccc2\C1=C\c1cccc2ccccc12, CC1=C(CCN2CCOCC2)c2ccccc2\C1=C\c1cccc2ccccc12",8.2856
50070942,Oc1cc(O)c2C[C@@H](OC(=O)c3cc(O)c(O)c(O)c3)[C@H](Oc2c1)c1cc(O)c(O)c(O)c1,4.4737
50072349,COc1ccc2n(C(=O)c3ccc(Cl)cc3Cl)c(C)c(CCN3CCOCC3)c2c1,5.3213
50072757,CCCCC\C=C/C\C=C/C\C=C/C\C=C/CCCC(=O)NCCF,8.0706
50072769,CCCCC\C=C/C\C=C/C\C=C/C\C=C/CCCC(=O)NCCCl,8.2757
50072775,"CCCCCCC(C)(C)c1ccc([C@@H]2C[C@H](O)CC[C@H]2CCCO)c(O)c1, CCCCCCC(C)(C)c1ccc([C@@H]2C[C@H](O)CC[C@H]2CCCO)c(O)c1, CCCCCCC(C)(C)c1ccc([C@@H]2C[C@H](O)CC[C@H]2CCCO)c(O)c1, CCCCCCC(C)(C)c1ccc([C@@H]2C[C@H](O)CC[C@H]2CCCO)c(O)c1, CCCCCCC(C)(C)c1ccc([C@@H]2C[C@H](O)CC[C@H]2CCCO)c(O)c1, CCCCCCC(C)(C)c1ccc([C@@H]2C[C@H](O)CC[C@H]2CCCO)c(O)c1, CCCCCCC(C)(C)c1ccc([C@@H]2C[C@H](O)CC[C@H]2CCCO)c(O)c1, CCCCCCC(C)(C)c1ccc([C@@H]2C[C@H](O)CC[C@H]2CCCO)c(O)c1, CCCCCCC(C)(C)c1ccc([C@@H]2C[C@H](O)CC[C@H]2CCCO)c(O)c1, CCCCCCC(C)(C)c1ccc([C@@H]2C[C@H](O)CC[C@H]2CCCO)c(O)c1, CCCCCCC(C)(C)c1ccc([C@@H]2C[C@H](O)CC[C@H]2CCCO)c(O)c1, CCCCCCC(C)(C)c1ccc([C@@H]2C[C@H](O)CC[C@H]2CCCO)c(O)c1, CCCCCCC(C)(C)c1ccc([C@@H]2C[C@H](O)CC[C@H]2CCCO)c(O)c1, CCCCCCC(C)(C)c1ccc([C@@H]2C[C@H](O)CC[C@H]2CCCO)c(O)c1, CCCCCCC(C)(C)c1ccc([C@@H]2C[C@H](O)CC[C@H]2CCCO)c(O)c1, CCCCCCC(C)(C)c1ccc([C@@H]2C[C@H](O)CC[C@H]2CCCO)c(O)c1, CCCCCCC(C)(C)c1ccc([C@@H]2C[C@H](O)CC[C@H]2CCCO)c(O)c1, CCCCCCC(C)(C)c1ccc([C@@H]2C[C@H](O)CC[C@H]2CCCO)c(O)c1, CCCCCCC(C)(C)c1ccc([C@@H]2C[C@H](O)CC[C@H]2CCCO)c(O)c1, CCCCCCC(C)(C)c1ccc([C@@H]2C[C@H](O)CC[C@H]2CCCO)c(O)c1, CCCCCCC(C)(C)c1ccc([C@@H]2C[C@H](O)CC[C@H]2CCCO)c(O)c1, CCCCCCC(C)(C)c1ccc([C@@H]2C[C@H](O)CC[C@H]2CCCO)c(O)c1, CCCCCCC(C)(C)c1ccc([C@@H]2C[C@H](O)CC[C@H]2CCCO)c(O)c1, CCCCCCC(C)(C)c1ccc([C@@H]2C[C@H](O)CC[C@H]2CCCO)c(O)c1, CCCCCCC(C)(C)c1ccc([C@@H]2C[C@H](O)CC[C@H]2CCCO)c(O)c1",8.8533
50074309,Cc1c(nn(c1-c1ccccc1)-c1ccc(Cl)cc1Cl)C(=O)NN1CCCCC1,6.9101
50074310,"Cc1c(nn(c1-c1ccc(N)cc1)-c1ccc(Cl)cc1Cl)C(=O)NN1CCCCC1, Cc1c(nn(c1-c1ccc(N)cc1)-c1ccc(Cl)cc1Cl)C(=O)NN1CCCCC1",7.0889
50074314,Cc1c(nn(c1-c1ccc(Br)cc1)-c1ccc(Cl)cc1Cl)C(=O)NN1CCCCC1,7.1135
50074324,Cc1c(nn(c1-c1ccc(Cl)cc1)-c1ccc(Cl)cc1)C(=O)NN1CCCCC1,7.2218
50074325,Cc1c(nn(c1-c1ccc(Br)cc1)-c1ccc(Cl)cc1Cl)C(=O)NCCO,5.9512
50080030,CCCCCCCc1cc(O)c2[C@@H]3CC(C)=CC[C@H]3C(C)(C)Oc2c1,7.6576
50080032,CCCCCCC1CCCc2c(O)c3[C@@H]4CC(C)=CC[C@H]4C(C)(C)Oc3cc12,7.6517
50080102,CCCCCn1ccc(c1)C(=O)c1cccc2ccccc12,7.0605
50080103,"Brc1ccc(cc1)C1(NC(=O)N(CCN2CCOCC2)C1=O)c1ccc(Br)cc1, Brc1ccc(cc1)C1(NC(=O)N(CCN2CCOCC2)C1=O)c1ccc(Br)cc1",7.154
50080104,"CCCCCCCN1C(=O)NC(C1=O)(c1ccc(Br)cc1)c1ccc(Br)cc1, CCCCCCCN1C(=O)NC(C1=O)(c1ccc(Br)cc1)c1ccc(Br)cc1",7.009
50080105,CCCCCCC(C)(C)c1cc(O)c2[C@@H]3CC(CO)CC[C@H]3C(C)(C)Oc2c1,9.0862
50080106,"OCCCN1C(=O)NC(C1=O)(c1ccc(Br)cc1)c1ccc(Br)cc1, OCCCN1C(=O)NC(C1=O)(c1ccc(Br)cc1)c1ccc(Br)cc1",6.9868
50082768,CCCCCn1c2ccccc2cc(C(=O)NC2CCC(C)CC2)c1=O,6.644
50082769,CC1CCC(CC1)NC(=O)c1c(O)c2cccnc2n(Cc2ccc(F)cc2)c1=O,6.857
50082771,CCCCn1c2ncccc2c(O)c(C(=O)NC2CCC(C)CC2)c1=O,6.1537
50082772,CC1CCC(CC1)NC(=O)c1c(O)c2cccnc2n(CCN2CCOCC2)c1=O,6.2007
50082773,CC1CCC(CC1)NC(=O)c1cc2ccccc2n(CCCO)c1=O,5.4247
50082774,CCCCn1c2ccccc2cc(C(=O)NC2CCC(C)CC2)c1=O,6.2588
50082775,CCCn1c2ccccc2cc(C(=O)NC2CCC(C)CC2)c1=O,5.5835
50082776,CC1CCC(CC1)NC(=O)c1cc2ccccc2n(CCN2CCOCC2)c1=O,6.0969
50082777,CC1CCC(CC1)NC(=O)c1cc2ccccc2n(Cc2ccc(F)cc2)c1=O,7.7212
50089956,CN(C)C1(CCOCC1)c1nc(co1)-c1cc(c(O)c(c1)C(C)(C)C)C(C)(C)C,6.0878
50089958,CC(C)(C)c1cc(cc(c1O)C(C)(C)C)-c1csc(n1)C1(CCOCC1)N1CCCCC1,5.6629
50089959,CCN(CC)C1(CCOCC1)c1nc(cs1)-c1cc(c(O)c(c1)C(C)(C)C)C(C)(C)C,5.4811
50089963,CNC1(CCOCC1)c1nc(cs1)-c1cc(c(O)c(c1)C(C)(C)C)C(C)(C)C,5.6434
50089964,CC(C)(C)c1cc(cc(c1O)C(C)(C)C)-c1csc(n1)C1(N)CCOCC1,5.1576
50089965,CN(C)C1(CCOCC1)c1nc(cs1)-c1cc(c(O)c(c1)C(C)(C)C)C(C)(C)C,6.067
50089968,CN(C)C1(CCSCC1)c1nc(cs1)-c1cc(c(O)c(c1)C(C)(C)C)C(C)(C)C,5.6302
50089970,CN(C)C1(CCOCC1)c1nc(cs1)-c1cc(cc(c1)C(C)(C)C)C(C)(C)C,5.327
50092342,CCCCCc1cc(O)c2[C@@H]3[C@H](O)[C@@](C)(O)CC[C@H]3C(C)(C)Oc2c1,5.2466
50092343,CCCCCc1cc2OC(C)(C)[C@@H]3CCC(COC(C)=O)=C[C@H]3c2c(O)c1C(O)=O,7.3279
50092344,CCCCCc1cc(O)c2[C@@H]3[C@@H]4O[C@]4(C)CC[C@H]3C(C)(C)Oc2c1,6.6498
50092345,CCCCCc1cc(O)c2[C@@H]3[C@@H](O)C(=C)CC[C@H]3C(C)(C)Oc2c1,6.9318
50092346,CCCCCc1cc(O)c2[C@@H]3[C@H](O)C(C)=CC[C@H]3C(C)(C)Oc2c1,6.0809
50092347,CCCCCc1cc(O)c2[C@@H]3[C@@H](O)C(C)=CC[C@H]3C(C)(C)Oc2c1,7.5086
50092348,CCCCCc1cc(O)c2[C@@H]3C=C(C)[C@@H](O)C[C@H]3C(C)(C)Oc2c1,5.7199
50092581,CCCCCCC(C)(C)c1ccc-2c(OC(C)(C)c3ccc(C)cc-23)c1,6.3625
50092582,CCCC(C)(C)c1ccc-2c(OC(C)(C)c3ccc(CO)cc-23)c1,6.6904
50092584,CCCCCCC(C)(C)c1ccc-2c(OC(C)(C)c3ccc(CO)cc-23)c1,8.699
50092585,CCCC(C)(C)c1ccc(c(O)c1)-c1cc(C)ccc1C(C)C,6.058
50092586,CCCCCCC(C)(C)c1cc(O)c-2c(OC(C)(C)c3ccc(cc-23)C(=O)OC)c1,7.8539
50092588,CCCCCCC(C)(C)c1ccc(c(O)c1)-c1cc(C)ccc1C(C)C,7.4815
50092589,CCCCCCC(C)(C)c1ccc-2c(OC(C)(C)c3ccc(cc-23)C(=O)OC)c1,6.2534
50092590,CCCC(C)(C)c1cc(O)c-2c(OC(C)(C)c3ccc(C)cc-23)c1,7.3768
50092591,CCCCCCC(C)(C)c1cc(OC)c-2c(OC(C)(C)c3ccc(cc-23)C(=O)OCCC)c1,5.7627
50092594,CCCCCCC(C)(C)c1cc(OC)c-2c(OC(C)(C)c3ccc(C)cc-23)c1,6.1669
50108987,COC[C@@H](COC(C)=O)N(C)C(=O)CC\C=C\CCCCC(Cl)CCCCCC(Cl)Cl,6.3872
50108988,COC[C@@H](COC(C)=O)N(C)C(=O)CC\C=C\CCCCC(Cl)CCCCCCCl,6.2291
50108989,C\C(CCCC\C=C\CC\C=C/C(=O)NC(CO)CO)=C/C=C/CCCC=C,6.3279
50110946,CCCCCCCn1nc(C(=O)NN2CCCCC2)c(C)c1-c1ccccc1,6.6925
50110949,CCCn1nc(C(=O)NN2CCCCC2)c(C)c1-c1ccccc1,5.4479
50110954,Cc1c(nn(C2CCCCC2)c1-c1ccccc1)C(=O)NN1CCCCC1,6.2182
50110959,CCCCCn1nc(C(=O)NN2CCCCC2)c(C)c1-c1ccc(Br)cc1,7.0862
50111511,CC(C)(C)c1ccc(cc1)C(=O)c1cc(O)c(c(O)c1)-c1cc(Cl)cc(Cl)c1,5.5971
50111513,Oc1cc(cc(O)c1-c1cc(Cl)cc(Cl)c1)C(=O)c1ccc(Cl)cc1,5.333
50111518,Oc1cc(cc(O)c1-c1cc(Cl)cc(Cl)c1)C(=O)C1CCCCC1,6.5243
50111519,Cc1ccc(cc1)C(=O)c1cc(O)c(c(O)c1)-c1cc(Cl)cc(Cl)c1,5.0255
50111521,CCc1ccc(cc1)C(=O)c1cc(O)c(c(O)c1)-c1cc(Cl)cc(Cl)c1,5.9439
50111545,CC(C)c1ccc(cc1)C(=O)c1cc(O)c(c(O)c1)-c1cc(Cl)cc(Cl)c1,5.4781
50111563,Oc1cc(cc(O)c1-c1cc(Cl)cc(Cl)c1)C(=O)c1cccc(c1)C(F)(F)F,5.3836
50114673,"Cc1c(nn(c1-c1ccc(Cl)cc1)-c1ccc(Cl)cc1Cl)C(=O)NC1CCCCC1, Cc1c(nn(c1-c1ccc(Cl)cc1)-c1ccc(Cl)cc1Cl)C(=O)NC1CCCCC1, Cc1c(nn(c1-c1ccc(Cl)cc1)-c1ccc(Cl)cc1Cl)C(=O)NC1CCCCC1, Cc1c(nn(c1-c1ccc(Cl)cc1)-c1ccc(Cl)cc1Cl)C(=O)NC1CCCCC1",8.2136
50114677,Cc1c(nn(c1-c1ccc(Cl)cc1)-c1ccc(Cl)cc1Cl)C(=O)NN,6.4271
50116851,COC(=O)[C@H](Cc1ccccc1)NC(=O)c1c(C)n(CCN2CCOCC2)c2c(OC)cccc12,5.3979
50116862,CCCCCOc1cc(\C=C\C(=O)N[C@@H](Cc2ccc(O)cc2)C(=O)OC)ccc1OC,5.2441
50116907,Cc1ccc(Cn2cc(cc2-c2ccc(Cl)c(C)c2)C(=O)N[C@@H]2C(C)(C)C3CC[C@@]2(C)C3)cc1,5.8327
50116908,Cc1ccc(Cn2cc(cc2-c2ccc(Cl)c(C)c2)C(=O)N[C@@H]2CC3CC[C@@]2(C)C3(C)C)cc1,6.4342
50116972,Cc1ccc(Cn2cc(cc2-c2ccc(Cl)c(C)c2)C(=O)N2CCCCC2)cc1,5.5129
50117177,CCCCC\C=C/C\C=C/C\C=C/C\C=C/CC[C@@H](C)C(=O)N[C@H](C)CO,8.1296
50117178,CCCCC\C=C/C\C=C/C\C=C/C\C=C/CC[C@H](C)C(=O)N[C@H](C)CO,6.7328
50117179,CCCCC\C=C/C\C=C/C\C=C/C\C=C/CC[C@H](C)C(=O)N[C@@H](C)CO,6.4101
50117180,CCCCC\C=C/C\C=C/C\C=C/C\C=C/CC[C@@H](C)C(=O)N[C@@H](C)CO,6.6326
50121425,"CCCCCCC1(CC1(Cl)Cl)c1cc(O)c2[C@@H]3CC(C)=CC[C@H]3C(C)(C)Oc2c1, CCCCCCC1(CC1(Cl)Cl)c1cc(O)c2[C@@H]3CC(C)=CC[C@H]3C(C)(C)Oc2c1, CCCCCCC1(CC1(Cl)Cl)c1cc(O)c2[C@@H]3CC(C)=CC[C@H]3C(C)(C)Oc2c1",8.8423
50121428,"CCCCCCC1(CC1(Br)Br)c1cc(O)c2[C@@H]3CC(C)=CC[C@H]3C(C)(C)Oc2c1, CCCCCCC1(CC1(Br)Br)c1cc(O)c2[C@@H]3CC(C)=CC[C@H]3C(C)(C)Oc2c1",9.1494
50123692,Clc1ccc(cc1)-c1cc(nn1-c1ccc(Cl)cc1Cl)C(=O)NN1CCCCC1,8.1079
50128092,COc1cccc2c(nn(CCN3CCOCC3)c12)C(=O)NC1[C@@]2(C)CC[C@H](C2)C1(C)C,7.6198
50128093,COc1cccc2c(nn(CCN3CCOCC3)c12)C(=O)NC(c1ccccc1)c1ccccn1,6.7905
50128094,COc1ccccc1Cn1ccc2n(CCN3CCOCC3)c3c(OC)cccc3c2c1=O,5.4318
50128095,COc1cccc2c(C(=O)NC3[C@@]4(C)CC[C@H](C4)C3(C)C)c(C)n(CCN3CCOCC3)c12,8.0969
50128100,COc1cccc2c(cn(CCN3CCOCC3)c12)C(=O)NC1[C@@]2(C)CC[C@H](C2)C1(C)C,6.6108
50130622,"CCCCCCC1(Sc2ccccc2S1)c1cc(O)c2[C@@H]3CC(C)=CC[C@H]3C(C)(C)Oc2c1, CCCCCCC1(Sc2ccccc2S1)c1cc(O)c2[C@@H]3CC(C)=CC[C@H]3C(C)(C)Oc2c1",7.2408
50130623,"CCCCCCC1(CCCC1)c1cc(O)c2[C@@H]3CC(C)=CC[C@H]3C(C)(C)Oc2c1, CCCCCCC1(CCCC1)c1cc(O)c2[C@@H]3CC(C)=CC[C@H]3C(C)(C)Oc2c1",9.3484
50130624,"CCCCCCC1(OCCO1)c1cc(O)c2[C@@H]3CC(C)=CC[C@H]3C(C)(C)Oc2c1, CCCCCCC1(OCCO1)c1cc(O)c2[C@@H]3CC(C)=CC[C@H]3C(C)(C)Oc2c1, CCCCCCC1(OCCO1)c1cc(O)c2[C@@H]3CC(C)=CC[C@H]3C(C)(C)Oc2c1",9.2883
50130625,"CCCCCCC1(SC(C)C(C)S1)c1cc(O)c2[C@@H]3CC(C)=CC[C@H]3C(C)(C)Oc2c1, CCCCCCC1(SC(C)C(C)S1)c1cc(O)c2[C@@H]3CC(C)=CC[C@H]3C(C)(C)Oc2c1",7.4929
50130626,CCCCCCC1(SCCCS1)c1cc(O)c2[C@@H]3CC(C)=CC[C@H]3C(C)(C)Oc2c1,8.7447
50130627,"CC1=CC[C@@H]2[C@@H](C1)c1c(O)cc(cc1OC2(C)C)C1SCCS1, CC1=CC[C@@H]2[C@@H](C1)c1c(O)cc(cc1OC2(C)C)C1SCCS1",6.7722
50133543,"CC1=CC[C@@H]2[C@@H](C1)c1c(O)cc(cc1OC2(C)C)C1(SCCS1)c1ccccc1, CC1=CC[C@@H]2[C@@H](C1)c1c(O)cc(cc1OC2(C)C)C1(SCCS1)c1ccccc1",7.7658
50133544,CC1=CC[C@@H]2[C@@H](C1)c1c(O)cc(cc1OC2(C)C)C(C)(C)C1CCCCC1,9.2441
50133545,CC1=CC[C@@H]2[C@@H](C1)c1c(O)cc(cc1OC2(C)C)C(=O)c1ccccc1,6.5272
50133546,"CC1=CC[C@@H]2[C@@H](C1)c1c(O)cc(cc1OC2(C)C)C(C)(C)c1ccccc1, CC1=CC[C@@H]2[C@@H](C1)c1c(O)cc(cc1OC2(C)C)C(C)(C)c1ccccc1",7.9155
50133547,"CC1=CC[C@@H]2[C@@H](C1)c1c(O)cc(cc1OC2(C)C)C1(SCCS1)C1CCCCC1, CC1=CC[C@@H]2[C@@H](C1)c1c(O)cc(cc1OC2(C)C)C1(SCCS1)C1CCCCC1",8.7259
50133548,"CC1=CC[C@@H]2[C@@H](C1)c1c(O)cc(Cc3ccccc3)cc1OC2(C)C, CC1=CC[C@@H]2[C@@H](C1)c1c(O)cc(Cc3ccccc3)cc1OC2(C)C",7.1688
50138895,Cc1ccc(cc1)S(=O)(=O)NC(=N)N1CC(C(=N1)c1ccc(Cl)cc1)c1ccccc1,6.7055
50138896,CN=C(NS(=O)(=O)c1ccc(cc1)C(F)(F)F)N1C[C@H](C(=N1)c1ccc(Cl)cc1)c1ccccc1,6.5331
50138897,CN=C(NS(=O)(=O)c1ccc2ccccc2c1)N1CC(C(=N1)c1ccc(Cl)cc1)c1ccccc1,7.6615
50138899,CN=C(NS(=O)(=O)c1cccc(Cl)c1)N1CC(C(=N1)c1ccc(Cl)cc1)c1ccccc1,7.857
50138900,CN=C(NS(=O)(=O)c1cccc(c1)C(F)(F)F)N1CC(C(=N1)c1ccc(Cl)cc1)c1ccccc1,7.4377
50138901,CN=C(NS(=O)(=O)c1ccc(C)cc1)N1CC(C(=N1)c1ccc(Cl)cc1)c1ccccc1,6.9245
50138902,Clc1ccc(cc1)C1=NN(CC1c1ccccc1)C(=N)NS(=O)(=O)c1ccc(Cl)cc1,7.7932
50138903,CSC(=NS(=O)(=O)c1ccc(cc1)C(F)(F)F)N1CC(C(=N1)c1ccc(Cl)cc1)c1ccccc1,7.7799
50138904,COc1ccc(cc1)S(=O)(=O)NC(=N)N1CC(C(=N1)c1ccc(Cl)cc1)c1ccccc1,6.7077
50138905,CN=C(NS(=O)(=O)c1ccc(Cl)cc1)N1CC(C(=N1)c1ccc(Cl)cc1)c1ccc(F)cc1,6.2336
50138906,CN(C)C(=NS(=O)(=O)c1ccc(Cl)cc1)N1CC(C(=N1)c1ccc(Cl)cc1)c1ccccc1,6.5528
50138907,CN=C(NS(=O)(=O)c1ccc(cc1)C(F)(F)F)N1CC(C(=N1)c1ccc(Cl)cc1)c1ccccc1,6.6556
50138908,CN=C(NS(=O)(=O)c1ccc(F)cc1)N1CC(C(=N1)c1ccc(Cl)cc1)c1ccccc1,6.4711
50138909,CN=C(NS(=O)(=O)c1ccccc1Cl)N1CC(C(=N1)c1ccc(Cl)cc1)c1ccccc1,7.1226
50138910,CN=C(NS(=O)(=O)c1ccc(Cl)cc1)N1CC(C(=N1)c1ccc(Cl)cc1)c1ccc(Cl)cc1,6.5935
50138911,CN=C(NS(=O)(=O)c1ccccc1)N1CC(C(=N1)c1ccc(Cl)cc1)c1ccccc1,6.7696
50138912,Cc1cc(C)c(c(C)c1)S(=O)(=O)NC(=N)N1CC(C(=N1)c1ccc(Cl)cc1)c1ccccc1,7.6162
50138913,CN=C(NS(=O)(=O)c1ccc(Cl)cc1)N1C[C@H](C(=N1)c1ccc(Cl)cc1)c1ccccc1,6.0487
50138915,CN=C(NS(=O)(=O)c1ccc(cc1)C(F)(F)F)N1C[C@@H](C(=N1)c1ccc(Cl)cc1)c1ccccc1,7.4449
50138916,CN=C(NS(=O)(=O)c1ccc(Cl)cc1)N1CC(C(=N1)c1ccc(F)cc1)c1ccccc1,6.6696
50138917,OC1(CN(N=C1c1ccc(Cl)cc1)C(=N)NS(=O)(=O)c1ccc(Cl)cc1)c1ccccc1,6.1469
50138918,CN=C(NS(=O)(=O)c1c(C)cc(C)cc1C)N1CC(C(=N1)c1ccc(Cl)cc1)c1ccccc1,7.266
50138919,Fc1ccc(cc1)S(=O)(=O)NC(=N)N1CC(C(=N1)c1ccc(Cl)cc1)c1ccccc1,7.279
50138921,"COc1ccc(cc1)S(=O)(=O)NC(=NC)N1CC(C(=N1)c1ccc(Cl)cc1)c1ccccc1, COc1ccc(cc1)S(=O)(=O)NC(=NC)N1CC(C(=N1)c1ccc(Cl)cc1)c1ccccc1",7.3201
50138923,C\N=C(/NC(=O)c1ccc(Cl)cc1)N1CC(C(=N1)c1ccc(Cl)cc1)c1ccccc1,7.1512
50140215,Cc1c(nn(c1-c1ccc(Cl)cc1)-c1ccc(Cl)cc1Cl)C(=O)NN1CCCCCC1,7.8539
50140216,FC(F)(F)c1cccc(c1)N1CCN(CC1)C(=O)c1nc(-c2ccc(Cl)cc2)n(n1)-c1ccc(Cl)cc1Cl,7.4949
50140217,COc1cc(Cl)ccc1-c1nc(nn1-c1ccc(Cl)cc1Cl)C(=O)NC(C)C,6.4559
50140218,Clc1ccc(cc1)-n1nc(nc1-c1ccc(Cl)cc1Cl)C(=O)NC1CCN(Cc2ccccc2)C1,7.5376
50140219,Clc1ccc(cc1)-n1c(nc(C(=O)NN2CC3CCCC3C2)c1C#N)-c1ccc(Cl)cc1Cl,8.0458
50140220,"Clc1ccc(cc1)-n1cc(nc1-c1ccc(Cl)cc1Cl)C(=O)NN1CCCCC1, Clc1ccc(cc1)-n1cc(nc1-c1ccc(Cl)cc1Cl)C(=O)NN1CCCCC1",7.3545
50140221,Cc1c(nn(c1-c1ccc(Cl)cc1)-c1ccc(Cl)cc1Cl)C(=O)NN1CC2CCCC2C1,8.301
50140222,Clc1ccc(cc1)-n1c(Br)c(nc1-c1ccc(Cl)cc1Cl)C(=O)NN1CC2CCCC2C1,7.9586
50140223,Clc1ccc(cc1)-n1cc(nc1-c1ccc(Cl)cc1Cl)C(=O)NN1CCCCCC1,7.1079
50140224,"CN(C1CCCCC1)C(=O)c1nn(c(c1C)-c1ccc(Cl)cc1)-c1ccc(Cl)cc1Cl, CN(C1CCCCC1)C(=O)c1nn(c(c1C)-c1ccc(Cl)cc1)-c1ccc(Cl)cc1Cl, CN(C1CCCCC1)C(=O)c1nn(c(c1C)-c1ccc(Cl)cc1)-c1ccc(Cl)cc1Cl, CN(C1CCCCC1)C(=O)c1nn(c(c1C)-c1ccc(Cl)cc1)-c1ccc(Cl)cc1Cl",7.1903
50140225,CC(NC(=O)c1nc(-c2ccc(Cl)cc2Cl)n(n1)-c1ccc(Cl)cc1)c1ccc(Cl)cc1,7.1805
50140226,CC1CCC(CC1)NC(=O)c1nc(-c2ccc(Cl)cc2Cl)n(n1)-c1ccc(Cl)cc1,7.0269
50140227,Clc1ccc(cc1)-n1c(nc(C(=O)NN2CC3CCCC3C2)c1C#C)-c1ccc(Cl)cc1Cl,6.1135
50140228,Clc1ccc(cc1)-c1nc(nn1-c1ccc(Cl)cc1Cl)C(=O)NN1CC2CCCC2C1,6.7852
50140229,Clc1ccc(cc1)-n1nc(nc1-c1ccc(Cl)cc1Cl)C(=O)NC1CCc2ccccc12,6.9957
50140230,Cc1c(nn(c1-c1ccc(Cl)cc1)-c1ccc(Cl)cc1Cl)C(=O)NCCc1ccc(F)cc1,7.041
50140231,"Cc1c(nn(c1-c1ccc(Cl)cc1)-c1ccc(Cl)cc1Cl)C(=O)Nc1ccncc1, Cc1c(nn(c1-c1ccc(Cl)cc1)-c1ccc(Cl)cc1Cl)C(=O)Nc1ccncc1, Cc1c(nn(c1-c1ccc(Cl)cc1)-c1ccc(Cl)cc1Cl)C(=O)Nc1ccncc1",7.4028
50140232,"Cc1c(nc(-c2ccc(Cl)cc2Cl)n1-c1ccc(Cl)cc1)C(=O)NN1CC2CCCC2C1, Cc1c(nc(-c2ccc(Cl)cc2Cl)n1-c1ccc(Cl)cc1)C(=O)NN1CC2CCCC2C1",7.6259
50140233,CC(C)C(C)NC(=O)c1nn(c(c1C)-c1ccc(Cl)cc1)-c1ccc(Cl)cc1Cl,7.3872
50140234,Cc1c(nc(-c2ccc(Cl)cc2Cl)n1-c1ccc(Cl)cc1)C(=O)NCCc1ccc(Cl)cc1,7.4815
50140235,COc1cc(Cl)ccc1-c1nc(nn1-c1ccc(Cl)cc1Cl)C(=O)NN1CC2CCCC2C1,6.5686
50140236,Clc1ccc(cc1)-n1nc(nc1-c1ccc(Cl)cc1Cl)C(=O)NN1CC2CCCC2C1,6.8633
50140237,"Clc1ccc(cc1)-n1cc(nc1-c1ccc(Cl)cc1Cl)C(=O)NC1CCCCC1, Clc1ccc(cc1)-n1cc(nc1-c1ccc(Cl)cc1Cl)C(=O)NC1CCCCC1",7.8638
50140238,Clc1ccc(cc1)-n1cc(nc1-c1ccc(Cl)cc1Cl)C(=O)NN1CC2CCCC2C1,7.1805
50144609,CCCOC(=O)N1CCC(CC1)NC(=O)c1nn(c(c1C)-c1ccc(Cl)cc1)-c1ccc(Cl)cc1Cl,8.0555
50144610,Cc1c(nn(c1-c1ccc(Cl)cc1)-c1ccc(Cl)cc1Cl)C(=O)NC1CCN(CC1)S(=O)(=O)c1ccccc1,7.3665
50144611,CC(C)CS(=O)(=O)N1CCC(CC1)NC(=O)c1nn(c(c1C)-c1ccc(Cl)cc1)-c1ccc(Cl)cc1Cl,7.3565
50144612,Cc1c(nn(c1-c1ccc(Cl)cc1)-c1ccc(Cl)cc1Cl)C(=O)NC1CCN(CC1)S(=O)(=O)CCC(F)(F)F,8.0177
50144613,CCS(=O)(=O)N1CCC(CC1)NC(=O)c1nn(c(c1C)-c1ccc(Cl)cc1)-c1ccc(Cl)cc1Cl,7.3565
50144614,Cc1c(nn(c1-c1ccc(Cl)cc1)-c1ccc(Cl)cc1Cl)C(=O)NC1CCN(CC1)C(=O)c1ccccc1,8.1249
50144615,Cc1c(nn(c1-c1ccc(Cl)cc1)-c1ccc(Cl)cc1Cl)C(=O)NC1CCN(CC1)C(=O)C1CCCC1,8.0362
50144616,CC(C)CC(=O)N1CCC(CC1)NC(=O)c1nn(c(c1C)-c1ccc(Cl)cc1)-c1ccc(Cl)cc1Cl,7.5376
50144617,CCCCC(=O)N1CCC(CC1)NC(=O)c1nn(c(c1C)-c1ccc(Cl)cc1)-c1ccc(Cl)cc1Cl,7.8239
50144618,Cc1c(nn(c1-c1ccc(Cl)cc1)-c1ccc(Cl)cc1Cl)C(=O)NC1CCN(CC1)C(=O)C(F)(F)F,8.7212
50144619,CC(C)OC(=O)N1CCC(CC1)NC(=O)c1nn(c(c1C)-c1ccc(Cl)cc1)-c1ccc(Cl)cc1Cl,8.1938
50147009,"CCCCCCc1nc(-c2ccc(Cl)cc2)n(n1)-c1ccc(Cl)cc1Cl, CCCCCCc1nc(-c2ccc(Cl)cc2)n(n1)-c1ccc(Cl)cc1Cl",6.1407
50151870,CCCCCn1cc(C(=O)NC23CC4CC(CC(C4)C2)C3)c(=O)n2nc(nc12)-c1ccc(Cl)cc1,5.2827
50151913,CCCCCn1cc(C(=O)NC23CC4CC(C)(CC(C)(C4)C2)C3)c(=O)n2nc(nc12)-c1ccccc1,6.1851
50152102,Clc1ccc(c(Cl)c1)-n1nc(C(=O)NN2CCCCC2)c2Cc3cc(ccc3-c12)C1CC1,5.7324
50152109,Clc1ccc(c(Cl)c1)-n1nc(C(=O)NN2CCOCC2)c2Cc3cc(ccc3-c12)C1CC1,5.3944
50152110,Clc1ccc(c(Cl)c1)-n1nc(C(=O)NN2CCCC2)c2Cc3cc(ccc3-c12)C1CC1,5.3756
50153015,Oc1cc(O)c2C[C@@H](OC(=O)c3cc(O)c(O)c(O)c3)[C@H](Oc2c1)c1ccc(O)c(O)c1,4.3251
50154568,CCCCCn1cc(C(=O)NC23CC4CC(CC(C4)C2)C3)c(=O)n2nc(nc12)-c1ccc(OC)cc1,5.4291
50154575,CCCCCn1cc(C(=O)NC2CCCCC2)c(=O)n2nc(nc12)-c1ccc(OC)cc1,5.2329
50154578,CCCCCn1cc(C(=O)NC2CCCCC2)c(=O)n2nc(nc12)-c1ccc(Cl)cc1,5.3262
50154581,CCCCCn1cc(C(=O)NC2CCCCCC2)c(=O)n2nc(nc12)-c1ccccc1,5.605
50154619,CCCCCn1cc(C(=O)NC2CCCCC2)c(=O)n2nc(nc12)-c1ccccc1,5.493
50154622,CCCCCn1cc(C(=O)NC23CC4CC(CC(C4)C2)C3)c(=O)n2nc(C)nc12,6.327
50154623,CCCCCn1cc(C(=O)NC2CCCCC2)c(=O)n2nc(C)nc12,6.3116
50154624,CCCCCn1cc(C(=O)NC23CC4CC(C)(CC(C)(C4)C2)C3)c(=O)n2ncnc12,6.2062
50154626,CCCCCn1cc(C(=O)NC2CCCCCC2)c(=O)n2ncnc12,6.1445
50154636,CCCCCn1cc(C(=O)NC23CC4CC(CC(C4)C2)C3)c(=O)n2nc(nc12)-c1ccco1,5.9311
50154637,CCCCCn1cc(C(=O)NC23CC4CC(CC(C4)C2)C3)c(=O)n2nc(nc12)-c1ccc(C)cc1,5.8184
50154638,CCCCCn1cc(C(=O)NC2CCCCCC2)c(=O)n2nc(nc12)-c1ccc(C)cc1,5.1971
50156022,CCCCCn1c2ccccc2c(O)c(C(=O)NC23CC4CC(CC(C4)C2)C3)c1=O,6.9666
50156023,CCCCCn1c2ccc(cc2c(O)c(C(=O)NC23CC4CC(CC(C4)C2)C3)c1=O)C(C)C,5.9048
50156024,CCCCCn1c2cc(F)ccc2c(O)c(C(=O)NC23CC4CC(CC(C4)C2)C3)c1=O,5.8925
50156028,CN(C)CCn1cc(C(=O)NC23CC4CC(CC(C4)C2)C3)c(=O)c2ccc(F)cc12,6.3002
50156030,Fc1ccc2c(c1)n(CCN1CCS(=O)(=O)CC1)cc(C(=O)NC13CC4CC(CC(C4)C1)C3)c2=O,5.7224
50156093,CC(C)c1cc2c(cc1F)n(CCN(C)C)cc(C(=O)NC13CC4CC(CC(C4)C1)C3)c2=O,6.1445
50156096,OCCCCn1c2ccccc2c(O)c(C(=O)NCC2CCCCC2)c1=O,6.0814
50156097,OCCCCn1c2ccc(cc2c(O)c(C(=O)NCc2ccc(F)cc2)c1=O)-c1ccco1,5.8002
50156099,CCCCCn1c2ccc(cc2c(O)c(C(=O)NCc2ccc(OC)cc2)c1=O)-c1cccs1,6.7986
50156100,CCCCCn1c2ccc(cc2cc(C(=O)NC23CC4CC(CC(C4)C2)C3)c1=O)C(C)C,7.9586
50156101,CCCCCn1c2CCCCc2c(O)c(C(=O)NC23CC4CC(CC(C4)C2)C3)c1=O,8.0605
50157304,"Oc1ccc(cc1CC=C)-c1cc(CC=C)ccc1O, Oc1ccc(cc1CC=C)-c1cc(CC=C)ccc1O",6.6885
50160424,COc1ccc(cc1)S(=O)(=O)c1cc(OC)ccc1S(=O)(=O)c1ccc(cc1)[C@H](C)NC(=O)Nc1ccc(C)cc1,4
50160425,COc1ccc(cc1)C(=O)N[C@@H](C)c1ccc(cc1)S(=O)(=O)c1ccc(OC)cc1S(=O)(=O)c1ccc(OC)cc1,5.9311
50160427,CCS(=O)(=O)N[C@@H](C)c1ccc(cc1)S(=O)(=O)c1ccc(OC)cc1S(=O)(=O)c1ccc(OC)cc1,5.706
50160428,COc1ccc(cc1)S(=O)(=O)c1cc(OC)ccc1S(=O)(=O)c1ccc(cc1)[C@H](C)NC(C)=O,5.7498
50160429,COc1ccc(cc1)S(=O)(=O)c1cc(OC)ccc1S(=O)(=O)c1ccc(cc1)[C@H](C)NS(=O)(=O)Cc1ccccc1,7.1024
50160430,COc1ccc(cc1)S(=O)(=O)c1cc(OC)ccc1S(=O)(=O)c1ccc(cc1)[C@H](C)NC(=O)C(C)(C)C,5.6366
50160431,COc1ccc(cc1)S(=O)(=O)c1cc(OC)ccc1S(=O)(=O)c1ccc(cc1)[C@H](C)NC(=O)Cc1ccccc1,6.3206
50160432,COc1ccc(cc1)S(=O)(=O)c1cc(OC)ccc1S(=O)(=O)c1ccc(cc1)[C@H](C)NS(=O)(=O)c1ccccc1,6.068
50160434,"COc1ccc(cc1)C(=O)c1c(C)n(CCN2CCOCC2)c2cc(I)ccc12, COc1ccc(cc1)C(=O)c1c(C)n(CCN2CCOCC2)c2cc(I)ccc12, COc1ccc(cc1)C(=O)c1c(C)n(CCN2CCOCC2)c2cc(I)ccc12",5.5478
50160435,COc1ccc(cc1)S(=O)(=O)c1cc(OC)ccc1S(=O)(=O)c1ccc(cc1)[C@H](C)NC(=O)C1CC1,4.9737
50160436,COc1ccc(cc1)S(=O)(=O)c1cc(OC)ccc1S(=O)(=O)c1ccc(cc1)[C@H](C)NC(=O)Nc1ccc(F)cc1,5.755
50160437,CCCNC(=O)N[C@@H](C)c1ccc(cc1)S(=O)(=O)c1ccc(OC)cc1S(=O)(=O)c1ccc(OC)cc1,4.1421
50160438,CCC(=O)N[C@@H](C)c1ccc(cc1)S(=O)(=O)c1ccc(OC)cc1S(=O)(=O)c1ccc(OC)cc1,5.4487
50160439,COc1ccc(cc1)S(=O)(=O)c1cc(OC)ccc1S(=O)(=O)c1ccc(cc1)[C@H](C)NC(=O)C(F)(F)F,6.6289
50160440,COc1ccc(cc1)S(=O)(=O)c1cc(OC)ccc1S(=O)(=O)c1ccc(cc1)[C@H](C)NS(=O)(=O)c1ccc(C)cc1,5.716
50160441,CCCCS(=O)(=O)N[C@@H](C)c1ccc(cc1)S(=O)(=O)c1ccc(OC)cc1S(=O)(=O)c1ccc(OC)cc1,5.9473
50160442,COc1ccc(cc1)S(=O)(=O)c1cc(OC)ccc1S(=O)(=O)c1ccc(cc1)[C@H](C)NC(=O)c1ccc(C)cc1,6.0535
50160443,COc1ccc(cc1)S(=O)(=O)c1cc(OC)ccc1S(=O)(=O)c1ccc(cc1)[C@H](C)NC(=O)c1ccc(Cl)c(Cl)c1,7.0757
50160444,CCCC(=O)N[C@@H](C)c1ccc(cc1)S(=O)(=O)c1ccc(OC)cc1S(=O)(=O)c1ccc(OC)cc1,5.9307
50160445,COc1ccc(cc1)S(=O)(=O)c1cc(OC)ccc1S(=O)(=O)c1ccc(cc1)[C@H](C)NS(=O)(=O)c1ccc(Cl)c(Cl)c1,6.9318
50160446,"COc1ccc(cc1)S(=O)(=O)c1cc(OC)ccc1S(=O)(=O)c1ccc(cc1)[C@H](C)NS(C)(=O)=O, COc1ccc(cc1)S(=O)(=O)c1cc(OC)ccc1S(=O)(=O)c1ccc(cc1)[C@H](C)NS(C)(=O)=O",6.5729
50163111,Cc1c(nc(-c2ccc(Cl)cc2Cl)n1-c1ccc(Cl)cc1)C(=O)NN1CCCC1,7.5686
50163112,CCc1c(nc(-c2ccc(Cl)cc2Cl)n1-c1ccc(Cl)cc1)C(=O)NN1CCCCC1,7.8539
50163113,Cc1c(nc(-c2ccc(Cl)cc2Cl)n1-c1ccc(Cl)cc1)C(=O)NN1CCOCC1,6.7055
50163114,Clc1ccc(cc1)-c1nc(nn1-c1ccc(Cl)cc1Cl)C(=O)NN1CCCCC1,6.4179
50163115,Cc1c(nc(-c2ccc(Cl)cc2Cl)n1-c1ccc(Cl)cc1)C(=O)NC1CCCCC1,7.4559
50163116,Clc1ccc(cc1)-c1sc(nc1-c1ccc(Cl)cc1Cl)C(=O)NN1CCCCC1,6.644
50163117,Cc1c(nc(-c2ccc(Cl)cc2Cl)n1-c1ccc(Cl)cc1)C(=O)N1CCc2ccccc2C1,7.4685
50163118,Cc1c(nc(-c2ccc(Cl)cc2Cl)n1-c1ccc(Cl)cc1)C(=O)NCc1ccc(cc1)C(F)(F)F,6.767
50163119,Clc1c(nc(-c2ccc(Cl)cc2Cl)n1-c1ccc(Cl)cc1)C(=O)NN1CCCCC1,7.5686
50163120,Cc1c(nc(-c2ccc(Cl)cc2Cl)n1-c1ccc(Cl)cc1)C(=O)NN1CCCCC1,7.5229
50163122,Clc1ccc(cc1)-n1c(nc(C(=O)NN2CCCCC2)c1C#N)-c1ccc(Cl)cc1Cl,7.5229
50163123,Cc1c(nc(-c2ccc(Cl)cc2)n1-c1ccc(Cl)cc1Cl)C(=O)NN1CCCCC1,6.3947
50163124,Cc1c(nc(-c2ccc(Cl)cc2Cl)n1-c1ccc(Cl)cc1)C(=O)NN1CCCCCC1,7.1938
50163125,Clc1ccc(cc1)-n1nc(nc1-c1ccc(Cl)cc1Cl)C(=O)NN1CCCCC1,6.4486
50163126,Cc1c(nc(-c2ccc(Cl)cc2Cl)n1-c1ccc(Cl)cc1)C(=O)NC1CCCCCC1,7.4559
50163127,Cc1c(nc(-c2ccc(Cl)cc2Cl)n1-c1ccc(Cl)cc1)C(=O)N1CCC(O)CC1,6.7645
50163128,Cc1c(nc(-c2ccc(Cl)cc2Cl)n1-c1ccc(F)cc1)C(=O)NN1CCCCC1,7.284
50163129,Cc1c(nc(-c2ccc(Cl)cc2Cl)n1-c1ccc(Br)cc1)C(=O)NN1CCCCC1,7.2218
50163130,Cc1c(nc(-c2ccc(Cl)cc2Cl)n1-c1ccc(Cl)cc1)C(=O)N[C@H]1CC[C@H](O)CC1,6.399
50163131,Cc1c(nc(-c2ccc(Cl)cc2Cl)n1-c1ccc(Cl)cc1)C(=O)NOC(C)(C)C,6.4776
50163132,Clc1ccc(cc1)-n1c(Br)c(nc1-c1ccc(Cl)cc1Cl)C(=O)NN1CCCCC1,7.6383
50163133,COc1ccc(cc1)-n1c(C)c(nc1-c1ccc(Cl)cc1Cl)C(=O)NN1CCCCC1,6.9747
50163134,Cc1c(nc(-c2ccc(Cl)cc2Cl)n1-c1ccc(Cl)cn1)C(=O)NN1CCCCC1,7.2596
50163135,Cc1c(nc(-c2ccc(Cl)cc2Cl)n1-c1ccc(Cl)cc1)C(=O)OC(C)(C)C,7.0269
50163136,FCc1c(nc(-c2ccc(Cl)cc2Cl)n1-c1ccc(Cl)cc1)C(=O)NN1CCCCC1,7.4437
50163137,CCN(CC)C(=O)c1nc(-c2ccc(Cl)cc2Cl)n(c1C)-c1ccc(Cl)cc1,6.082
50163138,Cc1c(nc(-c2ccc(Cl)cc2Cl)n1-c1ccc(Cl)cc1)C(=O)NC1CCCC1,7.4815
50163139,Cc1c(nc(-c2ccc(Cl)cc2Cl)n1-c1ccc(Cl)cc1)C(=O)NC1CC2CCC1C2,7.7212
50163140,Cc1c(nc(-c2ccc(Cl)cc2Cl)n1-c1ccc(cc1)C(F)(F)F)C(=O)NN1CCCCC1,7.5376
50164428,CCN1C(=S)NC(C1=O)(c1ccc(Br)cc1)c1ccc(Br)cc1,5.659
50164429,Ic1ccc(cc1)C1(NC(=S)N(CC=C)C1=O)c1ccc(I)cc1,6.2299
50164430,CCCCN1C(=O)NC(C1=O)(c1ccc(I)cc1)c1ccc(I)cc1,5.7399
50164431,Brc1ccc(cc1)C1(NC(=S)N(CC=C)C1=O)c1ccc(Br)cc1,6.06
50164432,CCCCN1C(=S)NC(C1=O)(c1ccc(I)cc1)c1ccc(I)cc1,6.1403
50164433,CC(C)CN1C(=S)NC(C1=O)(c1ccc(Br)cc1)c1ccc(Br)cc1,5.7501
50164435,Clc1ccc(cc1)C1(NC(=S)N(CCc2ccccc2)C1=O)c1ccc(Cl)cc1,5.4201
50164436,CCCCN1C(=O)NC(C1=O)(c1ccc(Br)cc1)c1ccc(Br)cc1,5.26
50164437,CC(C)N1C(=S)NC(C1=O)(c1ccc(Br)cc1)c1ccc(Br)cc1,5.4401
50164438,CC(C)CN1C(=S)NC(C1=O)(c1ccc(Cl)cc1)c1ccc(Cl)cc1,5.6801
50164439,Ic1ccc(cc1)C1(NC(=O)N(CC=C)C1=O)c1ccc(I)cc1,5.76
50164440,Clc1ccc(cc1)C1(NC(=S)N(Cc2ccccc2)C1=O)c1ccc(Cl)cc1,5.66
50164441,Brc1ccc(cc1)C1(NC(=S)N(Cc2ccccc2)C1=O)c1ccc(Br)cc1,6.0031
50164442,CCCCN1C(=S)NC(C1=O)(c1ccc(Br)cc1)c1ccc(Br)cc1,5.8502
50164443,Brc1ccc(cc1)C1(NC(=O)N(Cc2ccccc2)C1=O)c1ccc(Br)cc1,5.46
50165673,COc1c(Cc2ccccc2)cc(cc1C(=O)N[C@H]1CC[C@H](C)CC1)-c1ccccc1,5.6017
50165674,COc1c(Cc2ccccc2)cc(cc1C(=O)NC1CCCCCC1)-c1ccccc1,5.8077
50165675,COc1c(Cc2ccc(F)cc2)cc(cc1C(=O)N[C@@H]1CC[C@H](C)CC1)-c1ccc(F)cc1,5.9706
50165676,COc1c(Cc2ccc(F)cc2)cc(cc1C(=O)N[C@H]1CC[C@H](C)CC1)-c1ccc(F)cc1,5.7324
50165677,COc1c(Cc2ccc(F)cc2)cc(cc1C(=O)NC1CCCCCC1)-c1ccc(F)cc1,5.5481
50165678,COc1ccc(cc1)-c1cc(Cc2ccc(F)cc2)c(OC)c(c1)C(=O)N[C@@H]1CC[C@H](C)CC1,6.4202
50165679,COc1ccc(cc1)-c1cc(Cc2ccc(F)cc2)c(OC)c(c1)C(=O)N[C@H]1CC[C@H](C)CC1,5.9307
50165680,COc1c(Cc2ccc(F)cc2)cc(cc1C(=O)N[C@@H]1CC[C@H](C)CC1)-c1ccccc1,6.083
50165681,COc1c(Cc2ccc(F)cc2)cc(cc1C(=O)N[C@H]1CC[C@H](C)CC1)-c1ccccc1,5.5106
50165682,COc1c(Cc2ccc(F)cc2)cc(cc1C(=O)NC1CCCCCC1)-c1ccccc1,6.0434
50165683,CCCCc1cc(cc(C(=O)N[C@@H]2CC[C@H](C)CC2)c1OC)-c1ccc(F)cc1,5.5981
50165684,CCCCc1cc(cc(C(=O)NC2CCCCCC2)c1OC)-c1ccc(F)cc1,5.2139
50165685,CCCCc1cc(cc(C(=O)N[C@@H]2CC[C@H](C)CC2)c1OC)-c1ccccc1,6.2604
50165686,CCCCc1cc(cc(C(=O)N[C@H]2CC[C@H](C)CC2)c1OC)-c1ccccc1,5.4427
50165687,CCCCc1cc(cc(C(=O)NC2CCCCCC2)c1OC)-c1ccccc1,5.7307
50165691,CCCCOc1ccc(cc1CC=C)-c1cc(CC=C)ccc1O,6.2111
50169950,CC1=CC[C@@H]2[C@@H](C1)c1c(O)cc(CC34CC5CC(CC(C5)C3)C4)cc1OC2(C)C,7.5331
50169951,CC1=CC[C@@H]2[C@@H](C1)c1c(O)cc(cc1OC2(C)C)C12CC3CC(CC(C3)C1)C2,8.1675
50169952,CC1=CC[C@@H]2[C@@H](C1)c1c(O)cc(C=C3C4CC5CC(C4)CC3C5)cc1OC2(C)C,7.3134
50169953,CC1=CC[C@@H]2[C@@H](C1)c1c(O)cc(cc1OC2(C)C)C1C2CC3CC(C2)CC1C3,7.4572
50169954,CC1=CC[C@@H]2[C@@H](C1)c1c(O)cc(CC3C4CC5CC(C4)CC3C5)cc1OC2(C)C,7.0985
50171285,CCCCC\C=C/C\C=C/C\C=C/C\C=C/CCCC(=O)OCCN,6.04
50171290,CCc1c(nn(c1-c1ccc(Br)cc1)-c1ccc(Cl)cc1Cl)C(=O)NN1CCCCC1,8.4559
50171296,"CCCCC\C=C/C\C=C/C\C=C/C\C=C/CCCCOC(CO)CO, CCCCC\C=C/C\C=C/C\C=C/C\C=C/CCCCOC(CO)CO",7.6506
50172158,"C[C@H](NS(C)(=O)=O)c1ccc(cc1)S(=O)(=O)c1ccc(Cl)cc1S(=O)(=O)c1ccccc1F, C[C@H](NS(C)(=O)=O)c1ccc(cc1)S(=O)(=O)c1ccc(Cl)cc1S(=O)(=O)c1ccccc1F",7.1687
50172897,CCN(CC)S(=O)(=O)NC(=NC(C)C)N1CC(C(=N1)c1ccc(Cl)cc1)c1ccccc1,7.2218
50172898,CN=C(NS(=O)(=O)N1CCCCC1)N1CC(C(=N1)c1ccc(Cl)cc1)c1ccccc1,6.8182
50172899,CCN(CC)S(=O)(=O)NC(=NC)N1CC(C(=N1)c1ccc(Cl)cc1)c1ccccc1,7.5229
50172900,CN=C(NS(=O)(=O)N1CCCCCC1)N1CC(C(=N1)c1ccc(Cl)cc1)c1ccccc1,6.8097
50172901,CCN=C(NS(=O)(=O)N(CC)CC)N1CC(C(=N1)c1ccc(Cl)cc1)c1ccccc1,6.6799
50172902,CN=C(NS(=O)(=O)N1CCCCCCC1)N1CC(C(=N1)c1ccc(Cl)cc1)c1ccccc1,6.9031
50172903,CCN(C)S(=O)(=O)NC(=NC)N1CC(C(=N1)c1ccc(Cl)cc1)c1ccccc1,6.9318
50172904,CN=C(NS(=O)(=O)N1CCCC1)N1CC(C(=N1)c1ccc(Cl)cc1)c1ccccc1,6.6364
50172905,CCN(CC)S(=O)(=O)NC(=NC)N1CC(C(=N1)c1ccc(Cl)cc1)c1cccnc1,6.8508
50172906,CN=C(NS(=O)(=O)N(C)C(C)C)N1CC(C(=N1)c1ccc(Cl)cc1)c1ccccc1,7.4949
50172907,CN=C(NS(=O)(=O)N1CCSCC1)N1CC(C(=N1)c1ccc(Cl)cc1)c1ccccc1,7.6198
50172908,CN=C(NS(=O)(=O)N1CCS(=O)(=O)CC1)N1CC(C(=N1)c1ccc(Cl)cc1)c1ccccc1,6.0799
50172909,CN=C(NS(=O)(=O)N(C)C)N1CC(C(=N1)c1ccc(Cl)cc1)c1ccccc1,6.6517
50172910,CN=C(NS(=O)(=O)N1CCOCC1)N1CC(C(=N1)c1ccc(Cl)cc1)c1ccccc1,7.1249
50174316,CCCCCCC(C)(C)c1cc(O)c(C2CCCCC2)c(O)c1,7.9586
50175104,CCCCC\C=C/C\C=C/C\C=C/C\C=C/CCCC(=O)N1CCN(CC1)c1ccc(Cl)cc1,6.2218
50175105,CCCCC\C=C/C\C=C/C\C=C/C\C=C/CCCC(=O)NCCc1ccc(OC)cc1,5.6198
50175107,CCCCC\C=C/C\C=C/C\C=C/C\C=C/CCCC(=O)Nc1ccc(cc1)N1CCOCC1,6.8239
50175108,CCCCC\C=C/C\C=C/C\C=C/C\C=C/CCCC(=O)N1CCN(CC1)c1ccc(F)cc1,6.5229
50175109,"CCCCCCCC\C=C/CCCCCCCC(=O)NCCc1ccc(OC)cc1OC, CCCCCCCC\C=C/CCCCCCCC(=O)NCCc1ccc(OC)cc1OC",6.1594
50175112,CCCCC\C=C/C\C=C/C\C=C/C\C=C/CCCC(=O)NCc1ccc(OC)cc1,6.2218
50175114,CCCCC\C=C/C\C=C/C\C=C/C\C=C/CCCC(=O)N1CCN(CC1)c1ccc(C)c(C)c1,6.3979
50175117,"CCCCCCCC\C=C/CCCCCCCC(=O)NCc1ccc(OC)cc1, CCCCCCCC\C=C/CCCCCCCC(=O)NCc1ccc(OC)cc1",6.2614
50175119,"CCCCCCCC\C=C/CCCCCCCC(=O)NCCc1cc(OC)cc(OC)c1, CCCCCCCC\C=C/CCCCCCCC(=O)NCCc1cc(OC)cc(OC)c1",5.943
50175120,"CCCCCCCC\C=C/CCCCCCCC(=O)NCCc1ccc(OC)cc1, CCCCCCCC\C=C/CCCCCCCC(=O)NCCc1ccc(OC)cc1",6.4604
50175121,CCCCCCCC\C=C\C(=O)NCCc1ccc(OC)cc1,5.6198
50175122,"CCCCCCCC\C=C/CCCCCCCC(=O)Nc1ccc(OC)cc1, CCCCCCCC\C=C/CCCCCCCC(=O)Nc1ccc(OC)cc1",5.8099
50175123,CCCCCCCC\C=C\C(=O)Nc1ccc(OC)cc1,5.3098
50175126,CCCCC\C=C/C\C=C/C\C=C/C\C=C/CCCC(=O)NCc1ccc(OC)cc1OC,6.699
50175128,CCCCC\C=C/C\C=C/C\C=C/C\C=C/CCCC(=O)Nc1ccc(OC)cc1,6.301
50175130,CCCCCCCC\C=C\C(=O)NCCc1cc(OC)cc(OC)c1,5.5528
50175132,CCCCCCCC\C=C/CCCCCCCCCCCC(=O)Nc1ccc(cc1)N1CCOCC1,5.1938
50175134,CCCCC\C=C/C\C=C/C\C=C/C\C=C/CCCC(=O)NCCc1ccc(OC)cc1OC,6.301
50175136,CCCCCCCC\C=C/CCCCCCCCCCCC(=O)NCCc1cc(OC)cc(OC)c1,5.2676
50175137,CCCCCCCC\C=C/CCCCCCCCCCCC(=O)NCCc1ccc(OC)cc1OC,5.4318
50175138,CCCCC\C=C/C\C=C/C\C=C/C\C=C/CCCC(=O)NCc1cc(OC)ccc1OC,6.301
50176401,FC(F)(F)Cn1cnc2c(-c3ccccc3Cl)n(nc2c1=O)-c1ccc(Cl)cc1,7.5528
50176402,FC(F)(F)Cn1ccc2c(-c3ccc(Cl)cc3)n(nc2c1=O)-c1ccccc1Cl,9
50176403,"FC(F)Cn1cnc2c(-c3ccc(Cl)cc3)n(nc2c1=O)-c1ccccc1Cl, FC(F)Cn1cnc2c(-c3ccc(Cl)cc3)n(nc2c1=O)-c1ccccc1Cl",9.1109
50176404,"FC(F)(F)Cn1ncc2c(-c3ccc(Cl)cc3)n(nc2c1=O)-c1ccccc1Cl, FC(F)(F)Cn1ncc2c(-c3ccc(Cl)cc3)n(nc2c1=O)-c1ccccc1Cl",8.2474
50176405,Clc1ccc(cc1)-n1nc2c(ncn(C3CCCCC3)c2=O)c1-c1ccccc1Cl,7.4202
50176406,"Clc1ccc(cc1)-c1n(nc2c1ncn(N1CCCCC1)c2=O)-c1ccccc1Cl, Clc1ccc(cc1)-c1n(nc2c1ncn(N1CCCCC1)c2=O)-c1ccccc1Cl",7.8099
50176407,"CC(F)(F)Cn1cnc2c(-c3ccc(Cl)cc3)n(nc2c1=O)-c1ccccc1Cl, CC(F)(F)Cn1cnc2c(-c3ccc(Cl)cc3)n(nc2c1=O)-c1ccccc1Cl",9.8495
50176408,CCC(CC)n1cnc2c(-c3ccc(Cl)cc3)n(nc2c1=O)-c1ccccc1Cl,7.585
50176409,CCn1cnc2c(-c3ccc(Cl)cc3)n(nc2c1=O)-c1ccccc1Cl,8.3979
50176410,"FCCn1cnc2c(-c3ccc(Cl)cc3)n(nc2c1=O)-c1ccccc1Cl, FCCn1cnc2c(-c3ccc(Cl)cc3)n(nc2c1=O)-c1ccccc1Cl",8.412
50176411,"FC(F)(F)Cn1cnc2c(-c3ccc(Cl)cc3)n(nc2c1=O)-c1ccccc1Cl, FC(F)(F)Cn1cnc2c(-c3ccc(Cl)cc3)n(nc2c1=O)-c1ccccc1Cl",9.7615
50176412,"Clc1ccc(cc1)-c1n(nc2c1ncn(Cc1ccccc1)c2=O)-c1ccccc1Cl, Clc1ccc(cc1)-c1n(nc2c1ncn(Cc1ccccc1)c2=O)-c1ccccc1Cl",8.3495
50176413,CCCn1cnc2c(-c3ccc(Cl)cc3)n(nc2c1=O)-c1ccccc1Cl,8.699
50176414,"CC(C)c1nc2c(-c3ccc(Cl)cc3)n(nc2c(=O)n1CC(F)(F)F)-c1ccccc1Cl, CC(C)c1nc2c(-c3ccc(Cl)cc3)n(nc2c(=O)n1CC(F)(F)F)-c1ccccc1Cl",8.054
50176415,"FC(F)(F)CCn1cnc2c(-c3ccc(Cl)cc3)n(nc2c1=O)-c1ccccc1Cl, FC(F)(F)CCn1cnc2c(-c3ccc(Cl)cc3)n(nc2c1=O)-c1ccccc1Cl",8.5713
50176416,"CCc1nc2c(-c3ccc(Cl)cc3)n(nc2c(=O)n1CC(F)(F)F)-c1ccccc1Cl, CCc1nc2c(-c3ccc(Cl)cc3)n(nc2c(=O)n1CC(F)(F)F)-c1ccccc1Cl",8.7615
50176417,Clc1ccc(cc1)-c1n(nc2c1ncn(C1CCCCC1)c2=O)-c1ccccc1Cl,7.699
50176418,FC(F)(F)Cn1cnc2N(C(Nc2c1=O)c1ccccc1Cl)c1ccc(Cl)cc1,9
50176419,CC(C)n1cnc2c(-c3ccc(Cl)cc3)n(nc2c1=O)-c1ccccc1Cl,7.6778
50176946,CCCCCCc1ccc(OCCCCCC(=O)NC2CC2)cc1O,6.7447
50176947,CCCCCCc1ccc(O)cc1OCCCCCCCCCCC(=O)NCCO,5.9469
50176948,CCCCCc1cc(O)cc(OCCCCCC(=O)NC2CC2)c1,5.8861
50176950,Oc1cccc(OCCCCCCCCCCCCCCCC(=O)NC2CC2)c1,5.3716
50176951,CCCCCc1cc(O)cc(OCCCCCCCCCCC(=O)NC2CC2)c1,8.284
50176954,CCCCCCc1ccc(O)cc1OCCCCCCCCCCC(=O)NC1CC1,6.6778
50176957,CCCCCc1cc(O)cc(OCCCCCCCCCCCCCCCC(=O)NCCO)c1,4.9031
50176959,CCCCCCc1ccc(O)cc1OCCCCCCCCCCCCCCCC(=O)Nc1ccc(O)cc1,5.5229
50176961,CCCCCCc1ccc(O)cc1OCCCCCCCCCCC(=O)Nc1ccc(O)cc1,5.4815
50176965,Oc1ccc(NC(=O)CCCCCCCCCCCCCCCOc2cccc(O)c2)cc1,5.301
50176967,CCCCCc1cc(O)cc(OCCCCCCCCCCC(=O)Nc2ccc(O)cc2)c1,5.5229
50176968,CCCCCCc1ccc(O)cc1OCCCCCCCCCCCCCCCC(=O)NC1CC1,5.2596
50176970,CCCCCc1cc(O)cc(OCCCCCCCCCCC(=O)NCCO)c1,6.0969
50176983,Clc1ccc(c(Cl)c1)-n1nc(C(=O)NN2CCCCC2)c2CCc3cc(Cl)ccc3-c12,7.8239
50176988,"Clc1ccc(c(Cl)c1)-n1nc(C(=O)NN2CCCCC2)c2CCCc3cc(Cl)ccc3-c12, Clc1ccc(c(Cl)c1)-n1nc(C(=O)NN2CCCCC2)c2CCCc3cc(Cl)ccc3-c12, Clc1ccc(c(Cl)c1)-n1nc(C(=O)NN2CCCCC2)c2CCCc3cc(Cl)ccc3-c12, Clc1ccc(c(Cl)c1)-n1nc(C(=O)NN2CCCCC2)c2CCCc3cc(Cl)ccc3-c12",8.8366
50177155,Brc1ccc(NC(=O)NC(c2ccc(Br)cc2)c2ccc(Br)cc2)cc1,6.301
50177156,Clc1ccc(cc1)N1C(=S)NC(C1=O)(c1ccc(Br)cc1)c1ccc(Br)cc1,5.5607
50177157,Clc1ccc(NC(=S)NC(c2ccc(Cl)cc2)c2ccc(Cl)cc2)cc1,5.7212
50177158,Brc1ccc(cc1)C(NC(=S)Nc1ccccc1)c1ccc(Br)cc1,5.7447
50177159,Clc1ccc(NC(=O)NC(c2ccc(Cl)cc2)c2ccc(Cl)cc2)cc1,5.9586
50177160,Brc1ccc(NC(=O)NC(c2ccc(I)cc2)c2ccc(I)cc2)cc1,6.1249
50177161,Clc1ccc(cc1)C(NC(=S)Nc1ccccc1)c1ccc(Cl)cc1,5.5376
50177162,Clc1ccc(NC(=O)NC(c2ccc(Br)cc2)c2ccc(Br)cc2)cc1,6.1871
50177163,Clc1ccc(cc1)C(NC(=O)Nc1ccc(Br)cc1)c1ccc(Cl)cc1,5.9031
50177164,Clc1ccc(NC(=S)NC(c2ccc(Br)cc2)c2ccc(Br)cc2)cc1,5.8239
50177165,Clc1ccc(cc1)C(NC(=O)Nc1ccccc1)c1ccc(Cl)cc1,5.1518
50177166,Brc1ccc(cc1)C1(NC(=S)N(C1=O)c1ccccc1)c1ccc(Br)cc1,5.4622
50177167,Brc1ccc(cc1)C(NC(=O)Nc1ccccc1)c1ccc(Br)cc1,5.5376
50179978,"CC1=CC[C@@H]2[C@@H](C1)c1c(O)cc(cc1OC2(C)C)-c1cccc2ccccc12, CC1=CC[C@@H]2[C@@H](C1)c1c(O)cc(cc1OC2(C)C)-c1cccc2ccccc12, CC1=CC[C@@H]2[C@@H](C1)c1c(O)cc(cc1OC2(C)C)-c1cccc2ccccc12",7.9278
50179980,"CC1=CC[C@@H]2[C@@H](C1)c1c(O)cc(cc1OC2(C)C)C1(CCCC1)C#N, CC1=CC[C@@H]2[C@@H](C1)c1c(O)cc(cc1OC2(C)C)C1(CCCC1)C#N",7.5536
50179982,"CC1=CC[C@@H]2[C@@H](C1)c1c(O)cc(cc1OC2(C)C)-c1ccc(C)cc1, CC1=CC[C@@H]2[C@@H](C1)c1c(O)cc(cc1OC2(C)C)-c1ccc(C)cc1",7.0212
50179983,"CCCc1ccc(cc1)-c1cc(O)c2[C@@H]3CC(C)=CC[C@H]3C(C)(C)Oc2c1, CCCc1ccc(cc1)-c1cc(O)c2[C@@H]3CC(C)=CC[C@H]3C(C)(C)Oc2c1",7.2375
50179985,"CC1=CC[C@@H]2[C@@H](C1)c1c(O)cc(cc1OC2(C)C)C1(CCCCC1)C#N, CC1=CC[C@@H]2[C@@H](C1)c1c(O)cc(cc1OC2(C)C)C1(CCCCC1)C#N",8.0819
50179986,"CCc1ccc(cc1)-c1cc(O)c2[C@@H]3CC(C)=CC[C@H]3C(C)(C)Oc2c1, CCc1ccc(cc1)-c1cc(O)c2[C@@H]3CC(C)=CC[C@H]3C(C)(C)Oc2c1",6.9227
50180021,CCCCCn1cc(C(=O)N[C@H](C)c2ccccc2)c(=O)c2ccccc12,5.9378
50180022,"Cc1ccc(Cn2nc(cc2-c2ccc(Cl)c(C)c2)C(=O)NC2C3(C)CCC(C3)C2(C)C)cc1, Cc1ccc(Cn2nc(cc2-c2ccc(Cl)c(C)c2)C(=O)NC2C3(C)CCC(C3)C2(C)C)cc1, Cc1ccc(Cn2nc(cc2-c2ccc(Cl)c(C)c2)C(=O)NC2C3(C)CCC(C3)C2(C)C)cc1, Cc1ccc(Cn2nc(cc2-c2ccc(Cl)c(C)c2)C(=O)NC2C3(C)CCC(C3)C2(C)C)cc1, Cc1ccc(Cn2nc(cc2-c2ccc(Cl)c(C)c2)C(=O)NC2C3(C)CCC(C3)C2(C)C)cc1",6.9699
50180026,CCCCCn1cc(C(=O)NC2C3CC4CC(C3)CC2C4)c(=O)c2ccccc12,5.7156
50180027,CCCCCn1cc(C(=O)Nc2cccc3ccccc23)c(=O)c2ccccc12,5.389
50180028,CCCCCn1cc(C(=O)NC2CCCc3ccccc23)c(=O)c2ccccc12,5.9809
50180036,"CCCC(C)(C)c1ccc2[C@@H]3CC(C)=CC[C@H]3C(C)(C)Oc2c1, CCCC(C)(C)c1ccc2[C@@H]3CC(C)=CC[C@H]3C(C)(C)Oc2c1, CCCC(C)(C)c1ccc2[C@@H]3CC(C)=CC[C@H]3C(C)(C)Oc2c1",7.4002
50180040,"CCCCCn1cc(C(=O)NC23CC4CC(CC(C4)C2)C3)c(=O)c2ccccc12, CCCCCn1cc(C(=O)NC23CC4CC(CC(C4)C2)C3)c(=O)c2ccccc12",7.3763
50181455,Oc1c(-c2ccc(Cl)cc2)n(-c2cccc(Cl)c2)c(=O)n1-c1cccc(Cl)c1,5.4799
50181456,Oc1c(-c2ccccc2)n(-c2ccc(Cl)cc2)c(=S)n1-c1ccc(Cl)cc1,5.6649
50181457,COc1ccc(cc1)-n1c(O)c(-c2ccccc2)n(-c2ccc(OC)cc2)c1=S,5.1529
50181458,Oc1c(-c2ccc(Br)cc2)n(-c2ccc(Cl)cc2)c(=O)n1-c1ccc(Cl)cc1,6.0434
50181459,Oc1c(-c2ccc(Cl)cc2)n(-c2ccc(Cl)cc2)c(=O)n1-c1ccc(Cl)cc1,5.7265
50181460,Oc1c(-c2ccccc2)n(-c2ccc(Br)cc2)c(=O)n1-c1ccc(Br)cc1,6.6144
50181461,Oc1c(-c2ccccc2)n(-c2ccc(Br)cc2)c(=S)n1-c1ccc(Br)cc1,5.8395
50181462,Oc1c(-c2ccccc2)n(-c2cccc(I)c2)c(=S)n1-c1cccc(I)c1,6.1599
50181463,Oc1c(-c2ccccc2)n(-c2ccc(Cl)cc2)c(=O)n1-c1ccc(Cl)cc1,6.4522
50181465,Oc1c(-c2ccc(Cl)cc2)n(-c2ccccc2)c(=O)n1-c1ccccc1,5.1765
50181466,Oc1c(-c2ccccc2)n(-c2ccc(Cl)c(Cl)c2)c(=S)n1-c1ccc(Cl)c(Cl)c1,5.6988
50181467,Oc1c(-c2ccc(Br)cc2)n(-c2ccccc2)c(=S)n1-c1ccccc1,5.2
50181468,COc1ccc(cc1)-n1c(O)c(-c2ccccc2)n(-c2ccc(OC)cc2)c1=O,5.19
50181469,Oc1c(-c2ccccc2)n(-c2cccc(Cl)c2)c(=O)n1-c1cccc(Cl)c1,5.6757
50181470,Cc1ccc(cc1)-n1c(O)c(-c2ccccc2)n(-c2ccc(C)cc2)c1=S,5.3038
50181471,Oc1c(-c2ccccc2)n(-c2ccccc2)c(=O)n1-c1ccccc1,5.2009
50181472,Oc1c(-c2ccc(Br)cc2)n(-c2ccccc2)c(=O)n1-c1ccccc1,5.395
50185034,CCCCC\C=C/C\C=C/C\C=C/C\C=C/CCCC(=O)NOCCO,6.3279
50185035,CCCCC\C=C/C\C=C/C\C=C/C\C=C/CCCC(=O)N(O)CCO,5.4089
50185037,CCCCC\C=C/C\C=C/C\C=C/C\C=C/CCCC(=O)ONCCO,5.4559
50186533,C[C@H](CO)NC(=O)CCC\C=C/C\C=C/C\C=C/C\C=C/CCOC(=O)c1cc(I)ccc1N=[N+]=[N-],6.2441
50187665,O[C@@H]1Cc2c(O)cc(O)cc2O[C@@H]1c1cc(O)c(O)c(O)c1,4.4473
50195526,Cc1ccc2c(n1)n(CCN1CCOCC1)cc(C(=O)NC1CCCC1)c2=O,6
50195530,"Cc1c(\C=C\C2CCCCC2)nn(c1-c1ccc(Cl)cc1)-c1ccc(Cl)cc1Cl, Cc1c(\C=C\C2CCCCC2)nn(c1-c1ccc(Cl)cc1)-c1ccc(Cl)cc1Cl, Cc1c(\C=C\C2CCCCC2)nn(c1-c1ccc(Cl)cc1)-c1ccc(Cl)cc1Cl",7.2656
50195531,"Cc1c(\C=C\N2CCCCC2)nn(c1-c1ccc(Cl)cc1)-c1ccc(Cl)cc1Cl, Cc1c(\C=C\N2CCCCC2)nn(c1-c1ccc(Cl)cc1)-c1ccc(Cl)cc1Cl, Cc1c(\C=C\N2CCCCC2)nn(c1-c1ccc(Cl)cc1)-c1ccc(Cl)cc1Cl",6.6372
50195532,"Cc1c(\C=N\N2CCCCC2)nn(c1-c1ccc(Cl)cc1)-c1ccc(Cl)cc1Cl, Cc1c(\C=N\N2CCCCC2)nn(c1-c1ccc(Cl)cc1)-c1ccc(Cl)cc1Cl, Cc1c(\C=N\N2CCCCC2)nn(c1-c1ccc(Cl)cc1)-c1ccc(Cl)cc1Cl",7.5783
50198506,Cc1c2c(CCN(C3CCCCC3)C2=O)n(c1-c1ccc(N)cc1)-c1ccc(Cl)cc1Cl,6.0362
50198507,Cc1c2c(CCN(N3CCCCC3)C2=O)n(c1-c1ccc(Cl)cc1)-c1ccc(Cl)cc1Cl,8.6576
50198510,COc1ccc(cc1)-c1c(C)c2c(CCN(N3CCCCC3)C2=O)n1-c1ccccc1Cl,7.699
50198511,COc1ccc(cc1)-c1c(C)c2c(CCN(C3CCCCC3)C2=O)n1-c1ccc(Cl)cc1Cl,8.1024
50198513,Cc1c2c(CCN(C3CCCCC3)C2=O)n(c1-c1ccc(Cl)cc1)-c1ccc(Cl)cc1Cl,8.1249
50198516,COc1ccc(cc1)-c1c(C)c2c(CCN(C3CCCCC3)C2=O)n1-c1ccccc1Cl,8.1249
50198517,Cc1c2c(CCN(C3CCCCC3)C2=O)n(c1-c1ccc(C)cc1)-c1ccc(Cl)cc1Cl,8
50198518,Cc1c2c(CCN(C3CCCCC3)C2=O)n(c1-c1cccnc1)-c1ccc(Cl)cc1Cl,6.4089
50198519,Cc1c2c(CCN(N3CCCCC3)C2=O)n(c1-c1ccc(Cl)cc1)-c1ccccc1Cl,8.4559
50198523,COc1ccc(cc1)-c1c(C)c2c(CCN(N3CCCCC3)C2=O)n1-c1ccccc1C,7.1308
50198525,Cc1c2c(CCN(C3CCCCC3)C2=O)n(c1-c1ccc(F)cc1)-c1ccc(Cl)cc1Cl,8.2218
50198526,Cc1c2c(CCN(C3CCCCC3)C2=O)n(c1-c1ccc(cc1)C(F)(F)F)-c1ccc(Cl)cc1Cl,8.3872
50198529,COc1ccc(cc1OC)-c1c(C)c2c(CCN(C3CCCCC3)C2=O)n1-c1ccc(Cl)cc1Cl,8.2596
50198530,Cc1cn(c2CCN(C3CCCCC3)C(=O)c12)-c1ccc(Cl)cc1Cl,6.6198
50198532,Cc1c2c(CCN(C3CCCCC3)C2=O)n(c1-c1ccc(Cl)cc1)-c1ccccc1Cl,8.5528
50198533,Cc1c2c(CCN(C3CCCCC3)C2=O)n(c1-c1cccc(N)c1)-c1ccc(Cl)cc1Cl,6.3468
50198535,Cc1c2c(CCN(C3CCCCC3)C2=O)n(c1-c1ccc(C=C)cc1)-c1ccc(Cl)cc1Cl,8.0088
50198536,Cc1c2c(CCN(C3CCCCC3)C2=O)n(c1-c1ccc(Cl)cc1)-c1c(Cl)cccc1Cl,6.699
50200169,Cc1ccc-2c(Cc3c(nn(c-23)-c2ccc(Cl)cc2Cl)C(=O)NN2CCCCC2)c1,6.4401
50200170,"Cc1ccc(Cn2nc(cc2-c2ccc(Cl)c(C)c2)C(=O)N[C@H]2[C@@]3(C)CC[C@H](C3)C2(C)C)cc1, Cc1ccc(Cn2nc(cc2-c2ccc(Cl)c(C)c2)C(=O)N[C@H]2[C@@]3(C)CC[C@H](C3)C2(C)C)cc1, Cc1ccc(Cn2nc(cc2-c2ccc(Cl)c(C)c2)C(=O)N[C@H]2[C@@]3(C)CC[C@H](C3)C2(C)C)cc1, Cc1ccc(Cn2nc(cc2-c2ccc(Cl)c(C)c2)C(=O)N[C@H]2[C@@]3(C)CC[C@H](C3)C2(C)C)cc1, Cc1ccc(Cn2nc(cc2-c2ccc(Cl)c(C)c2)C(=O)N[C@H]2[C@@]3(C)CC[C@H](C3)C2(C)C)cc1, Cc1ccc(Cn2nc(cc2-c2ccc(Cl)c(C)c2)C(=O)N[C@H]2[C@@]3(C)CC[C@H](C3)C2(C)C)cc1, Cc1ccc(Cn2nc(cc2-c2ccc(Cl)c(C)c2)C(=O)N[C@H]2[C@@]3(C)CC[C@H](C3)C2(C)C)cc1, Cc1ccc(Cn2nc(cc2-c2ccc(Cl)c(C)c2)C(=O)N[C@H]2[C@@]3(C)CC[C@H](C3)C2(C)C)cc1, Cc1ccc(Cn2nc(cc2-c2ccc(Cl)c(C)c2)C(=O)N[C@H]2[C@@]3(C)CC[C@H](C3)C2(C)C)cc1, Cc1ccc(Cn2nc(cc2-c2ccc(Cl)c(C)c2)C(=O)N[C@H]2[C@@]3(C)CC[C@H](C3)C2(C)C)cc1, Cc1ccc(Cn2nc(cc2-c2ccc(Cl)c(C)c2)C(=O)N[C@H]2[C@@]3(C)CC[C@H](C3)C2(C)C)cc1, Cc1ccc(Cn2nc(cc2-c2ccc(Cl)c(C)c2)C(=O)N[C@H]2[C@@]3(C)CC[C@H](C3)C2(C)C)cc1",6.0798
50200841,"C[C@H](NC(=O)C(C)(C)Oc1ccc(cn1)C(F)(F)F)[C@@H](Cc1ccc(Cl)cc1)c1cccc(c1)C#N, C[C@H](NC(=O)C(C)(C)Oc1ccc(cn1)C(F)(F)F)[C@@H](Cc1ccc(Cl)cc1)c1cccc(c1)C#N, C[C@H](NC(=O)C(C)(C)Oc1ccc(cn1)C(F)(F)F)[C@@H](Cc1ccc(Cl)cc1)c1cccc(c1)C#N, C[C@H](NC(=O)C(C)(C)Oc1ccc(cn1)C(F)(F)F)[C@@H](Cc1ccc(Cl)cc1)c1cccc(c1)C#N",9.4278
50202419,COC(=O)c1c(F)cccc1-c1ccc(CNC(=O)C2(CC2)NC(=O)C(F)(F)F)c(F)c1,8.8239
50202511,Cc1cc(C(=O)NC23CC4CC(CC(C4)C2)C3)c(C)n1-c1ccccc1,6.2857
50202514,CCOC(=O)c1c(NC(=O)c2cccc3ccccc23)sc2CCCCc12,5.8623
50202515,Cc1cc(C(=O)Nc2ccc3ccccc3c2)c(C)n1-c1ccccc1,6.5513
50202516,Cc1cc(C(=O)NCCc2ccccc2)c(C)n1-c1ccccc1,5.2272
50202519,CCOC(=O)c1c(NC(=O)C23CC4CC(CC(C4)C2)C3)sc2CCCCc12,5.9965
50202521,CCc1c(cc(C)n1-c1ccccc1)C(=O)NC12CC3CC(CC(C3)C1)C2,5.9219
50202523,CCc1c(cc(C)n1-c1ccccc1)C(=O)Nc1cccc2ccccc12,6.2967
50202529,CC(NC(=O)c1cc(C)n(c1C)-c1ccccc1)c1ccccc1,5.5814
50202539,CCc1c(cc(C)n1-c1ccccc1)C(=O)Nc1ccc2ccccc2c1,6.1986
50202540,CCc1c(cc(C)n1-c1ccccc1)C(=O)NC(C)c1ccccc1,5.4275
50202541,CCc1c(cc(C)n1-c1ccccc1)C(=O)NC1CCCCC1,5.3399
50202543,Cc1cc(C(=O)Nc2cccc3ccccc23)c(C)n1-c1ccccc1,6.4989
50207240,"CCc1sc2ccccc2c1C(=O)c1cccc2ccccc12, CCc1sc2ccccc2c1C(=O)c1cccc2ccccc12",5.1841
50207244,"CC(C)Cc1sc2ccccc2c1C(=O)c1cccc2ccccc12, CC(C)Cc1sc2ccccc2c1C(=O)c1cccc2ccccc12",6.0379
50207246,"COc1ccc(cc1)-c1nc2ccccc2n1C(=O)c1cccc2ccccc12, COc1ccc(cc1)-c1nc2ccccc2n1C(=O)c1cccc2ccccc12",5.2006
50207247,"CCCCc1nc2ccccc2n1C(=O)c1cccc2ccccc12, CCCCc1nc2ccccc2n1C(=O)c1cccc2ccccc12",5.1212
50207251,"O=C(c1cc2ccccc2s1)c1cccc2ccccc12, O=C(c1cc2ccccc2s1)c1cccc2ccccc12",5.4577
50207254,"O=C(c1cccc2ccccc12)n1c(nc2ccccc12)C1CCCCC1, O=C(c1cccc2ccccc12)n1c(nc2ccccc12)C1CCCCC1",5.4237
50207255,"CCCCCc1sc2ccccc2c1C(=O)c1cccc2ccccc12, CCCCCc1sc2ccccc2c1C(=O)c1cccc2ccccc12",6.199
50207258,"CCCc1sc2ccccc2c1C(=O)c1cccc2ccccc12, CCCc1sc2ccccc2c1C(=O)c1cccc2ccccc12",6.1109
50207265,"O=C(c1cccc2ccccc12)n1c(nc2ccccc12)C1CCC1, O=C(c1cccc2ccccc12)n1c(nc2ccccc12)C1CCC1",5.1249
50207267,"COc1ccc(cc1)C(=O)c1c(CC(C)C)sc2ccccc12, COc1ccc(cc1)C(=O)c1c(CC(C)C)sc2ccccc12",5.2282
50207269,"COc1ccc(cc1)-c1sc2ccccc2c1C(=O)c1cccc2ccccc12, COc1ccc(cc1)-c1sc2ccccc2c1C(=O)c1cccc2ccccc12",5.1841
50207271,"COc1ccc(cc1)C(=O)c1c(sc2ccccc12)-c1ccc(OC)cc1, COc1ccc(cc1)C(=O)c1c(sc2ccccc12)-c1ccc(OC)cc1",6.0567
50208947,CN(C1CCCCC1)C(=O)c1cn(c(n1)-c1ccccc1Cl)-c1ccc(Cl)cc1,7.4685
50208948,Clc1ccc(cc1)-n1cc(nc1-c1ccccc1Cl)C(=O)NC1CCCCC1,8.6576
50208949,CC(C)c1c(nc(-c2ccccc2Cl)n1-c1ccc(Cl)cc1)C(=O)N[C@H]1CCCC[C@@H]1O,7.7447
50208950,Clc1ccc(cc1)-n1cc(nc1-c1ccccc1)C(=O)NC1CCCCC1,6.8861
50208951,COc1ccc(cc1)-n1cc(nc1-c1ccc(Cl)cc1Cl)C(=O)NC1CCCCC1,8.3098
50208952,O[C@H]1CCC[C@@H]1NC(=O)c1cn(c(n1)-c1ccccc1Cl)-c1ccc(Cl)cc1,7.5376
50208953,N[C@H]1CCCC[C@@H]1NC(=O)c1cn(c(n1)-c1ccc(Cl)cc1Cl)-c1ccc(Cl)cc1,6.5686
50208954,Clc1ccc(cc1)-n1cc(nc1-c1cc(Cl)ccc1Cl)C(=O)NC1CCCCC1,7.6021
50208955,Cc1ccc(cc1)-n1cc(nc1-c1ccccc1Cl)C(=O)NC1CCCCC1,8.3372
50208956,Fc1ccc(cc1)-n1cc(nc1-c1ccc(Cl)cc1Cl)C(=O)NC1CCCCC1,8.0862
50208957,CN[C@H]1CCCC[C@@H]1NC(=O)c1cn(c(n1)-c1ccc(Cl)cc1Cl)-c1ccc(Cl)cc1,6.2076
50208958,Fc1ccc(-c2nc(cn2-c2ccc(Cl)cc2)C(=O)NC2CCCCC2)c(F)c1,7.4437
50208959,O[C@@H]1[C@H](Cc2ccccc12)NC(=O)c1cn(c(n1)-c1ccccc1Cl)-c1ccc(Cl)cc1,7.3872
50208960,CCc1ccccc1-c1nc(cn1-c1ccc(Cl)cc1)C(=O)NC1CCCCC1,7.4089
50208961,Cc1ccccc1-c1nc(cn1-c1ccc(Cl)cc1)C(=O)NC1CCCCC1,7.6778
50208962,CN[C@@H]1CCCC[C@H]1NC(=O)c1cn(c(n1)-c1ccc(Cl)cc1Cl)-c1ccc(Cl)cc1,6.0362
50208963,O[C@@H]1CCCC[C@H]1NC(=O)c1cn(c(n1)-c1ccccc1Cl)-c1ccc(Cl)cc1,7.0132
50208964,O[C@H]1CCCC[C@@H]1NC(=O)c1nc(-c2ccccc2Cl)n(c1Br)-c1ccc(Cl)cc1,7.7212
50208965,OC1CCCCC1NC(=O)c1cn(c(n1)-c1ccc(Cl)cc1Cl)-c1ccc(Cl)cc1,7.6576
50208966,O[C@H]1Cc2ccccc2[C@@H]1NC(=O)c1cn(c(n1)-c1ccccc1Cl)-c1ccc(Cl)cc1,7.6576
50208967,Fc1ccc(cc1)-n1cc(nc1-c1ccccc1Cl)C(=O)NC1CCCCC1,7.699
50208968,CCc1c(nc(-c2ccccc2Cl)n1-c1ccc(Cl)cc1)C(=O)N[C@H]1CCCC[C@@H]1O,8.301
50208969,O[C@@H]1Cc2ccccc2[C@@H]1NC(=O)c1cn(c(n1)-c1ccccc1Cl)-c1ccc(Cl)cc1,8.2007
50208970,CC1CCC(CC1)n1cc(nc1-c1ccccc1Cl)C(=O)NC1CCCCC1,7.7696
50208971,CCCCc1c(nc(-c2ccccc2Cl)n1-c1ccc(Cl)cc1)C(=O)N[C@H]1CCCC[C@@H]1O,8
50208972,CCCc1c(nc(-c2ccccc2Cl)n1-c1ccc(Cl)cc1)C(=O)N[C@H]1CCCC[C@@H]1O,8.2441
50208973,Cc1ccc(-c2nc(cn2-c2ccc(Cl)cc2)C(=O)NC2CCCCC2)c(C)c1,8.1427
50208974,Cc1ccc(cc1)-n1cc(nc1-c1ccc(Cl)cc1Cl)C(=O)NC1CCCCC1,8.7212
50208975,CCc1c(nc(-c2ccccc2Cl)n1-c1ccc(Br)cc1)C(=O)N[C@H]1CCCC[C@@H]1O,8.4318
50208976,O[C@H]1[C@H](Cc2ccccc12)NC(=O)c1cn(c(n1)-c1ccccc1Cl)-c1ccc(Cl)cc1,7.7696
50208977,O[C@H]1CCCC[C@@H]1NC(=O)c1cn(c(n1)-c1ccccc1Cl)-c1ccc(Cl)cc1,7.5376
50208978,Cc1c(nc(-c2ccccc2Cl)n1-c1ccc(Cl)cc1)C(=O)N[C@H]1CCCC[C@@H]1O,8.1612
50208979,O[C@H]1Cc2ccccc2[C@H]1NC(=O)c1cn(c(n1)-c1ccccc1Cl)-c1ccc(Cl)cc1,7.7447
50208980,COc1ccccc1-c1nc(cn1-c1ccc(Cl)cc1)C(=O)NC1CCCCC1,7.0223
50208981,Clc1ccccc1-c1nc(cn1-c1cccnc1)C(=O)NC1CCCCC1,5.9586
50208982,COc1ccc(cc1)-n1cc(nc1-c1ccccc1Cl)C(=O)NC1CCCCC1,8.0458
50208983,N[C@@H]1CCCC[C@H]1NC(=O)c1cn(c(n1)-c1ccc(Cl)cc1Cl)-c1ccc(Cl)cc1,6.0269
50208984,O[C@@H]1CCC[C@H]1NC(=O)c1cn(c(n1)-c1ccccc1Cl)-c1ccc(Cl)cc1,7.1249
50211604,C[C@H](NS(=O)(=O)C(F)(F)F)c1ccc(cc1)S(=O)(=O)c1ccc(Cl)cc1S(=O)(=O)c1ccccn1,8.4437
50211605,"C[C@H](NS(=O)(=O)C(F)(F)F)c1ccc(cc1)S(=O)(=O)c1ccc(Cl)cc1S(=O)(=O)c1ccccc1F, C[C@H](NS(=O)(=O)C(F)(F)F)c1ccc(cc1)S(=O)(=O)c1ccc(Cl)cc1S(=O)(=O)c1ccccc1F",7.2475
50211606,C[C@H](NS(C)(=O)=O)c1ccc(cc1)S(=O)(=O)c1ccc(Cl)cc1S(=O)(=O)c1cccc2cccnc12,6.6904
50211607,C[C@H](NS(C)(=O)=O)c1ccc(cc1)S(=O)(=O)c1ccc(Cl)cc1S(=O)(=O)NS(C)(=O)=O,5.5608
50211608,CCCS(=O)(=O)c1cc(Cl)ccc1S(=O)(=O)c1ccc(cc1)[C@H](C)NS(C)(=O)=O,6.5114
50211609,C[C@H](NS(=O)(=O)C(F)(F)F)c1ccc(cc1)S(=O)(=O)c1ccc(Cl)cc1S(=O)(=O)c1c(N)cccc1F,8.3872
50211610,C[C@H](NS(C)(=O)=O)c1ccc(cc1)S(=O)(=O)c1ccc(Cl)cc1S(=O)(=O)c1ccccn1,8.5376
50211611,C[C@H](NS(=O)(=O)C(F)(F)F)c1ccc(cc1)S(=O)(=O)c1ccc(N)cc1S(=O)(=O)c1ccccc1F,8
50211612,C[C@H](NS(=O)(=O)C(F)(F)F)c1ccc(cc1)S(=O)(=O)c1ccc(Cl)cc1S(=O)(=O)NC(C)(C)C,6.8665
50211613,C[C@H](NS(=O)(=O)C(F)(F)F)c1ccc(cc1)S(=O)(=O)c1ccc(Cl)cc1S(=O)(=O)N1CCOCC1,6.7167
50211614,CNc1cccc(F)c1S(=O)(=O)c1cc(Cl)ccc1S(=O)(=O)c1ccc(cc1)[C@H](C)NS(=O)(=O)C(F)(F)F,7.6576
50211615,C[C@H](NS(C)(=O)=O)c1ccc(cc1)S(=O)(=O)c1ccc(Cl)cc1S(=O)(=O)c1cccc[n+]1[O-],6.9245
50211616,C[C@H](NS(=O)(=O)C(F)(F)F)c1ccc(cc1)S(=O)(=O)c1ccc(NC2CC2)cc1S(=O)(=O)c1ccccc1F,8.3098
50211617,C[C@H](NS(=O)(=O)C(F)(F)F)c1ccc(cc1)S(=O)(=O)c1ccc(C)cc1S(=O)(=O)c1ccccc1F,8.9586
50211618,C[C@H](NS(=O)(=O)C(F)(F)F)c1ccc(cc1)S(=O)(=O)c1ccc(Cl)cc1S(=O)(=O)N1CCCCC1,7.2366
50211619,CCOc1ccc(c(c1)S(=O)(=O)c1ccccc1F)S(=O)(=O)c1ccc(cc1)[C@H](C)NS(=O)(=O)C(F)(F)F,9.0458
50211620,C[C@H](NS(=O)(=O)C(F)(F)F)c1ccc(cc1)S(=O)(=O)c1ccc(OC(F)(F)F)cc1S(=O)(=O)c1ccccc1F,8.301
50211621,C[C@H](NCCC(F)(F)F)c1ccc(cc1)S(=O)(=O)c1ccc(Cl)cc1S(=O)(=O)c1ccccc1F,7.7696
50211622,C[C@H](NS(C)(=O)=O)c1ccc(cc1)S(=O)(=O)c1ccc(Cl)cc1S(=O)(=O)c1ccoc1C,6.8894
50211623,C[C@H](NS(=O)(=O)C(F)(F)F)c1ccc(cc1)S(=O)(=O)c1ccc(Cl)cc1S(=O)(=O)c1c(F)cccc1F,8.2366
50211624,CNS(=O)(=O)c1cc(Cl)ccc1S(=O)(=O)c1ccc(cc1)[C@H](C)NS(C)(=O)=O,5.9027
50211626,C[C@H](NCC(F)(F)F)c1ccc(cc1)S(=O)(=O)c1ccc(Cl)cc1S(=O)(=O)c1ccccc1F,8.1549
50211627,COCCOc1ccc(c(c1)S(=O)(=O)c1ccccc1F)S(=O)(=O)c1ccc(cc1)[C@H](C)NS(=O)(=O)C(F)(F)F,8.6021
50211628,C[C@H](NC(=O)C(F)(F)F)c1ccc(cc1)S(=O)(=O)c1ccc(Cl)cc1S(=O)(=O)c1ccccc1F,8.4318
50211629,C[C@H](NS(=O)(=O)C(F)(F)F)c1ccc(cc1)S(=O)(=O)c1ccc(cc1S(=O)(=O)c1ccccc1F)C(F)(F)F,8.6021
50211630,C[C@H](NS(=O)(=O)C(F)(F)F)c1ccc(cc1)S(=O)(=O)c1ccc(Cl)cc1S(=O)(=O)c1ncccn1,7.6778
50211631,C[C@H](NC(C)=O)c1ccc(cc1)S(=O)(=O)c1ccc(Cl)cc1S(=O)(=O)c1ccccc1F,7.2168
50211632,C[C@H](NS(=O)(=O)C(F)(F)F)c1ccc(cc1)S(=O)(=O)c1ccc(O)cc1S(=O)(=O)c1ccccc1F,8.8861
50211633,C[C@H](NS(C)(=O)=O)c1ccc(cc1)S(=O)(=O)c1ccc(Cl)cc1S(=O)(=O)N(C)C,5.8952
50211634,C[C@H](NS(=O)(=O)C(F)(F)F)c1ccc(cc1)S(=O)(=O)c1ccc(Cl)cc1S(=O)(=O)c1c(F)cccc1N(C)C,6.9393
50211635,C[C@H](N)c1ccc(cc1)S(=O)(=O)c1ccc(Cl)cc1S(=O)(=O)c1ccccc1F,5.4031
50211636,C[C@H](NS(=O)(=O)C(F)(F)F)c1ccc(cc1)S(=O)(=O)c1ccc(cc1S(=O)(=O)c1ccccc1F)C1CC1,8.8539
50211637,C[C@H](NS(=O)(=O)C(F)(F)F)c1ccc(cc1)S(=O)(=O)c1ccc(Cl)cc1S(=O)(=O)c1c(F)cccc1NC1CC1,7.8416
50211638,C[C@H](NS(C)(=O)=O)c1ccc(cc1)S(=O)(=O)c1ccc(Cl)cc1S(=O)(=O)C1CCCCC1,8.0506
50211639,C[C@H](NS(=O)(=O)C(F)(F)F)c1ccc(cc1)S(=O)(=O)c1ccccc1S(=O)(=O)c1ccccc1F,7.6021
50211640,C[C@H](NS(=O)(=O)C(F)(F)F)c1ccc(cc1)S(=O)(=O)c1ccc(cc1S(=O)(=O)c1ccccc1F)N1CCNCC1,5.959
50211641,C[C@H](NS(=O)(=O)C(F)(F)F)c1ccc(cc1)S(=O)(=O)c1ccc(Cl)cc1S(=O)(=O)c1c(F)cccc1N1CCOCC1,6.8539
50212395,COc1ccc(\C=C2/C=C(CCN3CCOCC3)c3ccccc23)c2ccccc12,8.6198
50212599,CCCCCCC\C=C\C=C\C(=O)NCC(C)C,5.7122
50213136,CCCCCCC(C)(C)c1ccc(c(CO)c1)-c1cc(C)cc(C)c1,6.4437
50213137,CNC(=O)CCC(C)(C)c1ccc(c(O)c1)-c1cc(C)cc(C)c1,6.0757
50213138,CCCCCCC(C)(C)c1ccc(c(CN2CCOCC2)c1)-c1cc(C)cc(C)c1,5.4089
50213139,CCCCCCC(C)(C)c1ccc(c(O)c1)-c1cccnc1,7.6383
50213140,CCCCCCC(C)(C)c1ccc(c(O)c1)-c1ccc(N)cc1,6.4949
50213141,CCCCCCC(C)(C)c1ccc(c(O)c1)-c1ccccc1OC,8.7696
50213143,COC(=O)C(C)(C)c1ccc(c(O)c1)-c1cc(C)cc(C)c1,6.7959
50213144,CCCCCCC(C)(C)c1ccc(c(COC(=O)CN2CCOCC2)c1)-c1cc(C)cc(C)c1,6.4318
50213145,CCCCCCC(C)(C)c1ccc(c(CN)c1)-c1cc(C)cc(C)c1,5.8239
50213148,CCCCCCC(C)(C)c1ccc(-c2cc(C)cc(C)c2)c(c1)C(=O)OC,6.6383
50213149,CCCCCCC(C)(C)c1ccc(c(O)c1)-c1cc(C)ccc1C,8.3372
50213150,CCCCCCC1(CCCC1)c1ccc(c(O)c1)-c1cc(C)cc(C)c1,8.5376
50213151,COC(=O)CCCCC(C)(C)c1ccc(c(O)c1)-c1cc(C)cc(C)c1,7.6198
50213152,CCCCCCC(C)(C)c1ccc(-c2cc(C)cc(C)c2)c(c1)C(N)=O,6.4318
50213153,COC(=O)CCC(C)(C)c1ccc(c(O)c1)-c1cc(C)cc(C)c1,6.9208
50213154,CCCCCCC1(CC1)c1ccc(c(O)c1)-c1cc(C)cc(C)c1,7.8861
50213155,CCCCCCC(C)(C)c1ccc(c(O)c1)-c1c(C)cccc1C,8.7696
50213156,Cc1cc(C)cc(c1)-c1ccc(cc1O)C(C)(C)CO,5.6576
50213157,CCCCCCC(C)(C)c1ccc(c(O)c1)-c1ccc(C)c(C)c1,6.2218
50213158,CCCCCCC(C)(C)c1ccc(c(N)c1)-c1cc(C)cc(C)c1,7.0969
50213160,CCCCCCC(C)(C)c1ccc(c(O)c1)-c1cccc(N)c1,7.8239
50213162,CCCCCCC(C)(C)c1ccc(c(OC)c1)-c1cc(C)cc(C)c1,6.4949
50213163,"CCCCCCC(C)(C)c1ccc(c(O)c1)-c1cc(C)cc(C)c1, CCCCCCC(C)(C)c1ccc(c(O)c1)-c1cc(C)cc(C)c1",8.2274
50213164,CCCCCCC1(CCCCC1)c1ccc(c(O)c1)-c1cc(C)cc(C)c1,8.7447
50213165,CCCCCCC(C)(C)c1ccc(c(O)c1)-c1ccc(OC)c(OC)c1,5.8539
50213167,CCCCCCC(C)(C)c1ccc(c(O)c1)-c1cccc(C)c1C,7.3098
50213168,Cc1cc(C)cc(c1)-c1ccc(cc1O)C(C)(C)CCCO,5.9586
50213169,CCCCCCC(C)(C)c1ccc(c(O)c1)-c1cccc(c1)C#N,7.5686
50213170,CNC(=O)CCCCC(C)(C)c1ccc(c(O)c1)-c1cc(C)cc(C)c1,7.0177
50213171,CCCCCCC(C)(C)c1ccc(c(O)c1)-c1cccc(OC)c1,7.041
50213173,CCCCCCC(C)(C)c1ccc(c(O)c1)-c1ccccc1N,8.284
50213175,Cc1cc(C)cc(c1)-c1ccc(cc1O)C(C)(C)CCCCCO,7.4089
50213176,CCCCCCC(C)(C)c1ccc(c(O)c1)-c1cccc(OC)c1OC,7.4685
50213462,CN(CCCNC(=O)c1cnc(-c2ccc(C)cc2)c(n1)-c1ccc(C)cc1)c1ccccc1,7.6021
50213463,Cc1ccc(cc1)-c1ncc(nc1-c1ccc(C)cc1)C(=O)N[C@@H](C(N)=O)c1ccccc1,6.6234
50213464,CCC(COCc1ccccc1)NC(=O)c1cnc(-c2ccc(C)cc2)c(n1)-c1ccc(C)cc1,6.6925
50213465,CC(C)C[C@@H](CO)NC(=O)c1cnc(-c2ccc(C)cc2)c(n1)-c1ccc(C)cc1,7.3468
50213466,Cc1ccc(cc1)-c1ncc(nc1-c1ccc(C)cc1)C(=O)NCC1CC1,6.7496
50213467,Cc1ccc(cc1)-c1ncc(nc1-c1ccc(C)cc1)C(=O)NCCCc1ccccc1,7.7447
50213468,CC(C)C[C@@H](CO)NC(=O)c1cnc(-c2ccc(Cl)cc2)c(n1)-c1ccc(Cl)cc1,7.8539
50213469,CNC(=O)c1cnc(-c2ccc(C)cc2)c(n1)-c1ccc(C)cc1,5.4148
50213470,CCCC(CO)NC(=O)c1cnc(-c2ccc(C)cc2)c(n1)-c1ccc(C)cc1,6.8013
50213471,CC(C)C[C@H](NC(=O)c1cnc(-c2ccc(C)cc2)c(n1)-c1ccc(C)cc1)C(N)=O,6.9788
50213472,CN(Cc1ccccc1)C(=O)c1cnc(-c2ccc(C)cc2)c(n1)-c1ccc(C)cc1,6.9586
50213473,Cc1ccc(cc1)-c1ncc(nc1-c1ccc(C)cc1)C(=O)N[C@@H]1CCCC[C@@H]1O,6.5229
50213474,Cc1ccc(cc1)-c1ncc(nc1-c1ccc(C)cc1)C(=O)NCCO,5.0742
50213475,CC(C)CCNC(=O)c1cnc(-c2ccc(C)cc2)c(n1)-c1ccc(C)cc1,6.7496
50213476,Cc1ccc(cc1)-c1ncc(nc1-c1ccc(C)cc1)C(=O)NCC1CCCCC1,7.2291
50213477,CC(COc1c(C)cccc1C)NC(=O)c1cnc(-c2ccc(C)cc2)c(n1)-c1ccc(C)cc1,7.4089
50213478,Cc1ccc(cc1)-c1ncc(nc1-c1ccc(C)cc1)C(=O)NC1Cc2ccccc2C1O,7.4815
50213479,Cc1ccc(cc1)-c1ncc(nc1-c1ccc(C)cc1)C(=O)N[C@@H]1CCCC[C@H]1CO,7.301
50213480,Cc1ccc(cc1)-c1ncc(nc1-c1ccc(C)cc1)C(=O)N[C@@H]1CCCC[C@@H]1CO,6.7773
50213481,CCNC(=O)c1cnc(-c2ccc(C)cc2)c(n1)-c1ccc(C)cc1,5.6232
50213482,Cc1ccc(cc1)-c1ncc(nc1-c1ccc(C)cc1)C(=O)NCCOc1ccccc1,6.2
50213483,CC(C)[C@H](CO)NC(=O)c1cnc(-c2ccc(C)cc2)c(n1)-c1ccc(C)cc1,6.5003
50213484,CC(C)[C@@H](CO)NC(=O)c1cnc(-c2ccc(C)cc2)c(n1)-c1ccc(C)cc1,6.6253
50213485,CC(C)C[C@H](CO)NC(=O)c1cnc(-c2ccc(C)cc2)c(n1)-c1ccc(C)cc1,6.3372
50213486,CC(CCc1ccccc1)NC(=O)c1cnc(-c2ccc(C)cc2)c(n1)-c1ccc(C)cc1,8.301
50213487,CC(C)NC(=O)c1cnc(-c2ccc(C)cc2)c(n1)-c1ccc(C)cc1,6.1831
50213595,"CCCCCCC1(SCCS1)c1cc(O)c([C@@H]2C=C(C)CCC2C(C)=C)c(O)c1, CCCCCCC1(SCCS1)c1cc(O)c([C@@H]2C=C(C)CCC2C(C)=C)c(O)c1",6.8681
50213596,"CCCCCCC1(CC1(Cl)Cl)c1cc(O)c([C@@H]2C=C(C)CCC2C(C)=C)c(O)c1, CCCCCCC1(CC1(Cl)Cl)c1cc(O)c([C@@H]2C=C(C)CCC2C(C)=C)c(O)c1",6.1781
50213597,"CC(=C)C1CCC(C)=C[C@H]1c1c(O)cc(cc1O)C1(CCCCC1)C#N, CC(=C)C1CCC(C)=C[C@H]1c1c(O)cc(cc1O)C1(CCCCC1)C#N",6.4983
50213598,"CC(=C)C1CCC(C)=C[C@H]1c1c(O)cc(cc1O)-c1cccc2ccccc12, CC(=C)C1CCC(C)=C[C@H]1c1c(O)cc(cc1O)-c1cccc2ccccc12",6.1214
50213599,CC1=CC[C@@H]2[C@@H](C1)c1c(O)cc(cc1OC2(C)C)C(C)(C)CCCCBr,9.3665
50213600,"CC(=C)C1CCC(C)=C[C@H]1c1c(O)cc(cc1O)C1(CCCC1)C#N, CC(=C)C1CCC(C)=C[C@H]1c1c(O)cc(cc1O)C1(CCCC1)C#N",6.5918
50213601,CC1=CC[C@@H]2[C@@H](C1)c1c(O)cc(Oc3ccccc3)cc1OC2(C)C,6.5272
50213602,"CC(=C)C1CCC(C)=C[C@H]1c1c(O)cc(cc1O)-c1ccc(C)cc1, CC(=C)C1CCC(C)=C[C@H]1c1c(O)cc(cc1O)-c1ccc(C)cc1",6.1976
50213603,CC1=CC[C@@H]2[C@@H](C1)c1c(O)cc(CCCCCN=[N+]=[N-])cc1OC2(C)C,7.7212
50213604,"CCCCCc1cc(O)c([C@@H]2C=C(C)CCC2C(C)=C)c(O)c1, CCCCCc1cc(O)c([C@@H]2C=C(C)CCC2C(C)=C)c(O)c1",5.899
50213605,CC1=CC[C@@H]2[C@@H](C1)c1c(O)cc(cc1OC2(C)C)C(C)(C)C1CCCCCC1,9.0269
50213606,"CCCCCCC1(CC1)c1cc(O)c([C@@H]2C=C(C)CCC2C(C)=C)c(O)c1, CCCCCCC1(CC1)c1cc(O)c([C@@H]2C=C(C)CCC2C(C)=C)c(O)c1",7.2303
50213607,CC1=CC[C@@H]2[C@@H](C1)c1c(O)cc(cc1OC2(C)C)C(C)(C)C1CCCC1,9.4685
50213608,"CCCCCCC1(CC1(Br)Br)c1cc(O)c([C@@H]2C=C(C)CCC2C(C)=C)c(O)c1, CCCCCCC1(CC1(Br)Br)c1cc(O)c([C@@H]2C=C(C)CCC2C(C)=C)c(O)c1",6.7212
50213609,"CCCCCCC(=C)c1cc(O)c2[C@@H]3CC(C)=CC[C@H]3C(C)(C)Oc2c1, CCCCCCC(=C)c1cc(O)c2[C@@H]3CC(C)=CC[C@H]3C(C)(C)Oc2c1",8.6606
50213610,CC(C)CCCc1cc(O)c2[C@@H]3CC(C)=CC[C@H]3C(C)(C)Oc2c1,6.8508
50213611,CCCCC(C)(C)c1cc(O)c2[C@@H]3CC(C)=CC[C@H]3C(C)(C)Oc2c1,8.4089
50213612,CCCCCC(C)(C)c1cc(O)c2[C@@H]3CC(C)=CC[C@H]3C(C)(C)Oc2c1,8.5686
50213613,CC1=CC[C@@H]2[C@@H](C1)c1c(O)cc(cc1OC2(C)C)C(C)(C)C,7.8539
50213614,CCCC(C)(C)c1cc(O)c2[C@@H]3CC(C)=CC[C@H]3C(C)(C)Oc2c1,7.9626
50213881,CSC(=S)N1CC2(CCCCC2)CS\C1=N/c1ccccc1C(C)C,6.9136
50213882,CSC(=S)N1CC2(CCCCC2)CS\C1=N/c1ccc(cc1)C(C)C,5.8996
50213883,CSC(=S)N1CC2(CCCCC2)CS\C1=N/c1cccc(C)c1C,6.9431
50213884,CSC(=S)N1CC2(CCCCC2)CS\C1=N/c1cccc2nsnc12,7.3565
50213885,CSC(=S)N1CC2(CCCCC2)CS\C1=N/c1ccccc1C(F)(F)F,6.3788
50213886,"CSC(=S)N1CC2(CCCCC2)CS\C1=N/c1cccc2ccccc12, CSC(=S)N1CC2(CCCCC2)CS\C1=N/c1cccc2ccccc12",7.7615
50213887,CSC(=S)N1CC2(CCCCC2)CS\C1=N/c1ccc(cc1)C#N,6.762
50213888,CSC(=S)N1CC2(CCCC2)CS\C1=N/c1ccccc1C(C)C,6.2668
50213889,CSC(=S)N1CC2(CCCCC2)CS\C1=N/c1cccc2CCCCc12,7.8239
50213890,CSC(=S)N1CC2(CCCCC2)CS\C1=N/c1ccccc1OC(F)(F)F,6.1481
50213891,COc1cccc(c1)\N=C1/SCC2(CCCCC2)CN1C(=S)SC,6.9666
50213892,CSC(=S)N1CC2(CCCCC2)CS\C1=N/c1cccc2ncccc12,6.1175
50213893,CSC(=S)N1CC2(CCCCC2)CS\C1=N/c1cccc2N(C)CCCc12,7.0706
50213895,CSC(=S)N1CC2(CCCCC2)CS\C1=N/c1cccc2CCCc12,6.6144
50213896,CSC(=S)N1CC2(CCCCC2)CS\C1=N/c1ccc(OC(F)(F)F)cc1,5.8239
50213897,CSC(=S)N1CC2(CCCCC2)CS\C1=N/c1cccc(c1)C(C)C,7
50213898,CSC(=S)N1CC2(CCCCC2)CS\C1=N/c1ccc(cc1)C(F)(F)F,5.762
50213899,COc1ccccc1\N=C1/SCC2(CCCCC2)CN1C(=S)SC,7.8861
50213900,CSC(=S)N1CC2(CCCCC2)CS\C1=N/c1cccc2nonc12,6.6091
50213901,COc1ccc(cc1)\N=C1/SCC2(CCCCC2)CN1C(=S)SC,6.1733
50213902,CSC(=S)N1CC2(CCCCC2)CS\C1=N/c1ccc2CCCCc2c1,6.4023
50213903,CCOc1ccccc1\N=C1/SCC2(CCCCC2)CN1C(=S)SC,6.4461
50213904,CCc1ccc(cc1)\N=C1/SCC2(CCCCC2)CN1C(=S)SC,7.0223
50213906,CCCc1ccc(cc1)\N=C1/SCC2(CCCCC2)CN1C(=S)SC,6.289
50215224,CCCCCc1cc(O)cc(OCCCCCCCCCCCC(=O)NCCO)c1,7.2218
50215227,CCCCCCc1c(O)cccc1OCCCCCCCCCCC(=O)NCC1CC1,6.1249
50215228,CCCCCCc1ccc(OCCCCCCCC(=O)NCCO)cc1O,6.7212
50215229,CCCCCCc1ccc(OCCCCCCCC(=O)NC2CC2)cc1O,7.2518
50215230,CCCCCc1cc(O)cc(OCCCCCCCC(=O)NCCO)c1,6.8861
50215231,CCCCCCc1c(O)cccc1OCCCCCCCCCCCC(=O)NC1CC1,7.8861
50215232,CCCCCc1ccc(OCCCCCCCCCCC(=O)NC2CC2)cc1O,8.284
50215234,CCCCCCc1c(O)cccc1OCCCCCCCC(=O)NC1CC1,6.5086
50215235,CCCCCc1cc(O)cc(OCCCCCCCCCCCC(=O)NC2CC2)c1,6.1249
50215238,CCCCCCc1c(O)cccc1OCCCCCCCC(=O)NCCO,6.585
50215239,CCCCCCc1c(O)cccc1OCCCCCCCCCCCC(=O)NCCO,6.7696
50215240,CCCCCc1cc(O)cc(OCCCCCCCC(=O)NC2CC2)c1,7.7959
50215242,CCCCCc1cc(O)cc(OCCCCCCCCCCC(=O)NCC2CC2)c1,6.2924
50215243,CCCCCCc1c(O)cccc1OCCCCCCCCCCC(=O)NCc1ccc(OC)c(O)c1,5.5498
50215244,CCCCCCc1c(O)cccc1OCCCCCCCCCCC(=O)NCCc1ccc(O)c(O)c1,5.6778
50215245,CCCCCc1cc(O)cc(OCCCCCCCCCCC(=O)NCCc2ccc(O)c(O)c2)c1,6.2518
50215246,CCCCCc1cc(O)cc(OCCCCCCCCCCC(=O)NCc2ccc(OC)c(O)c2)c1,5.6778
50217074,CCCCCOC(=O)c1cc(O)c(c(O)c1)-c1cc(C)cc(C)c1,5.699
50217077,CCCCOC(=O)c1cc(O)c(c(O)c1)-c1cc(C)cc(C)c1,5.585
50217078,CCCCCOC(=O)c1cc(O)c(c(OC)c1)-c1cc(C)cc(C)c1,5.8539
50218116,"CCCCCOc1ccc(C(=O)c2cccc3ccccc23)c2ccccc12, CCCCCOc1ccc(C(=O)c2cccc3ccccc23)c2ccccc12, CCCCCOc1ccc(C(=O)c2cccc3ccccc23)c2ccccc12",7.027
50221708,CCCCCCC(C)(C)c1ccc(OCC\C=C/C\C=C/CCCC(=O)N[C@H](C)CO)cc1,6.7103
50221709,CCCCCCC(C)(C)c1cccc(OCC\C=C/C\C=C/C\C=C/CCCC(=O)N[C@H](C)CO)c1,6.8816
50221710,CCCCCCC(C)(C)c1cccc(OCC\C=C/C\C=C/CCCC(=O)N[C@H](C)CO)c1,8.068
50221711,C[C@H](CO)NC(=O)CCC\C=C/C\C=C/CCOc1cccc(c1)C(C)(C)CCCCBr,8.0521
50221712,CCCCCCC(C)(C)c1ccccc1\C=C/C\C=C/C\C=C/CCCC(=O)N[C@H](C)CO,7.0638
50221713,C[C@H](CO)NC(=O)CCC\C=C/C\C=C/CCOc1cccc(c1)C(C)(C)CCCCO,7.1025
50221714,C[C@H](CO)NC(=O)CCC\C=C/C\C=C/CCOc1cccc(c1)C(C)(C)CCCCN=[N+]=[N-],8.5622
50221715,C[C@H](CO)NC(=O)CCC\C=C/C\C=C/CCOc1cccc(c1)C(C)(C)CCCC#N,8.2588
50222785,CC(C)S(=O)(=O)n1c2CN(Cc2c2cc(ccc12)C(=O)N1CCC(C)CC1)C1CCCC1,6.8239
50222786,CCS(=O)(=O)n1c2CN(Cc2c2cc(ccc12)C(=O)N1CCC(C)CC1)C1CCCCO1,5.2088
50222787,CCCCCc1cc(O)c2[C@@H]3C=C(C)CC[C@H]3C(C)(C)Cc2c1,7.6968
50222788,CC1CCN(CC1)C(=O)c1ccc2n(C(C)=O)c3CN(Cc3c2c1)C1CCCC1,5.6325
50222789,CCS(=O)(=O)n1c2CN(Cc3ccccc3)Cc2c2cc(ccc12)C(=O)N1CCC(C)CC1,5.8952
50222790,CC1CCN(CC1)C(=O)c1ccc2n(CC=C)c3CN(Cc3c2c1)C1CCCC1,6.158
50222792,CCS(=O)(=O)n1c2CN(CCC3CCCCC3)Cc2c2cc(ccc12)C(=O)N1CCC(C)CC1,5.5619
50222793,CCCN1Cc2c(C1)c1cc(ccc1n2S(=O)(=O)CC)C(=O)N1CCC(C)CC1,6.219
50222794,CCS(=O)(=O)n1c2CN(Cc2c2cc(ccc12)C(=O)N1CCC(CC1)OC)C1CCCC1,5.6714
50222795,CCCS(=O)(=O)n1c2CN(Cc2c2cc(ccc12)C(=O)N1CCC(C)CC1)C1CCCC1,6.71
50222796,CCS(=O)(=O)n1c2CN(Cc2c2cc(ccc12)C(=O)N1CCC(F)CC1)C1CCCC1,5.5355
50222797,CC1CCN(CC1)C(=O)c1ccc2n(c3CN(Cc3c2c1)C1CCCC1)S(C)(=O)=O,6.5544
50222798,CCS(=O)(=O)n1c2CN(Cc2c2cc(ccc12)C(=O)N1CCCCC1)C1CCCC1,6.0872
50222799,CCS(=O)(=O)n1c2CN(Cc2c2cc(ccc12)C(=O)N(C)CCC(C)C)C1CCCC1,5.8318
50222800,CCS(=O)(=O)n1c2CN(CC=C)Cc2c2cc(ccc12)C(=O)N1CCC(C)CC1,6.58
50222801,CC1CCN(CC1)C(=O)c1ccc2n(C)c3CN(Cc3c2c1)C1CCCC1,5.7421
50222802,CCS(=O)(=O)n1c2CN(Cc2c2cc(ccc12)C(=O)N(C)C(C)C)C1CCCC1,5.1413
50222803,CCS(=O)(=O)n1c2CN(CC3CCCCC3)Cc2c2cc(ccc12)C(=O)N1CCC(C)CC1,6.4698
50222804,CCS(=O)(=O)n1c2CN(CC3CC3)Cc2c2cc(ccc12)C(=O)N1CCC(C)CC1,6.7545
50222805,CCS(=O)(=O)n1c2CN(Cc2c2cc(ccc12)C(=O)N1CCC(C)CC1)C1CCCC1,7.1785
50222806,CCS(=O)(=O)n1c2CN(Cc2c2cc(ccc12)C(=O)N1CCC(C)CC1)C1CCOCC1,5.5198
50222807,CCS(=O)(=O)n1c2CN(Cc2c2cc(ccc12)C(=O)N1CCC(C)CC1)C(C)C,6.3788
50222808,CC1CCN(CC1)C(=O)c1ccc2n(Cc3ccccc3)c3CN(Cc3c2c1)C1CCCC1,6.1818
50222809,CCCCN1Cc2c(C1)c1cc(ccc1n2S(=O)(=O)CC)C(=O)N1CCC(C)CC1,6.4672
50222810,CC1CCN(CC1)C(=O)c1ccc2n(c3CN(Cc3c2c1)C1CCCC1)S(=O)(=O)c1ccccc1,6.5867
50222811,CC1CCN(CC1)C(=O)c1ccc2n(c3CN(Cc3c2c1)C1CCCC1)S(=O)(=O)C1CC1,6.8633
50222812,CCCCN(C)C(=O)c1ccc2n(c3CN(Cc3c2c1)C1CCCC1)S(=O)(=O)CC,6.1085
50222814,CCS(=O)(=O)n1c2CN(Cc2c2cc(ccc12)C(=O)N1CCC(C)CC1)C1CCOC1,6.0119
50225147,COc1ccc2c(n1)n(Cc1ccccc1)cc(C(=O)NC1CCCCC1)c2=O,6.2518
50225148,O=C(NC1CCCCCC1)c1cn(CCN2CCOCC2)c2ccccc2c1=O,6.5376
50225149,Clc1ccc2c3nn(C4CCCCC4)c(=O)c3cn(Cc3ccccc3)c2c1,6.2518
50225150,Nc1ccc2c(n1)n(Cc1ccccc1)c(cc2=O)C(=O)NC1CCCCC1,5.2518
50225152,O=C(NC1CCCCCC1)c1cn(Cc2ccccc2)c2ccccc2c1=O,7.7696
50225154,O=c1n(nc2c1cn(Cc1ccccc1)c1ccccc21)C1CCCCC1,6.2076
50225155,O=c1n(nc2c1cn(CCN1CCOCC1)c1ccccc21)-c1ccccc1,5.5528
50225156,COc1ccc2c(c1)n(Cc1ccccc1)cc(C(=O)NC1CCCCC1)c2=O,6.7696
50225157,COc1ccc2c(c1)n(CCN1CCOCC1)cc(C(=O)NC1CCCCC1)c2=O,5.5346
50226179,"Clc1ccc(cc1)C1CC(=NN1c1ccc(Cl)cc1Cl)C(=O)NN1CCOCC1, Clc1ccc(cc1)C1CC(=NN1c1ccc(Cl)cc1Cl)C(=O)NN1CCOCC1",6.5736
50228072,CCCCCCC(C)(C)c1cc(O)c2c(c1)oc(=O)c1ccc(O)cc21,6.3979
50230537,CN=C(NS(=O)(=O)c1ccc(Cl)cc1)N1C[C@@H](C(=N1)c1ccc(Cl)cc1)c1ccccc1,8.1079
50232933,C[C@H]1CC[C@H](CC1)NC(=O)c1cc(nn(Cc2ccc(F)cc2)c1=O)-c1ccccc1,6.9393
50232934,O=C(NC1CCCCCC1)c1cc(nn(C2CCCC2)c1=O)-c1ccccc1,6.4377
50232935,Fc1ccc(Cn2nc(cc(C(=O)NC3CCCCCC3)c2=O)-c2ccccc2)cc1,7.4815
50232936,O=C(NC12CC3CC(CC(C3)C1)C2)c1cc(nn(C2CCCC2)c1=O)-c1ccccc1,6.6108
50232937,Cc1ccc(cc1Cl)-c1cc(C(=O)NC23CC4CC(CC(C4)C2)C3)c(=O)n(n1)C1CCCC1,7.6021
50232939,C[C@H]1CC[C@@H](CC1)NC(=O)c1cc(nn(Cc2ccc(F)cc2)c1=O)-c1ccccc1,6.4921
50232942,Fc1ccc(Cn2nc(cc(C(=O)NC3CCCCC3)c2=O)-c2ccccc2)cc1,6.3307
50234380,"Cc1ccc(cc1S(=O)(=O)N1CCCCC1)C(=O)Oc1cccc2cccnc12, Cc1ccc(cc1S(=O)(=O)N1CCCCC1)C(=O)Oc1cccc2cccnc12",8.8127
50234418,"COc1ccc2n(C(=O)c3cccc(Cl)c3Cl)c(C)c(CCN3CCOCC3)c2c1, COc1ccc2n(C(=O)c3cccc(Cl)c3Cl)c(C)c(CCN3CCOCC3)c2c1, COc1ccc2n(C(=O)c3cccc(Cl)c3Cl)c(C)c(CCN3CCOCC3)c2c1, COc1ccc2n(C(=O)c3cccc(Cl)c3Cl)c(C)c(CCN3CCOCC3)c2c1",5.4893
50239215,Cc1ccc(cc1S(=O)(=O)N1CCOCC1)C(=O)NC(C(C)(C)C)C(C)(C)C,6.5086
50240605,COc1ccc2n(C(=O)c3cccc(Cl)c3Cl)c(C)c(CN3CCOCC3)c2c1,5.4733
50240606,Cc1c(CCN2CCOCC2)c2ccccc2n1C(=O)c1cccc2ccccc12,5.6609
50240608,COc1ccc2n(C(=O)c3cccc(Cl)c3Cl)c(C)c(CC(=O)N3CCOCC3)c2c1,5.6897
50242582,"Clc1ccc(cc1)C(N1CCN(CC1)C(=O)NC1CCCCC1)c1ccc(Cl)cc1Cl, Clc1ccc(cc1)C(N1CCN(CC1)C(=O)NC1CCCCC1)c1ccc(Cl)cc1Cl, Clc1ccc(cc1)C(N1CCN(CC1)C(=O)NC1CCCCC1)c1ccc(Cl)cc1Cl",7.9316
50243535,"CCCS(=O)(=O)Oc1ccc(cc1)-n1c(C)c(nc1-c1ccc(Cl)cc1Cl)C(=O)NN1CCCCC1, CCCS(=O)(=O)Oc1ccc(cc1)-n1c(C)c(nc1-c1ccc(Cl)cc1Cl)C(=O)NN1CCCCC1, CCCS(=O)(=O)Oc1ccc(cc1)-n1c(C)c(nc1-c1ccc(Cl)cc1Cl)C(=O)NN1CCCCC1",9.2998
50243536,"Cc1c(nc(-c2ccc(Cl)cc2Cl)n1-c1ccc(OS(=O)(=O)CCC(F)(F)F)cc1)C(=O)N[C@@H]1CCCC[C@@H]1O, Cc1c(nc(-c2ccc(Cl)cc2Cl)n1-c1ccc(OS(=O)(=O)CCC(F)(F)F)cc1)C(=O)N[C@@H]1CCCC[C@@H]1O, Cc1c(nc(-c2ccc(Cl)cc2Cl)n1-c1ccc(OS(=O)(=O)CCC(F)(F)F)cc1)C(=O)N[C@@H]1CCCC[C@@H]1O",9.5324
50243545,"Cc1c(nc(-c2ccc(Cl)cc2Cl)n1-c1ccc(OCCCF)cc1)C(=O)NN1CCCCC1, Cc1c(nc(-c2ccc(Cl)cc2Cl)n1-c1ccc(OCCCF)cc1)C(=O)NN1CCCCC1, Cc1c(nc(-c2ccc(Cl)cc2Cl)n1-c1ccc(OCCCF)cc1)C(=O)NN1CCCCC1",8.8075
50243546,"CN(C)[C@H]1CCCC[C@H]1NC(=O)c1nc(-c2ccc(Cl)cc2Cl)n(c1C)-c1ccc(OS(=O)(=O)CCC(F)(F)F)cc1, CN(C)[C@H]1CCCC[C@H]1NC(=O)c1nc(-c2ccc(Cl)cc2Cl)n(c1C)-c1ccc(OS(=O)(=O)CCC(F)(F)F)cc1, CN(C)[C@H]1CCCC[C@H]1NC(=O)c1nc(-c2ccc(Cl)cc2Cl)n(c1C)-c1ccc(OS(=O)(=O)CCC(F)(F)F)cc1, CN(C)[C@H]1CCCC[C@H]1NC(=O)c1nc(-c2ccc(Cl)cc2Cl)n(c1C)-c1ccc(OS(=O)(=O)CCC(F)(F)F)cc1",7.8464
50243547,"Cc1c(nc(-c2ccc(Cl)cc2Cl)n1-c1ccc(OCCC(F)(F)F)cc1)C(=O)NN1CCCCC1, Cc1c(nc(-c2ccc(Cl)cc2Cl)n1-c1ccc(OCCC(F)(F)F)cc1)C(=O)NN1CCCCC1, Cc1c(nc(-c2ccc(Cl)cc2Cl)n1-c1ccc(OCCC(F)(F)F)cc1)C(=O)NN1CCCCC1, Cc1c(nc(-c2ccc(Cl)cc2Cl)n1-c1ccc(OCCC(F)(F)F)cc1)C(=O)NN1CCCCC1",8.7004
50243560,"Cc1c(nc(-c2ccc(Cl)cc2Cl)n1-c1ccc(OCc2ccccc2)cc1)C(=O)NN1CCCCC1, Cc1c(nc(-c2ccc(Cl)cc2Cl)n1-c1ccc(OCc2ccccc2)cc1)C(=O)NN1CCCCC1",7.9499
50243561,"Cc1c(nc(-c2ccc(Cl)cc2Cl)n1-c1ccc(OCCCC(F)(F)F)cc1)C(=O)NN1CCCCC1, Cc1c(nc(-c2ccc(Cl)cc2Cl)n1-c1ccc(OCCCC(F)(F)F)cc1)C(=O)NN1CCCCC1, Cc1c(nc(-c2ccc(Cl)cc2Cl)n1-c1ccc(OCCCC(F)(F)F)cc1)C(=O)NN1CCCCC1, Cc1c(nc(-c2ccc(Cl)cc2Cl)n1-c1ccc(OCCCC(F)(F)F)cc1)C(=O)NN1CCCCC1",9.3015
50243587,"Cc1c(nc(-c2ccc(Cl)cc2Cl)n1-c1ccc(OS(=O)(=O)CCCF)cc1)C(=O)NN1CCCCC1, Cc1c(nc(-c2ccc(Cl)cc2Cl)n1-c1ccc(OS(=O)(=O)CCCF)cc1)C(=O)NN1CCCCC1, Cc1c(nc(-c2ccc(Cl)cc2Cl)n1-c1ccc(OS(=O)(=O)CCCF)cc1)C(=O)NN1CCCCC1, Cc1c(nc(-c2ccc(Cl)cc2Cl)n1-c1ccc(OS(=O)(=O)CCCF)cc1)C(=O)NN1CCCCC1",8.9996
50243588,"CCCCS(=O)(=O)Oc1ccc(cc1)-n1c(C)c(nc1-c1ccc(Cl)cc1Cl)C(=O)NN1CCCCC1, CCCCS(=O)(=O)Oc1ccc(cc1)-n1c(C)c(nc1-c1ccc(Cl)cc1Cl)C(=O)NN1CCCCC1, CCCCS(=O)(=O)Oc1ccc(cc1)-n1c(C)c(nc1-c1ccc(Cl)cc1Cl)C(=O)NN1CCCCC1",9.5619
50243589,"Cc1c(nc(-c2ccc(Cl)cc2Cl)n1-c1ccc(OS(=O)(=O)CCCC(F)(F)F)cc1)C(=O)NN1CCCCC1, Cc1c(nc(-c2ccc(Cl)cc2Cl)n1-c1ccc(OS(=O)(=O)CCCC(F)(F)F)cc1)C(=O)NN1CCCCC1, Cc1c(nc(-c2ccc(Cl)cc2Cl)n1-c1ccc(OS(=O)(=O)CCCC(F)(F)F)cc1)C(=O)NN1CCCCC1",9.269
50243593,"CC(C)CCS(=O)(=O)Oc1ccc(cc1)-n1c(C)c(nc1-c1ccc(Cl)cc1Cl)C(=O)NN1CCCCC1, CC(C)CCS(=O)(=O)Oc1ccc(cc1)-n1c(C)c(nc1-c1ccc(Cl)cc1Cl)C(=O)NN1CCCCC1, CC(C)CCS(=O)(=O)Oc1ccc(cc1)-n1c(C)c(nc1-c1ccc(Cl)cc1Cl)C(=O)NN1CCCCC1",9.4284
50243594,"Cc1c(nc(-c2ccc(Cl)cc2Cl)n1-c1ccc(OS(=O)(=O)CCC(F)(F)F)cc1)C(=O)NN1CCCC(O)C1, Cc1c(nc(-c2ccc(Cl)cc2Cl)n1-c1ccc(OS(=O)(=O)CCC(F)(F)F)cc1)C(=O)NN1CCCC(O)C1, Cc1c(nc(-c2ccc(Cl)cc2Cl)n1-c1ccc(OS(=O)(=O)CCC(F)(F)F)cc1)C(=O)NN1CCCC(O)C1, Cc1c(nc(-c2ccc(Cl)cc2Cl)n1-c1ccc(OS(=O)(=O)CCC(F)(F)F)cc1)C(=O)NN1CCCC(O)C1",9.0848
50243608,"Cc1c(nc(-c2ccc(Cl)cc2Cl)n1-c1ccc(OS(=O)(=O)CCC(F)(F)F)cc1)C(=O)N[C@H]1CCC[C@H](O)C1, Cc1c(nc(-c2ccc(Cl)cc2Cl)n1-c1ccc(OS(=O)(=O)CCC(F)(F)F)cc1)C(=O)N[C@H]1CCC[C@H](O)C1, Cc1c(nc(-c2ccc(Cl)cc2Cl)n1-c1ccc(OS(=O)(=O)CCC(F)(F)F)cc1)C(=O)N[C@H]1CCC[C@H](O)C1",9.2619
50243609,"Cc1c(nc(-c2ccc(Cl)cc2Cl)n1-c1ccc(OS(=O)(=O)CCC(F)(F)F)cc1)C(=O)N[C@@H]1CCCC[C@H]1O, Cc1c(nc(-c2ccc(Cl)cc2Cl)n1-c1ccc(OS(=O)(=O)CCC(F)(F)F)cc1)C(=O)N[C@@H]1CCCC[C@H]1O, Cc1c(nc(-c2ccc(Cl)cc2Cl)n1-c1ccc(OS(=O)(=O)CCC(F)(F)F)cc1)C(=O)N[C@@H]1CCCC[C@H]1O, Cc1c(nc(-c2ccc(Cl)cc2Cl)n1-c1ccc(OS(=O)(=O)CCC(F)(F)F)cc1)C(=O)N[C@@H]1CCCC[C@H]1O",9.2411
50243610,"Cc1c(nc(-c2ccc(Cl)cc2Cl)n1-c1ccc(OS(=O)(=O)CCC(F)(F)F)cc1)C(=O)NC1CCC(O)CC1, Cc1c(nc(-c2ccc(Cl)cc2Cl)n1-c1ccc(OS(=O)(=O)CCC(F)(F)F)cc1)C(=O)NC1CCC(O)CC1, Cc1c(nc(-c2ccc(Cl)cc2Cl)n1-c1ccc(OS(=O)(=O)CCC(F)(F)F)cc1)C(=O)NC1CCC(O)CC1, Cc1c(nc(-c2ccc(Cl)cc2Cl)n1-c1ccc(OS(=O)(=O)CCC(F)(F)F)cc1)C(=O)NC1CCC(O)CC1",8.9125
50243611,"Cc1c(nc(-c2ccc(Cl)cc2Cl)n1-c1ccc(OS(=O)(=O)CCC(F)(F)F)cc1)C(=O)N[C@H]1CCCC[C@H]1N, Cc1c(nc(-c2ccc(Cl)cc2Cl)n1-c1ccc(OS(=O)(=O)CCC(F)(F)F)cc1)C(=O)N[C@H]1CCCC[C@H]1N, Cc1c(nc(-c2ccc(Cl)cc2Cl)n1-c1ccc(OS(=O)(=O)CCC(F)(F)F)cc1)C(=O)N[C@H]1CCCC[C@H]1N, Cc1c(nc(-c2ccc(Cl)cc2Cl)n1-c1ccc(OS(=O)(=O)CCC(F)(F)F)cc1)C(=O)N[C@H]1CCCC[C@H]1N",8.8502
50243612,"Cc1c(nc(-c2ccc(Cl)cc2Cl)n1-c1ccc(OS(=O)(=O)CCC(F)(F)F)cc1)C(=O)Nc1ccc(OC(F)(F)F)cc1, Cc1c(nc(-c2ccc(Cl)cc2Cl)n1-c1ccc(OS(=O)(=O)CCC(F)(F)F)cc1)C(=O)Nc1ccc(OC(F)(F)F)cc1, Cc1c(nc(-c2ccc(Cl)cc2Cl)n1-c1ccc(OS(=O)(=O)CCC(F)(F)F)cc1)C(=O)Nc1ccc(OC(F)(F)F)cc1, Cc1c(nc(-c2ccc(Cl)cc2Cl)n1-c1ccc(OS(=O)(=O)CCC(F)(F)F)cc1)C(=O)Nc1ccc(OC(F)(F)F)cc1",9.2452
50243625,"Cc1c(nc(-c2ccc(Cl)cc2Cl)n1-c1ccc(OS(=O)(=O)CCC(F)(F)F)cc1)C(=O)Nc1ccc(F)nc1, Cc1c(nc(-c2ccc(Cl)cc2Cl)n1-c1ccc(OS(=O)(=O)CCC(F)(F)F)cc1)C(=O)Nc1ccc(F)nc1, Cc1c(nc(-c2ccc(Cl)cc2Cl)n1-c1ccc(OS(=O)(=O)CCC(F)(F)F)cc1)C(=O)Nc1ccc(F)nc1",9.269
50243626,"Cc1c(nc(-c2ccc(Cl)cc2Cl)n1-c1ccc(OS(=O)(=O)CCC(F)(F)F)cc1)C(=O)Nc1ccc(C)cn1, Cc1c(nc(-c2ccc(Cl)cc2Cl)n1-c1ccc(OS(=O)(=O)CCC(F)(F)F)cc1)C(=O)Nc1ccc(C)cn1, Cc1c(nc(-c2ccc(Cl)cc2Cl)n1-c1ccc(OS(=O)(=O)CCC(F)(F)F)cc1)C(=O)Nc1ccc(C)cn1, Cc1c(nc(-c2ccc(Cl)cc2Cl)n1-c1ccc(OS(=O)(=O)CCC(F)(F)F)cc1)C(=O)Nc1ccc(C)cn1",9.3413
50243627,"Cc1c(nc(-c2ccc(Cl)cc2Cl)n1-c1ccc(OS(=O)(=O)CCC(F)(F)F)cc1)C(=O)Nc1ccc(cn1)C(F)(F)F, Cc1c(nc(-c2ccc(Cl)cc2Cl)n1-c1ccc(OS(=O)(=O)CCC(F)(F)F)cc1)C(=O)Nc1ccc(cn1)C(F)(F)F, Cc1c(nc(-c2ccc(Cl)cc2Cl)n1-c1ccc(OS(=O)(=O)CCC(F)(F)F)cc1)C(=O)Nc1ccc(cn1)C(F)(F)F, Cc1c(nc(-c2ccc(Cl)cc2Cl)n1-c1ccc(OS(=O)(=O)CCC(F)(F)F)cc1)C(=O)Nc1ccc(cn1)C(F)(F)F",9.5536
50243637,"Cc1c(nc(-c2ccc(Cl)cc2Cl)n1-c1ccc(OS(=O)(=O)CCC(C)(C)C)cc1)C(=O)NN1CCCCC1, Cc1c(nc(-c2ccc(Cl)cc2Cl)n1-c1ccc(OS(=O)(=O)CCC(C)(C)C)cc1)C(=O)NN1CCCCC1, Cc1c(nc(-c2ccc(Cl)cc2Cl)n1-c1ccc(OS(=O)(=O)CCC(C)(C)C)cc1)C(=O)NN1CCCCC1",9.0997
50243644,"Cc1c(nc(-c2ccc(Cl)cc2Cl)n1-c1ccc(OS(=O)(=O)CCC(F)(F)F)cc1)C(=O)Nc1ccc(nc1)C(F)(F)F, Cc1c(nc(-c2ccc(Cl)cc2Cl)n1-c1ccc(OS(=O)(=O)CCC(F)(F)F)cc1)C(=O)Nc1ccc(nc1)C(F)(F)F, Cc1c(nc(-c2ccc(Cl)cc2Cl)n1-c1ccc(OS(=O)(=O)CCC(F)(F)F)cc1)C(=O)Nc1ccc(nc1)C(F)(F)F, Cc1c(nc(-c2ccc(Cl)cc2Cl)n1-c1ccc(OS(=O)(=O)CCC(F)(F)F)cc1)C(=O)Nc1ccc(nc1)C(F)(F)F",9.0913
50243645,"Cc1c(nc(-c2ccc(Cl)cc2Cl)n1-c1ccc(OS(=O)(=O)CCC(F)(F)F)cc1)C(=O)NN1CCCCC1, Cc1c(nc(-c2ccc(Cl)cc2Cl)n1-c1ccc(OS(=O)(=O)CCC(F)(F)F)cc1)C(=O)NN1CCCCC1, Cc1c(nc(-c2ccc(Cl)cc2Cl)n1-c1ccc(OS(=O)(=O)CCC(F)(F)F)cc1)C(=O)NN1CCCCC1, Cc1c(nc(-c2ccc(Cl)cc2Cl)n1-c1ccc(OS(=O)(=O)CCC(F)(F)F)cc1)C(=O)NN1CCCCC1",9.4396
50243706,CCOc1ccc(Cc2nc3cc(ccc3n2CC2CCOCC2)C(=O)N(CC)CC)cc1,5.9176
50243717,CC1=CC[C@@H]2[C@@H](C1)c1c(O)cc(cc1OC2(C)C)C(C)(C)c1ccc(cc1)C#N,8.0339
50243718,CC1=CC[C@@H]2[C@@H](C1)c1c(O)cc(cc1OC2(C)C)C(C)(C)c1cccc(c1)C#N,8.5654
50243719,CC1=CC[C@@H]2[C@@H](C1)c1c(O)cc(cc1OC2(C)C)C(C)(C)c1ccc(cc1)C(N)=O,7.8633
50243861,CCOc1ccc(Cc2nc3cc(ccc3n2C[C@H]2CCCCN2C)C(=O)N(CC)CC)cc1,5.365
50243961,CCN(CC)C(=O)c1ccc2n(CCC(C)C)c(Cc3ccc(OC(C)C)cc3)nc2c1,5.3298
50244009,CCN(CC)C(=O)c1ccc2n(CCC(C)C)c(Cc3ccc(OCC4CC4)cc3)nc2c1,5.3778
50244010,CCN(CC)C(=O)c1ccc2n(CCC(C)C)c(Cc3ccc(Oc4ccccc4)cc3)nc2c1,5.6205
50244060,CCCN(CCC)C(=O)c1ccc2n(CC3CC3)c(Cc3ccc(OCC)cc3)nc2c1,5.5837
50244098,CCOc1ccc(Cc2nc3cc(ccc3n2CC2CC2)C(=O)N(CC(F)(F)F)CC(F)(F)F)cc1,5.3435
50244178,CCOc1ccc(Cc2nc3cc(ccc3n2CC2CC2)N(C)C(=O)c2cccs2)cc1,5.605
50244214,CCOc1ccc(Cc2nc3cc(ccc3n2CC2CC2)N(C)C(=O)N2CCCCC2)cc1,5.459
50244244,"CCOc1ccc(Cc2nc3cc(ccc3n2CCC(C)C)C(=O)N2CCCCC2)cc1, CCOc1ccc(Cc2nc3cc(ccc3n2CCC(C)C)C(=O)N2CCCCC2)cc1",4.7848
50244252,CC1=CC[C@@H]2[C@@H](C1)c1c(O)cc(cc1OC2(C)C)C(C)(C)c1ccc(C)cc1,8.5045
50244281,CC1=CC[C@@H]2[C@@H](C1)c1c(O)cc(cc1OC2(C)C)C(C)(C)c1cccc(C)c1,8.5969
50244282,CC1=CC[C@@H]2[C@@H](C1)c1c(O)cc(cc1OC2(C)C)C(C)(C)c1ccccc1C,7.4634
50244283,CC1=CC[C@@H]2[C@@H](C1)c1c(O)cc(cc1OC2(C)C)C(C)(C)c1cc(C)cc(C)c1,7.9586
50244284,CCc1ccc(cc1)C(C)(C)c1cc(O)c2[C@@H]3CC(C)=CC[C@H]3C(C)(C)Oc2c1,8.7328
50244316,CCOc1ccc(Cc2nc3cc(ccc3n2CC2CCC2)C(=O)N(CC)CC)cc1,5.5065
50244317,CCOc1ccc(Cc2nc3cc(ccc3n2CC2CCCC2)C(=O)N(CC)CC)cc1,6.3089
50244318,CCOc1ccc(Cc2nc3cc(ccc3n2CC2CCCCC2)C(=O)N(CC)CC)cc1,6.9586
50244319,CCOc1ccc(Cc2nc3cc(ccc3n2CC23CC4CC(CC(C4)C2)C3)C(=O)N(CC)CC)cc1,6.3915
50244320,CCCc1ccc(cc1)C(C)(C)c1cc(O)c2[C@@H]3CC(C)=CC[C@H]3C(C)(C)Oc2c1,8.752
50244321,CC1=CC[C@@H]2[C@@H](C1)c1c(O)cc(cc1OC2(C)C)C(C)(C)c1ccc(F)cc1,7.1186
50244322,CC1=CC[C@@H]2[C@@H](C1)c1c(O)cc(cc1OC2(C)C)C(C)(C)c1cccc(F)c1,8.279
50244323,CC1=CC[C@@H]2[C@@H](C1)c1c(O)cc(cc1OC2(C)C)C(C)(C)c1ccc(Cl)cc1,7.7258
50244351,CCOc1ccc(Cc2nc3cc(ccc3n2Cc2ccccc2)C(=O)N(CC)CC)cc1,5.3218
50244357,CC1=CC[C@@H]2[C@@H](C1)c1c(O)cc(cc1OC2(C)C)C(C)(C)c1cccc(Cl)c1,8.5528
50244358,CC1=CC[C@@H]2[C@@H](C1)c1c(O)cc(cc1OC2(C)C)C(C)(C)c1ccc(Br)cc1,8.2984
50244359,CC1=CC[C@@H]2[C@@H](C1)c1c(O)cc(cc1OC2(C)C)C(C)(C)c1cccc(Br)c1,8.7986
50244360,"CC1=CC[C@@H]2[C@@H](C1)c1c(O)cc(cc1OC2(C)C)C(C)(C)c1cccs1, CC1=CC[C@@H]2[C@@H](C1)c1c(O)cc(cc1OC2(C)C)C(C)(C)c1cccs1",8.4384
50246638,CCCCC\C=C/C\C=C/C\C=C/C\C=C/CCCC(=O)Nc1ccc2[nH]ncc2c1,6.5229
50246639,CCCCC\C=C/C\C=C/C\C=C/C\C=C/CCCC(=O)Nc1ccc(O)c(OC)c1,5.8539
50247204,Clc1ccc(c(Cl)c1)-n1ncc(C(=O)NC2CC2)c1-c1ccc(I)cc1,6.6778
50247205,Clc1ccc(c(Cl)c1)-n1ncc(C(=O)NC2CCCCCC2)c1-c1ccc(I)cc1,5.9586
50247390,CN1CCN(CC1)NC(=O)c1cnn(c1-c1ccc(Cl)cc1)-c1ccc(Cl)cc1Cl,4.7959
50247415,Clc1ccc(cc1)-c1c(cnn1-c1ccc(Cl)cc1Cl)C(=O)NC1CC1,6.0706
50247416,CN1CCN(CC1)NC(=O)c1cnn(c1-c1ccc(Br)cc1)-c1ccc(Cl)cc1Cl,5.585
50247428,Clc1ccc(c(Cl)c1)-n1ncc(C(=O)NC2CC2)c1-c1ccc(Br)cc1,6
50247429,Clc1ccc(c(Cl)c1)-n1ncc(C(=O)NC2CCCCCC2)c1-c1ccc(Br)cc1,5.9586
50247430,Clc1ccc(c(Cl)c1)-n1ncc(C(=O)NN2CCCCC2)c1-c1ccc(I)cc1,5.8861
50248604,"Oc1cc(cc(O)c1-c1cc(Cl)cc(Cl)c1)C(=O)c1ccccc1, Oc1cc(cc(O)c1-c1cc(Cl)cc(Cl)c1)C(=O)c1ccccc1",6.4447
50248606,CC(C)(c1ccccc1)c1cc(O)c(c(O)c1)-c1cc(Cl)cc(Cl)c1,7.0284
50249594,CCCc1sc(NC(=O)C23CC4CC(CC(C4)C2)C3)c(C(=O)O[11CH3])c1C,5.9586
50249595,[11CH3]OC(=O)c1c(NC(=O)C23CC4CC(CC(O)(C4)C2)C3)sc2CCCCc12,6
50253826,"Clc1ccc(cc1)C1=NN(C[C@@H]1c1ccccc1)C(=N)NS(=O)(=O)c1ccc(cc1)C#N, Clc1ccc(cc1)C1=NN(C[C@@H]1c1ccccc1)C(=N)NS(=O)(=O)c1ccc(cc1)C#N",8.9269
50253861,"Clc1ccc(cc1)C1=NN(C[C@H]1c1ccccc1)C(=N)NS(=O)(=O)c1ccc(cc1)C#N, Clc1ccc(cc1)C1=NN(C[C@H]1c1ccccc1)C(=N)NS(=O)(=O)c1ccc(cc1)C#N",7.3861
50253862,"Clc1ccc(cc1)C1=NN(C[C@@H]1c1ccccc1)C(=N)NS(=O)(=O)c1ccc(I)cc1, Clc1ccc(cc1)C1=NN(C[C@@H]1c1ccccc1)C(=N)NS(=O)(=O)c1ccc(I)cc1",9.1221
50253863,"Clc1ccc(cc1)C1=NN(C[C@H]1c1ccccc1)C(=N)NS(=O)(=O)c1ccc(I)cc1, Clc1ccc(cc1)C1=NN(C[C@H]1c1ccccc1)C(=N)NS(=O)(=O)c1ccc(I)cc1",7.3723
50256218,CSC(=S)N1CC2(CCCCC2)CO\C1=N/c1cccc2ccccc12,8.0315
50256219,CSC(=O)N1CC2(CCCCC2)CS\C1=N/c1cccc2ccccc12,7.3098
50256220,CSC(=O)N1CC2(CCCCC2)CO\C1=N/c1cccc2ccccc12,7.5086
50256221,CSC(=O)N1CC2(CCCCC2)CN=C1Nc1cccc2ccccc12,6.2048
50256222,CSC(=S)N1CC2(CCCCC2)CO\C1=N/c1ccccc1,6.2882
50256315,COc1ccccc1\N=C1/OCC2(CCCCC2)CN1C(=S)SC,7.2291
50256316,CSC(=S)N1CC2(CCCCC2)CO\C1=N/c1cccc2nonc12,6.8182
50256317,CSC(=S)N1CC2(CCCCC2)CO\C1=N/c1nc(cs1)C(C)(C)C,9
50256318,CSC(=S)N1CC2(CCCCC2)CO\C1=N/c1cc(no1)C(C)(C)C,9.0458
50256319,CCC(CC)(CC)c1cc(\N=C2/OCC3(CCCCC3)CN2C(=S)SC)on1,9
50256377,CSC(=S)N1CC2(CCCCC2)CO\C1=N/c1cc(on1)C(C)(C)C,7.7696
50256378,CSC(=S)N1CC2(CCCCC2)CO\C1=N/c1ccc(F)c2ccccc12,8.3098
50256379,"CSC(=S)N1CC2(CCCCC2)CO\C1=N/c1ccc(Cl)c2ccccc12, CSC(=S)N1CC2(CCCCC2)CO\C1=N/c1ccc(Cl)c2ccccc12",8.2827
50256380,CSC(=S)N1CC2(CCCCC2)CO\C1=N/c1ccc(C#N)c2ccccc12,8.0362
50256381,CSC(=S)N1CC2(CCCCC2)CO\C1=N/c1ccc([N+]([O-])=O)c2ccccc12,7.8539
50256430,CSC(=S)N1CC2(CCCCC2)CO\C1=N/c1ccc(N(C)C)c2ccccc12,8.3098
50256431,CSC(=S)N1CC2(CCCCC2)CO\C1=N/c1cccc2CCCCc12,7.8539
50256432,CSC(=S)N1CC2(CCCCC2)CO\C1=N/c1ccc(Cl)c2CCCCc12,7.1192
50256433,CSC(=S)N1CC2(CCCCC2)CO\C1=N/c1ccc(C#N)c2CCCCc12,6.9957
50258525,O=C(NC1CCCCC1)c1cc2cccnc2n(CCN2CCOCC2)c1=O,6.2518
50258526,O=C(NC1CCCCC1)c1cc2cccnc2n(Cc2ccccc2)c1=O,6.2518
50258527,Fc1ccc(Cn2c3ncccc3cc(C(=O)NC3CCCCC3)c2=O)cc1,7.2518
50258569,CCCCn1c2ncccc2cc(C(=O)NC2CCCCC2)c1=O,5.2518
50258570,CC1CCC(CC1)NC(=O)c1cc2cccnc2n(CCN2CCOCC2)c1=O,6
50258571,Fc1ccc(CCNC(=O)c2cc3cccnc3n(Cc3ccccc3)c2=O)cc1,5.1582
50258572,O=C(NC1CCCCCC1)c1cc2cccnc2n(Cc2ccccc2)c1=O,6.0177
50258604,Fc1ccc(Cn2c3ncccc3cc(C(=O)NC3CCCCCC3)c2=O)cc1,8.0177
50258605,O=C(NC1CCCCCC1)c1cc2cccnc2n(CCN2CCOCC2)c1=O,7.7447
50258606,CC1CCC(CC1)NC(=O)c1cc2cccnc2n(Cc2ccccc2)c1=O,5.7959
50258607,C[C@H]1CC[C@@H](CC1)NC(=O)c1cc2cccnc2n(Cc2ccccc2)c1=O,5.2794
50258608,C[C@H]1CC[C@H](CC1)NC(=O)c1cc2cccnc2n(Cc2ccccc2)c1=O,5.8184
50258652,CC1CCC(CC1)NC(=O)c1cc2cccnc2n(Cc2ccc(F)cc2)c1=O,6.699
50258653,C[C@H]1CC[C@@H](CC1)NC(=O)c1cc2cccnc2n(Cc2ccc(F)cc2)c1=O,6.5229
50258654,C[C@H]1CC[C@H](CC1)NC(=O)c1cc2cccnc2n(Cc2ccc(F)cc2)c1=O,6.699
50260120,CCCCCCCCCCCC(=O)c1c(O)c(c[nH]c1=O)-c1ccc(O)cc1,6
50260511,O=C(NC1CCOc2ccccc12)n1c2ccccc2n(CCN2CCOCC2)c1=O,5.6778
50260626,CNC(=O)[C@@H](NC(=O)n1c2ccccc2n(CCN2CCOCC2)c1=O)C(C)(C)C,5.5654
50260673,Cn1nnc(n1)[C@@H](NC(=O)n1c2ccccc2n(CCN2CCOCC2)c1=O)C(C)(C)C,5.8297
50260681,"FC(F)(F)c1ccc(cc1)-c1ncc(nc1-c1ccncc1Cl)N1CCS(=O)(=O)CC1, FC(F)(F)c1ccc(cc1)-c1ncc(nc1-c1ccncc1Cl)N1CCS(=O)(=O)CC1",8.7289
50260682,CCNC1(CCN(CC1)c1cnc(-c2ccc(Cl)cc2)c(n1)-c1ccc(Cl)cc1Cl)C(N)=O,9.041
50260709,CC(C)(C)[C@H](NC(=O)n1c2ccccc2n(CC2CCCO2)c1=O)C(N)=O,5.8794
50260712,CC(C)CCn1c2ccccc2n(C(=O)N[C@H](C(N)=O)C(C)(C)C)c1=O,7.1612
50260717,CCNC1(CCN(CC1)c1cnc(-c2ccc(F)cc2)c(n1)-c1ccc(Cl)cc1Cl)C(N)=O,8.757
50260718,CCNC1(CCN(CC1)c1cnc(-c2ccc(Cl)cc2)c(n1)-c1ccccc1Cl)C(N)=O,8.7799
50260719,CCNC1(CCN(CC1)c1cnc(-c2ccc(OCC)cc2)c(n1)-c1ccccc1Cl)C(N)=O,7.8251
50260720,CCNC1(CCN(CC1)c1cnc(-c2ccc(OCC)cc2)c(n1)-c1ccc(OCC)cc1)C(N)=O,8.5467
50260750,CC(C)(C)[C@H](NC(=O)n1c2ccccc2n(CC2(O)CCOCC2)c1=O)C(N)=O,5.5214
50260753,CC(C)(O)CCn1c2ccccc2n(C(=O)N[C@H](C(N)=O)C(C)(C)C)c1=O,5.8359
50260765,CCNC1(CCN(CC1)c1cnc(-c2ccc(Cl)cc2)c(n1)-c1ccc(cc1)C#N)C(N)=O,7.4904
50260766,CCNC1(CCN(CC1)c1cnc(-c2ccc(Cl)cc2)c(n1)-c1ccncc1)C(N)=O,8.0083
50260767,CCNC1(CCN(CC1)c1cnc(-c2ccc(Cl)cc2)c(n1)-c1ccnc(Cl)c1)C(N)=O,9.1739
50260768,CCNC1(CCN(CC1)c1cnc(-c2ccc(cc2)C(F)(F)F)c(n1)-c1ccnc(Cl)c1)C(N)=O,9.0605
50260803,"CCNC1(CN(C1)c1cnc(-c2ccc(cc2)C(F)(F)F)c(n1)-c1ccnc(Cl)c1)C(N)=O, CCNC1(CN(C1)c1cnc(-c2ccc(cc2)C(F)(F)F)c(n1)-c1ccnc(Cl)c1)C(N)=O",8.7169
50260804,CC(=O)NC1CCN(CC1)c1cnc(-c2ccc(cc2)C(F)(F)F)c(n1)-c1ccncc1Cl,8.7055
50260805,CCC(=O)NC1CCN(CC1)c1cnc(-c2ccc(cc2)C(F)(F)F)c(n1)-c1ccncc1Cl,9.0969
50260806,"CC(C)C(=O)NC1CCN(CC1)c1cnc(-c2ccc(cc2)C(F)(F)F)c(n1)-c1ccncc1Cl, CC(C)C(=O)NC1CCN(CC1)c1cnc(-c2ccc(cc2)C(F)(F)F)c(n1)-c1ccncc1Cl",9.4437
50261052,O=C(N[C@@H]1CCCc2ccccc12)n1c2ccccc2n(CCN2CCOCC2)c1=O,5.762
50261099,O=C(N[C@@H]1CCCc2ccccc12)N1Cc2ccccc2N(CCN2CCOCC2)C1=O,5.821
50261202,CN(CCCCCCCOc1ccc(cc1)-c1cc2ccccc2o1)Cc1ccccc1,5.5528
50261233,CN(CCCCCCCOc1ccc(cc1)-c1oc2ccccc2c1C(=O)c1ccccc1)Cc1ccccc1,6.4949
50263032,ClC(C(=O)NCCC(c1ccccc1)c1ccccc1)(c1ccccc1)c1ccccc1,6.5528
50263033,O=C(NCCC(c1ccccc1)c1ccccc1)C(c1ccccc1)c1ccccc1,7.2366
50263034,CC(C(=O)NCCC(c1ccccc1)c1ccccc1)(c1ccccc1)c1ccccc1,6.2518
50263035,OC(C(=O)NCCC(c1ccccc1)c1ccccc1)(c1ccccc1)c1ccccc1,5.6576
50263073,Clc1ccc(cc1)C(C(=O)NCCC(c1ccccc1)c1ccccc1)c1ccccc1,6.2518
50263074,Brc1ccc(cc1)C(C(=O)NCCC(c1ccccc1)c1ccccc1)c1ccccc1,6.6576
50263075,COc1ccc(cc1)C(C(=O)NCCC(c1ccccc1)c1ccccc1)c1ccccc1,6.2518
50263114,Cc1ccc(cc1)C(C(=O)NCCC(c1ccccc1)c1ccccc1)c1ccccc1,6.2518
50263115,[O-][N+](=O)c1ccc(cc1)C(C(=O)NCCC(c1ccccc1)c1ccccc1)c1ccccc1,6.2518
50263116,Oc1ccc(cc1)C(C(=O)NCCC(c1ccccc1)c1ccccc1)c1ccccc1,6.2518
50263117,Nc1ccc(cc1)C(C(=O)NCCC(c1ccccc1)c1ccccc1)c1ccccc1,6.0458
50263151,O=C(NCCCc1ccccc1)C(c1ccccc1)c1ccccc1,5.4685
50263152,Clc1ccc(cc1)C(C(=O)NCCCc1ccccc1)c1ccccc1,5.6576
50263153,Brc1ccc(cc1)C(C(=O)NCCCc1ccccc1)c1ccccc1,5.7212
50263154,O=C(Cc1ccccc1)NCCC(c1ccccc1)c1ccccc1,6.2518
50263155,Clc1ccc(CC(=O)NCCC(c2ccccc2)c2ccccc2)cc1,5.7959
50263197,Brc1ccc(CC(=O)NCCC(c2ccccc2)c2ccccc2)cc1,6.0969
50265621,CCCCCCC(C)(C)c1cc(OC)c([C@H]2C=C(CO)[C@@H]3C[C@H]2C3(C)C)c(OC)c1,5
50265647,CCCCCn1cc(C(=O)c2cc3ccccc3cc2OC)c2ccccc12,6.4191
50265747,CCCn1cc(C(=O)c2ccc(C)c3ccccc23)c2ccccc12,5.9772
50265755,CCCCCC(C)(C)c1cc(OC)c2[C@@H]3C=C(C)CC[C@H]3C(C)(C)Oc2c1,5.5039
50265756,CCCCCn1c(C)c(C(=O)c2c(OC)ccc3ccccc23)c2ccccc12,5.8604
50265758,CCCCCCC(C)(C)c1cc(OC)c(c(OC)c1)[C@@]1(O)CCC[C@@H](C)C1,5.2963
50266807,COc1ccc(cc1)-c1c(C#N)c(nn1-c1ccc(F)cc1Br)C(=O)NN1CCCCC1,7.4949
50266808,Clc1ccc(c(Cl)c1)-n1nc(C(=O)NN2CCCCC2)c(C#N)c1-c1ccc(I)cc1,7.4815
50266809,Clc1ccc(c(Cl)c1)-n1nc(C(=O)NN2CCCCC2)c(C#N)c1-c1ccc(Br)cc1,7.8539
50266830,Clc1ccc(c(Cl)c1)-n1nc(C(=O)NN2CCOCC2)c(C#N)c1-c1ccc(I)cc1,6.8827
50266832,COc1ccc(cc1)-c1c(C#N)c(nn1-c1ccc(Cl)cc1Cl)C(=O)NN1CCCC1,8.699
50266833,FCOc1ccc(cc1)-c1c(C#N)c(nn1-c1ccc(Cl)cc1Cl)C(=O)NN1CCCCC1,7.9872
50266864,Clc1ccc(cc1)-c1c(C#N)c(nn1-c1ccc(Cl)cc1Cl)C(=O)NN1CCCCC1,7.6198
50267372,"Cc1c(nn(c1-c1ccc(I)cc1)-c1ccc(Cl)cc1Cl)C(=O)NN1CCOCC1, Cc1c(nn(c1-c1ccc(I)cc1)-c1ccc(Cl)cc1Cl)C(=O)NN1CCOCC1",7.1304
50267373,COc1ccc(cc1)-c1c(C#N)c(nn1-c1ccc(Cl)cc1Cl)C(=O)NN1CCCCC1,7.9586
50267374,COc1ccc(cc1)-c1c(C#N)c(nn1-c1ccccc1Br)C(=O)NN1CCCCC1,8.3279
50267375,COc1ccc(cc1)-c1c(C#N)c(nn1-c1ccc(F)cc1Cl)C(=O)NN1CCCCC1,7.8861
50267602,CCCCCCC(C)(C)c1cc(O)cc(OCCCCCCCCCCC(=O)NCCO)c1,6.5003
50267603,CCCCCCC(C)(C)c1cc(O)cc(OCCCCCCCC(=O)NCCO)c1,7.2518
50267634,CC(C)CCOc1cc(O)cc(OCCCCCCCCCCC(=O)NCCO)c1,5.5
50267635,CCCCCCCOc1cc(O)cc(OCCCCCCCCCCC(=O)NCCO)c1,5.5
50267636,CCCCOc1cc(O)cc(OCCCCCCCCCCC(=O)NCCO)c1,5.6
50267638,CCCCCCC(C)(C)c1cc(O)cc(OCCCCCCCCCCCC(=O)NCCO)c1,6.1002
50267671,CCCCOc1cc(O)cc(OCCCCCCCCCCC(=O)NC2CC2)c1,6.5528
50267672,CCCCCCCOc1cc(O)cc(OCCCCCCCCCCC(=O)NC2CC2)c1,5.6536
50267673,CC(C)CCOc1cc(O)cc(OCCCCCCCCCCC(=O)NC2CC2)c1,6.699
50267674,CCCCCCC(C)(C)c1cc(O)cc(OCCCCCCCC(=O)NC2CC2)c1,8.2518
50267711,CCCCCCC(C)(C)c1cc(O)cc(OCCCCCCCCCCC(=O)NC2CC2)c1,7.699
50267712,CCCCCCC(C)(C)c1cc(O)cc(OCCCCCCCCCCCC(=O)NC2CC2)c1,6.7696
50267714,CC(C)CCOc1cc(O)cc(OCCCCCCCCCCC(=O)NCC2CC2)c1,5.6383
50267753,CCCCCCC(C)(C)c1cc(O)cc(OCCCCCCCC(=O)NCC2CC2)c1,7
50267754,CCCCCCC(C)(C)c1cc(O)cc(OCCCCCCCCCCC(=O)NCC2CC2)c1,6
50267755,CCCCCCC(C)(C)c1cc(O)cc(OCCCCCCCCCCCC(=O)NCC2CC2)c1,5.2676
50267756,CCCCCCC(C)(C)c1cc(O)cc(OCCCCCCCCCCC(=O)NCCc2ccc(O)c(O)c2)c1,5.4685
50267799,CCCCCCC(C)(C)c1cc(O)cc(OCCCCCCCCCCC(=O)NCc2ccc(O)c(OC)c2)c1,5.5498
50270539,"Cc1c(nn(c1-c1c(C)cc(Cl)cc1C)-c1ccc(Cl)cc1Cl)C(=O)NN1CCCCC1, Cc1c(nn(c1-c1c(C)cc(Cl)cc1C)-c1ccc(Cl)cc1Cl)C(=O)NN1CCCCC1",6.8239
50270540,"Clc1ccc(c(Cl)c1)-n1nc(C(=O)NN2CCCCC2)c2CCCCc3cc(Cl)ccc3-c12, Clc1ccc(c(Cl)c1)-n1nc(C(=O)NN2CCCCC2)c2CCCCc3cc(Cl)ccc3-c12",7.6105
50271285,"Cc1c(nn(c1-c1ccc(Cl)cc1Cl)-c1ccc(Cl)cc1Cl)C(=O)NN1CCCCC1, Cc1c(nn(c1-c1ccc(Cl)cc1Cl)-c1ccc(Cl)cc1Cl)C(=O)NN1CCCCC1",7.6066
50271286,"Cc1c(nn(c1-c1ccc(Cl)cc1Cl)-c1c(Cl)cc(Cl)cc1Cl)C(=O)NN1CCCCC1, Cc1c(nn(c1-c1ccc(Cl)cc1Cl)-c1c(Cl)cc(Cl)cc1Cl)C(=O)NN1CCCCC1",6.7066
50271287,"Cc1c(nn(c1-c1ccc(Cl)cc1C)-c1ccc(Cl)cc1Cl)C(=O)NN1CCCCC1, Cc1c(nn(c1-c1ccc(Cl)cc1C)-c1ccc(Cl)cc1Cl)C(=O)NN1CCCCC1",8.0138
50271288,"Cc1c(nn(c1-c1ccc(Cl)cc1C)-c1c(Cl)cc(Cl)cc1Cl)C(=O)NN1CCCCC1, Cc1c(nn(c1-c1ccc(Cl)cc1C)-c1c(Cl)cc(Cl)cc1Cl)C(=O)NN1CCCCC1",6.7093
50272342,CCCCCn1cc(C(=O)NC23CC4CC(CC(C4)C2)C3)c(=O)c2cc(ccc12)C(F)(F)F,5.5986
50272388,CCCCCn1cc(C(=O)NC23CC4CC(CC(C4)C2)C3)c(=O)c2cc(ccc12)C(C)C,5.9136
50272389,Brc1ccc2n(CCC=C)cc(C(=O)NC34CC5CC(CC(C5)C3)C4)c(=O)c2c1,5.5719
50272390,CCCCCn1cc(C(=O)NC23CC4CC(CC(C4)C2)C3)c(=O)c2cc(Oc3ccc(F)c(Cl)c3)ccc12,6.1314
50272391,Brc1ccc2n(CCCC=C)cc(C(=O)NC34CC5CC(CC(C5)C3)C4)c(=O)c2c1,6.1574
50272423,CCCCCn1cc(C(=O)NC23CC4CC(CC(C4)C2)C3)c(=O)c2cc(Br)ccc12,6.0017
50272424,CCCCCn1cc(C(=O)NC23CC4CC(CC(C4)C2)C3)c(=O)c2cc(Sc3ccccc3)ccc12,6.1938
50272425,CCCCCn1cc(C(=O)NC23CC4CC(CC(C4)C2)C3)c(=O)c2c(OC)ccc(OC)c12,5.6778
50272461,CCCCCn1cc(C(=O)NC23CC4CC(CC(C4)C2)C3)c(=O)c2cc(F)c(cc12)-n1cccc1,6.8545
50272462,"CCCCCn1cc(C(=O)NC23CC4CC(CC(C4)C2)C3)c(=O)c2ccc(F)cc12, CCCCCn1cc(C(=O)NC23CC4CC(CC(C4)C2)C3)c(=O)c2ccc(F)cc12",7.5122
50272463,CCCCCn1cc(C(=O)N[C@H](C)c2ccccc2)c(=O)c2ccc(F)cc12,7.8447
50272464,CCCCCn1cc(C(=O)N[C@H](C)c2ccccc2)c(=O)c2ccc(cc12)N1CCCC1,6.7959
50272485,CCCCCn1cc(C(=O)N[C@H](C)c2ccccc2)c(=O)c2ccc(OCC)cc12,7.5272
50272486,CCCCCn1cc(C(=O)NC23CC4CC(CC(C4)C2)C3)c(=O)c2ccc(Sc3ccccc3)cc12,8.2757
50272508,CCCCCn1cc(C(=O)NC23CC4CC(CC(C4)C2)C3)c(=O)c2ccc(cc12)S(=O)(=O)c1ccccc1,8.2147
50272509,CCCCCn1cc(C(=O)NC23CC4CC(CC(C4)C2)C3)c(=O)c2ccc(cc12)S(=O)c1ccccc1,7.5528
50272546,CCCCCn1cc(C(=O)NC23CC4CC(CC(C4)C2)C3)c(=O)c2cc(\C=C\c3ccc(OC)cc3)ccc12,5.58
50272567,Cc1ccc2c(n1)n(Cc1ccc(F)cc1)cc(C(=O)NC1CCCCC1)c2=O,7.8239
50272598,"COc1cccc2c1n(CCN1CCOCC1)c1ccn([C@H]3[C@@]4(C)CC[C@H](C4)C3(C)C)c(=O)c21, COc1cccc2c1n(CCN1CCOCC1)c1ccn([C@H]3[C@@]4(C)CC[C@H](C4)C3(C)C)c(=O)c21",7.7906
50274019,CCCCCCCCCCC[C@@H](C[C@@H]1OC(=O)[C@H]1CCCCCC)OC(=O)[C@H](C)NC=O,5.5086
50274020,CCCCCCCCCCC[C@@H](C[C@@H]1OC(=O)[C@H]1CCCCCC)OC(=O)CCNC=O,5.7212
50274021,CCCCCCCCCCC[C@@H](C[C@@H]1OC(=O)[C@H]1CCCCCC)OC(=O)[C@@H](NC=O)C(C)C,5.2441
50274056,CCCCCCCCCCC[C@@H](C[C@@H]1OC(=O)[C@H]1CCCCCC)OC(=O)[C@@H](NC(C)=O)C(C)C,5.0757
50274180,CCCCCCCCCCC[C@@H](C[C@@H]1OC(=O)[C@H]1CCCCCC)OC(=O)[C@@H](NC=O)C(C)CC,5.2218
50274181,CCCCCCCCCCC[C@@H](C[C@@H]1OC(=O)[C@H]1CCCCCC)OC(=O)[C@@H](NC(C)=O)C(C)CC,5.0655
50274182,CCCCCCCCCCC[C@@H](C[C@@H]1OC(=O)[C@H]1CCCCCC)OC(=O)[C@@H]1CCCN1C=O,5.7696
50274183,CCCCCCCCCCC[C@@H](C[C@@H]1OC(=O)[C@H]1CCCCCC)OC(=O)[C@@H]1CCC(=O)N1,5.585
50274779,CCCCCCCCCCC[C@@H](C[C@@H]1OC(=O)[C@H]1CCCCCC)OC(=O)CNC(C)=O,5.6383
50277136,Cc1ccc(cc1S(=O)(=O)N1CCOCC1)-c1noc(n1)C(C)(C)C,6.2924
50277137,Cc1ccc(cc1S(=O)(=O)N1CCOCC1)-c1cc(CC(C)(C)C)[nH]n1,6.1249
50277152,Cc1ccc(NC(=O)[C@H]2[C@@]3(C)CC[C@H](C3)C2(C)C)cc1S(=O)(=O)N1CCOCC1,6.1938
50277153,"Cc1ccc(cc1S(=O)(=O)N1CCOCC1)C(=O)N[C@@H]1[C@@]2(C)CC[C@H](C2)C1(C)C, Cc1ccc(cc1S(=O)(=O)N1CCOCC1)C(=O)N[C@@H]1[C@@]2(C)CC[C@H](C2)C1(C)C",6.5769
50277154,Cc1ccc(NC(=O)C2CCCCC2(C)C)cc1S(=O)(=O)N1CCOCC1,6.1024
50277155,CC1CCCCC1C(=O)Nc1ccc(C)c(c1)S(=O)(=O)N1CCOCC1,5.7447
50277192,Cc1ccc(cc1S(=O)(=O)N1CCOCC1)-c1nc(CC2CCCCC2)cs1,6.4089
50277193,Cc1ccc(cc1S(=O)(=O)N1CCOCC1)C(=O)N[C@H]1[C@@]2(C)CC[C@H](C2)C1(C)C,6.8861
50277194,Cc1ccc(cc1S(=O)(=O)N1CCOCC1)-c1nc(CC(C)(C)C)cs1,6.699
50277195,Cc1ccc(cc1S(=O)(=O)N1CCOCC1)-c1nc(cs1)C(C)(C)C,6.585
50277196,Cc1ccc(cc1S(=O)(=O)N1CCOCC1)-c1nnn(CC(C)(C)C)n1,6.8861
50277224,Cc1ccc(cc1S(=O)(=O)N1CCOCC1)-c1nnn(CC2CCCCC2)n1,6.2518
50277226,Cc1ccc(cc1S(=O)(=O)N1CCOCC1)-c1nnc(CC(C)(C)C)[nH]1,6.8539
50277227,Cc1ccc(cc1S(=O)(=O)N1CCOCC1)-c1nnc(CC2CCCCC2)[nH]1,6.5086
50277228,Cc1ccc(cc1S(=O)(=O)N1CCOCC1)-c1nnc([nH]1)C(C)(C)C,6.2757
50277266,Cc1ccc(cc1S(=O)(=O)N1CCOCC1)-c1nc(CC(C)(C)C)c[nH]1,5.9586
50277267,Cc1ccc(cc1S(=O)(=O)N1CCOCC1)-c1nc(c[nH]1)C(C)(C)C,5.9586
50277268,Cc1ccc(cc1S(=O)(=O)N1CCOCC1)-c1c[nH]c(n1)C(C)(C)C,6.1135
50277269,Cc1ccc(cc1S(=O)(=O)N1CCOCC1)-c1noc(CC(C)(C)C)n1,6.5686
50277270,Cc1ccc(cc1S(=O)(=O)N1CCOCC1)-c1noc(CC2CCCCC2)n1,6.1308
50277305,Cc1ccc(cc1S(=O)(=O)N1CCOCC1)-c1cc(CC2CCCCC2)[nH]n1,5.8539
50277306,Cc1ccc(cc1S(=O)(=O)N1CCOCC1)-c1cc([nH]n1)C(C)(C)C,5.1555
50277307,Cc1ccc(NC(=O)[C@@H]2[C@@]3(C)CC[C@H](C3)C2(C)C)cc1S(=O)(=O)N1CCOCC1,5.9208
50277308,Cc1ccc(NC(=O)C(C(C)(C)C)C(C)(C)C)cc1S(=O)(=O)N1CCOCC1,5.9208
50277309,Cc1ccc(NC(=O)C(C)(C(F)(F)F)C(F)(F)F)cc1S(=O)(=O)N1CCOCC1,6.3279
50277339,Cc1ccc(NC(=O)C2C(C)(C)C2(C)C)cc1S(=O)(=O)N1CCOCC1,5.4685
50277340,Cc1ccc(NC(=O)C2(C)CCCCC2)cc1S(=O)(=O)N1CCOCC1,5.9208
50277341,Cc1ccc(NC(=O)C2CCCCC2)cc1S(=O)(=O)N1CCOCC1,5.7212
50277343,Cc1ccc(NC(=O)c2cccc(Cl)c2)cc1S(=O)(=O)N1CCOCC1,6.5686
50277377,Cc1ccc(NC(=O)c2ccccc2Cl)cc1S(=O)(=O)N1CCOCC1,5.9586
50277379,Cc1ccc(NC(=O)[C@@H]2C[C@@]3(C)CC[C@]2(C)O3)cc1S(=O)(=O)N1CCOCC1,5.5376
50278418,CC(=O)Nc1cccc(c1)C(C)(C)c1cc(O)c2[C@@H]3CC(C)=CC[C@H]3C(C)(C)Oc2c1,7.8633
50284000,CCCCCn1c(C)c(C(=O)c2cccc3ccccc23)c2ccccc12,8.0223
50286425,C(CC1=C\C(=C/c2ccccc2)c2ccccc12)N1CCOCC1,5.8871
50287801,COC(=O)Cc1c(C)n(C(=O)c2cccc3ccccc23)c2ccc(OC)cc12,5.3363
50287802,COc1ccc2n(C(=O)c3ccc(Cl)cc3)c(C)c(CCN3CCOCC3)c2c1,4.9891
50287803,Cc1c(CN2CCOCC2)c2ccccc2n1C(=O)c1cccc2ccccc12,6.057
50287804,COc1ccc2n(C(=O)c3cccc(Cl)c3)c(C)c(CC(=O)N3CCOCC3)c2c1,4.7747
50287805,COc1ccc2n(C(=O)c3ccc(F)cc3Cl)c(C)c(CC(=O)N3CCOCC3)c2c1,5.2541
50287806,Cc1c(CCN2CCOCC2)c2ccccc2n1C(=O)c1cccc(Cl)c1Cl,5.4958
50287807,COc1ccc2n(C(=O)c3c(Cl)cccc3Cl)c(C)c(CC(=O)N3CCOCC3)c2c1,5.5929
50287808,COC(=O)Cc1c(C)n(C(=O)c2ccccc2Cl)c2ccc(OC)cc12,5.7645
50287809,COc1ccc2n(C(=O)c3ccccc3Cl)c(C)c(CC(=O)N3CCOCC3)c2c1,5.4437
50287810,Cc1c(CN2CCOCC2)c2ccccc2n1-c1cccc2ccccc12,5.1752
50287930,CCCCCCC(C)(C)c1cc(O)c2[C@@H]3CC(C=O)=CC[C@H]3C(C)(C)Oc2c1,8.6576
50287933,"CCCCCCC(C)(C)c1ccc2[C@@H]3CC(C)=CC[C@H]3C(C)(C)Oc2c1, CCCCCCC(C)(C)c1ccc2[C@@H]3CC(C)=CC[C@H]3C(C)(C)Oc2c1",7.1202
50287934,CCCCCCC(C)(C)c1cc(O)c2[C@@H]3CC(=C)CC[C@H]3C(C)(C)Oc2c1,8.7447
50287935,CCCCCCC(C)(C)c1cc(O)c(c(O)c1)-c1cc(C)cc(C)c1,7.1024
50287936,CCCCCCC(C)(C)c1cc(O)c2[C@H]3CC(C)=CC[C@@H]3C(C)(C)Oc2c1,7.4089
50287937,CCCCCCC(C)(C)c1cc(O)c([C@@H]2C=C(C)C3C[C@H]2C3(C)C)c(O)c1,6.4559
50287938,CCCCCCC(C)(C)c1cc(OC)c2[C@@H]3CC(=O)CC[C@H]3C(C)(C)Oc2c1,6.2069
50287939,"CCCCCCC(C)(C)c1cc(OC)c2[C@@H]3CC(C)=CC[C@H]3C(C)(C)Oc2c1, CCCCCCC(C)(C)c1cc(OC)c2[C@@H]3CC(C)=CC[C@H]3C(C)(C)Oc2c1",5.3909
50287940,CCCCCCC(C)(C)c1cc(OC)c2[C@@H]3CC(=C)CC[C@H]3C(C)(C)Oc2c1,5.3109
50287941,CCCCCCC(C)(C)c1cc(O)c2[C@@H]3CC(=O)CC[C@H]3C(C)(C)Oc2c1,8.6576
50287942,CCCCCCC(C)(C)c1cc(O)c2[C@H]3CC(C=O)=CC[C@@H]3C(C)(C)Oc2c1,7.0132
50292278,CCN1CCN(CC1)c1nc(C)nc2oc(nc12)-c1ccccc1Cl,6.5331
50292882,C[C@H](CO)NC(=O)CCC\C=C/C\C=C/C\C=C/C\C=C/CCOC(=O)c1cccc2OC(C)(Oc12)C(C)(C)C,5.5528
50295926,"COc1ccc(cc1CC=C)-c1cc(CC=C)ccc1O, COc1ccc(cc1CC=C)-c1cc(CC=C)ccc1O",5.8611
50296142,COc1cccc(c1)N1C(N(N=C1C(C)=O)c1ccc(Cl)cc1)c1ccc(cc1)N1CCOCC1,6.644
50296143,O=C(Nc1ccccc1Oc1ccccc1)c1ccc(cc1)S(=O)(=O)N1CCc2ccccc12,6.5918
50296144,COc1ccccc1NC(=O)C(C)Sc1nc(nc2CC(C)(C)OCc12)-c1ccc(C)cc1,6.5784
50296145,CCOC(=O)CN1C(Nc2ccc(Br)cc2C1c1ccccc1)c1ccc(F)cc1,6.5638
50296146,CCOC(=O)N1CCN(CC1)C(=O)c1cc(nn1-c1ccc(C)cc1C)-c1ccccc1Cl,6.5421
50296147,COc1ccc(cc1)C1N(C(=O)CN(C(C)C)C(=O)NC(C)(C)C)c2ccccc2-n2cccc12,6.5114
50296148,Cc1cc(C)c(OCC(=O)Nc2sc3CCCCc3c2C(=O)NC2CCS(=O)(=O)C2)c(C)c1,6.4881
50296149,Cc1ccc(cc1)C1N(C(=O)CN(C2CC2)C(=O)C2CCCC2)c2ccccc2-n2cccc12,6.284
50296150,CC(N1C(=O)C2CCCCC2C1=O)C(=O)N1c2ccccc2C(C)(CC1(C)C)c1ccc(Cl)cc1,6.284
50296151,CC1CC(C)CN(C1)S(=O)(=O)c1ccc(F)c(c1)C(=O)NC(c1ccccc1)c1ccccc1,6.214
50296152,CC(C)CN(CC(=O)N1CCc2sccc2C1c1ccc(F)cc1)C(=O)c1ccco1,6.058
50296153,CC(C)N(CC(=O)N1C(c2cccn2-c2ccccc12)c1ccc(F)cc1)C(=O)CC(C)(C)C,5.9872
50296154,O=C(Nc1ccccc1)C1(CCCCC1)N(C(=O)c1ccc(cc1)-n1cnnn1)c1ccccc1,5.9792
50296155,CCOC(=O)N1CC=C2C(C1)C1(C(C#N)C(=N)C2(C#N)C#N)C(=O)N(Cc2ccccc2)c2ccccc12,5.9642
50296156,CC1CN(CC(C)O1)c1ncnc(NC(c2ccccc2)c2ccccc2)c1[N+]([O-])=O,5.9292
50296157,CN(C(C(=O)Nc1ccc2OCCOc2c1)c1ccc(C)cc1)C(=O)\C=C/c1ccc2OCOc2c1,5.8318
50296158,COC(=O)c1c(C)oc(C)c1S(=O)(=O)N1CCN(CC1)C1c2ccccc2-c2ccccc12,5.7943
50296159,CC(C)c1cccc(C(C)C)c1NC(=O)N1CCCN(CC1)c1nc(Cc2ccc(C)cc2)ns1,5.7535
50296160,COc1ccc(-c2cc(C(=O)N3CCN(CC3)C(C)=O)n(n2)-c2cccc(C)c2)c(OC)c1,5.7115
50296161,CC(C)NC(=O)C(C)Sc1nnc2c3ccccc3n(Cc3ccccc3)c2n1,5.6442
50296162,Cc1ccc(cc1)C(=O)n1cc(CN=Nc2nc(nc(n2)N2CCOCC2)N2CCOCC2)c2ccccc12,5.6385
50296163,COc1ccccc1N1CCN(CC1)C(=O)C(C)Sc1nc(cc(n1)C(F)(F)F)-c1ccccc1,5.6356
50296164,COc1ccc(cc1)C1C(C(=O)Nc2cccc(C)n2)c2ccccc2C(=O)N1C1CCCCC1,5.6205
50296165,COc1ccc(cc1)C1N(CCc2sccc12)C(=O)CN(C(C)C)C(=O)C1CCCCC1,5.5862
50296166,Cc1cc(-c2ccccc2)n(Cc2ccccc2)c(=O)c1S(=O)(=O)c1ccccc1,5.5661
50296167,Cc1cccc(C)c1N(C(=O)C(N1CCOCC1)c1ccc(cc1)[N+]([O-])=O)C(=O)c1ccccc1Cl,5.5552
50296168,CCCNC(=O)N1CCN(CC1)c1nc(Cc2ccccc2)c2COC(C)(C)Cc2c1C#N,5.4035
50296169,CC(C)(C)c1ccc(cc1)C(=O)N1C(CSC1c1cccc(F)c1)C(=O)NCc1ccccn1,5.1255
50296170,CS\C(=N/S(=O)(=O)c1ccc(cc1)-n1nc(cc1-c1cccs1)C(F)(F)F)N1CCCC1,6
50296484,Clc1ccc(cc1)[C@H](OC1CN(C1)C(=O)N1CCCCC1)c1cccnc1Cl,6.2518
50296485,Clc1ccc(cc1)[C@@H](OC1CN(C1)C(=O)N1CCCCC1)c1cccnc1Cl,8.1549
50298915,Cc1ccc(C)n1-c1c(C)c(nn1-c1ccc(F)cc1F)C(=O)NC1CCCCCC1,7.2518
50298916,Cc1ccc(C)n1-c1c(C)c(nn1-c1ccc(F)cc1F)C(=O)NC1CCCC1,6.0757
50298917,Cc1ccc(C)n1-c1c(C)c(nn1-c1ccc(F)cc1F)C(=O)NCCc1ccc(Cl)cc1Cl,7.3872
50298918,COc1ccc(CCNC(=O)c2nn(c(c2C)-n2c(C)ccc2C)-c2ccc(F)cc2F)cc1Cl,7.0044
50298919,Cc1ccc(C)n1-c1c(C)c(nn1-c1ccc(F)cc1F)C(=O)NCCc1ccc(Cl)c(Cl)c1,7.2676
50298920,Cc1ccc(C)n1-c1c(C)c(nn1-c1ccc(F)cc1F)C(=O)NCCc1ccc(Cl)cc1,7.301
50298921,COc1cc(CNC(=O)c2nn(c(c2C)-n2c(C)ccc2C)-c2ccc(F)cc2F)c(Br)c(OC)c1OC,6.7825
50298922,Cc1ccc(C)n1-c1c(C)c(nn1-c1ccc(F)cc1F)C(=O)NCc1ccc(Cl)cc1,7.2518
50298923,Cc1ccc(C)n1-c1c(C)c(nn1-c1ccc(F)cc1F)C(=O)Nc1ccc(Cl)cc1,6.2518
50298924,Cc1c(nn(c1-n1cccc1)-c1ccc(F)cc1F)C(=O)NC1CCCCCC1,6.2518
50298925,Cc1c(nn(c1-n1cccc1)-c1ccc(F)cc1F)C(=O)NC1CCCC1,5.6198
50298926,Cc1c(nn(c1-n1cccc1)-c1ccc(F)cc1F)C(=O)NCCc1ccc(Cl)cc1Cl,6.4202
50298927,COc1ccc(CCNC(=O)c2nn(c(c2C)-n2cccc2)-c2ccc(F)cc2F)cc1Cl,6.0232
50298928,Cc1c(nn(c1-n1cccc1)-c1ccc(F)cc1F)C(=O)NCCc1ccc(Cl)c(Cl)c1,6.5086
50298929,Cc1c(nn(c1-n1cccc1)-c1ccc(F)cc1F)C(=O)NCCc1ccc(Cl)cc1,7.0969
50298930,COc1cc(CNC(=O)c2nn(c(c2C)-n2cccc2)-c2ccc(F)cc2F)c(Br)c(OC)c1OC,6.4622
50298931,Cc1c(nn(c1-n1cccc1)-c1ccc(F)cc1F)C(=O)NCc1ccc(Cl)cc1,6.4685
50298932,Cc1c(nn(c1-n1cccc1)-c1ccc(F)cc1F)C(=O)Nc1ccc(Cl)cc1,5.6778
50298934,CC(NC(=O)c1nn(c(c1C)-n1c(C)ccc1C)-c1ccc(Cl)c(Cl)c1)c1ccccc1,7.0969
50298935,Cc1ccc(C)n1-c1c(C)c(nn1-c1ccc(Cl)c(Cl)c1)C(=O)NC12CC3CC(CC(C3)C1)C2,8.2518
50298936,Cc1ccc(C)n1-c1c(C)c(nn1-c1ccc(Cl)c(Cl)c1)C(=O)NC1CCCCCC1,7.9208
50298937,Cc1ccc(C)n1-c1c(C)c(nn1-c1ccc(Cl)c(Cl)c1)C(=O)NC1CCCC1,7.4437
50298938,Cc1ccc(C)n1-c1c(C)c(nn1-c1ccc(Cl)c(Cl)c1)C(=O)NCCc1ccc(Cl)cc1,6.4089
50298939,Cc1ccc(C)n1-c1c(C)c(nn1-c1ccc(Cl)c(Cl)c1)C(=O)NCc1ccc(Cl)cc1,7
50298941,C[C@H](NC(=O)c1nn(c(c1C)-n1cccc1)-c1ccc(Cl)c(Cl)c1)C1CCCCC1,8.4685
50298942,C[C@@H](NC(=O)c1nn(c(c1C)-n1cccc1)-c1ccc(Cl)c(Cl)c1)C1CCCCC1,7.8539
50298943,Cc1c(nn(c1-n1cccc1)-c1ccc(Cl)c(Cl)c1)C(=O)NC12CC3CC(CC(C3)C1)C2,7.5086
50298944,Cc1c(nn(c1-n1cccc1)-c1ccc(Cl)c(Cl)c1)C(=O)NC1CCCCCC1,8.2518
50298945,Cc1c(nn(c1-n1cccc1)-c1ccc(Cl)c(Cl)c1)C(=O)NC1CCCC1,7.301
50298946,Cc1c(nn(c1-n1cccc1)-c1ccc(Cl)c(Cl)c1)C(=O)NCCc1ccc(Cl)cc1,6.6198
50298947,Cc1c(nn(c1-n1cccc1)-c1ccc(Cl)c(Cl)c1)C(=O)NCc1ccc(Cl)cc1,7.1549
50298948,Cc1c(nn(c1-n1cccc1)-c1ccc(Cl)c(Cl)c1)C(=O)Nc1ccc(Cl)cc1,5.8861
50298949,Cc1ccc(C)n1-c1c(C)c(nn1-c1ccc(Cl)cc1Cl)C(=O)NC1CCCCCC1,7.2518
50298950,Cc1ccc(C)n1-c1c(C)c(nn1-c1ccc(Cl)cc1Cl)C(=O)NC1CCCC1,6.8239
50298951,Cc1ccc(C)n1-c1c(C)c(nn1-c1ccc(Cl)cc1Cl)C(=O)NCCc1ccc(Cl)cc1Cl,6.8069
50298952,COc1ccc(CCNC(=O)c2nn(c(c2C)-n2c(C)ccc2C)-c2ccc(Cl)cc2Cl)cc1Cl,6.9508
50298953,Cc1ccc(C)n1-c1c(C)c(nn1-c1ccc(Cl)cc1Cl)C(=O)NCCc1ccc(Cl)c(Cl)c1,6.9318
50298954,Cc1ccc(C)n1-c1c(C)c(nn1-c1ccc(Cl)cc1Cl)C(=O)NCCc1ccc(Cl)cc1,7.5229
50298955,COc1cc(CNC(=O)c2nn(c(c2C)-n2c(C)ccc2C)-c2ccc(Cl)cc2Cl)c(Br)c(OC)c1OC,6.8416
50298956,Cc1ccc(C)n1-c1c(C)c(nn1-c1ccc(Cl)cc1Cl)C(=O)NCc1ccc(Cl)cc1,7.0458
50298957,Cc1ccc(C)n1-c1c(C)c(nn1-c1ccc(Cl)cc1Cl)C(=O)Nc1ccc(Cl)cc1,7.0177
50298958,Cc1c(nn(c1-n1cccc1)-c1ccc(Cl)cc1Cl)C(=O)NC1CCCCCC1,7.699
50298959,Cc1c(nn(c1-n1cccc1)-c1ccc(Cl)cc1Cl)C(=O)NC1CCCC1,7.0757
50298960,Cc1c(nn(c1-n1cccc1)-c1ccc(Cl)cc1Cl)C(=O)NCCc1ccc(Cl)cc1Cl,6.6615
50298961,COc1ccc(CCNC(=O)c2nn(c(c2C)-n2cccc2)-c2ccc(Cl)cc2Cl)cc1Cl,6.4342
50298962,Cc1c(nn(c1-n1cccc1)-c1ccc(Cl)cc1Cl)C(=O)NCCc1ccc(Cl)c(Cl)c1,6.8041
50298963,Cc1c(nn(c1-n1cccc1)-c1ccc(Cl)cc1Cl)C(=O)NCCc1ccc(Cl)cc1,7.1549
50298964,COc1cc(CNC(=O)c2nn(c(c2C)-n2cccc2)-c2ccc(Cl)cc2Cl)c(Br)c(OC)c1OC,6.644
50298965,Cc1c(nn(c1-n1cccc1)-c1ccc(Cl)cc1Cl)C(=O)NCc1ccc(Cl)cc1,6.8539
50298966,Cc1c(nn(c1-n1cccc1)-c1ccc(Cl)cc1Cl)C(=O)Nc1ccc(Cl)cc1,6.9208
50300455,CN=C(NS(=O)(=O)c1ccc(Cl)cc1)N1CCC(C(=N1)c1ccc(Cl)cc1)c1ccccc1,7.3665
50300456,CNC(=NS(=O)(=O)N1CCCCC1)N1CCC(C(=N1)c1ccc(Cl)cc1)c1ccccc1,7.1308
50300457,CNC(=NS(=O)(=O)N1CCC(F)(F)CC1)N1CCC(C(=N1)c1ccc(Cl)cc1)c1ccccc1,7.3279
50300458,CN=C(NS(=O)(=O)N1CCC(F)(F)CC1)N1CC(C(=N1)c1ccc(Cl)cc1)c1ccccc1,7.9136
50301306,CC1CCCCC1C(=O)Nc1cc(CN2CCOCC2)c(C)c(c1)C(F)(F)F,6.9586
50301311,CC(C(=O)Nc1ccc2CCCC(N3CCOCC3)c2c1)(C(F)(F)F)C(F)(F)F,5.4685
50301312,Cc1ccc(NC(=O)C(C)(C(F)(F)F)C(F)(F)F)cc1CN1CCOCC1,5.2007
50301313,CC1CCCCC1C(=O)Nc1ccc(C)c(CN2CCOCC2)c1,5.7959
50301315,Cc1cc(NC(=O)C(C)(C(F)(F)F)C(F)(F)F)cc(CN2CCOCC2)c1C,6.301
50301316,CC1CCCCC1C(=O)Nc1cc(C)c(C)c(CN2CCOCC2)c1,6.2676
50301317,Cc1ccc(cc1CN1CCOCC1)C(=O)NC1[C@@]2(C)CC[C@H](C2)C1(C)C,5.9586
50301318,Cc1ccc(cc1CCN1CCOCC1)C(=O)NC1[C@@]2(C)CC[C@H](C2)C1(C)C,5.8539
50301319,Cc1ccc(cc1CCCN1CCOCC1)C(=O)NC1[C@@]2(C)CC[C@H](C2)C1(C)C,5.6778
50301320,Cc1ccc(cc1N1CCOCC1)C(=O)NC1[C@@]2(C)CC[C@H](C2)C1(C)C,5.0458
50301321,Cc1ccc(cc1CCC(=O)N1CCOCC1)C(=O)NC1[C@@]2(C)CC[C@H](C2)C1(C)C,5.7696
50301322,Cc1ccc(cc1CC(=O)N1CCOCC1)C(=O)NC1C2(C)CCC(C2)C1(C)C,5.4089
50301735,CC(C)n1cnc(c1)-c1nn(c(c1C)-c1ccc(Cl)cc1)-c1ccccc1Cl,8.1192
50301738,CC(C)n1cnc(c1C)-c1nn(c(c1C)-c1ccc(Cl)cc1)-c1ccc(Cl)cc1Cl,8.0458
50301739,Cc1c(nn(c1-c1ccc(Cl)cc1)-c1ccc(Cl)cc1Cl)-c1cn(cn1)C(C)(C)c1ccccc1,10
50301743,CC(C)n1cnc(c1)-c1nn(c(c1C)-c1ccc(Cl)cc1)-c1ccc(Cl)cc1Cl,8.0458
50301745,Cc1c(nn(c1-c1ccc(Cl)cc1)-c1ccc(Cl)cc1Cl)-c1cn(cn1)C1CCC1,8.301
50301746,Cc1c(nn(c1-c1ccc(Cl)cc1)-c1ccc(Cl)cc1Cl)-c1cn(cn1)C1CCCCC1,8.3279
50301747,Cc1c(nn(c1-c1ccc(Cl)cc1)-c1ccccc1Cl)-c1cn(cn1)C(C)(C)c1ccccc1,10
50301748,Cc1c(nn(c1-c1ccc(Cl)cc1)-c1ccccc1Cl)-c1cn(cn1)C1CC1,8.1024
50301749,Cc1c(nn(c1-c1ccc(Cl)cc1)-c1ccccc1Cl)-c1cn(cn1)-c1ccccc1,8.4202
50301751,CC(C)c1c[nH]c(n1)-c1nn(c(c1C)-c1ccc(Cl)cc1)-c1ccc(Cl)cc1Cl,8.284
50301752,CC(C)c1nc(c[nH]1)-c1nn(c(c1C)-c1ccc(Cl)cc1)-c1ccc(Cl)cc1Cl,8.0223
50302295,CCc1cnc(NC(=O)C(C)(C)CC)cc1CN1CCOCC1,5.3665
50302299,CCCC(C)(C)C(=O)Nc1cc(CN2CCOCC2)c(C)cn1,5.7447
50302302,CCC1(CCCC1)C(=O)Nc1cc(CN2CCOCC2)c(C)cn1,5.9586
50302304,CC1CCCCC1(C)C(=O)Nc1cc(CN2CCOCC2)c(C)cn1,5.6021
50302305,CCC(C)(C)C(=O)Nc1cc(CN2CCOCC2)c(C)cn1,5.4202
50303524,CCCn1cc(C(=O)C2C(C)(C)C2(C)C)c2ccccc12,5.3665
50303525,CCCCn1cc(C(=O)C2C(C)(C)C2(C)C)c2ccccc12,7.041
50303526,CCCCCn1cc(C(=O)C2C(C)(C)C2(C)C)c2ccccc12,6.8239
50303527,"CC1(C)C(C(=O)c2cn(CCCC(F)(F)F)c3ccccc23)C1(C)C, CC1(C)C(C(=O)c2cn(CCCC(F)(F)F)c3ccccc23)C1(C)C",7.5902
50303529,CC1(C)C(C(=O)c2cn(CCCO)c3ccccc23)C1(C)C,5.6576
50303531,CC1(C)C(C(=O)c2cn(CCCCCO)c3ccccc23)C1(C)C,6.1675
50303532,COCCn1cc(C(=O)C2C(C)(C)C2(C)C)c2ccccc12,6.1487
50303533,COCCCn1cc(C(=O)C2C(C)(C)C2(C)C)c2ccccc12,6.1805
50303534,CSCCCCn1cc(C(=O)C2C(C)(C)C2(C)C)c2ccccc12,7.4089
50303537,COC(=O)CCn1cc(C(=O)C2C(C)(C)C2(C)C)c2ccccc12,5.7375
50303538,CC(=O)CCCCn1cc(C(=O)C2C(C)(C)C2(C)C)c2ccccc12,6.4202
50303539,CC1(C)C(C(=O)c2cn(Cc3ccccc3)c3ccccc23)C1(C)C,6.6778
50303540,CC1(C)C(C(=O)c2cn(Cc3cccnc3)c3ccccc23)C1(C)C,5.6925
50303541,CC1(C)C(C(=O)c2cn(Cc3ccncc3)c3ccccc23)C1(C)C,7.3188
50303542,CC1(C)C(C(=O)c2cn(CCc3ccccn3)c3ccccc23)C1(C)C,5.7212
50303544,CC1(C)C(C(=O)c2cn(CCc3ccncc3)c3ccccc23)C1(C)C,5.6576
50303545,CC1(C)C(C(=O)c2cn(CCn3cccc3)c3ccccc23)C1(C)C,6.5086
50303547,CC1(C)C(C(=O)c2cn(CCc3cccs3)c3ccccc23)C1(C)C,6.1549
50303548,CC1(C)C(C(=O)c2cn(CCc3ccsc3)c3ccccc23)C1(C)C,6.8297
50303549,Cc1ncsc1CCn1cc(C(=O)C2C(C)(C)C2(C)C)c2ccccc12,5.699
50303550,CC1(C)C(C(=O)c2cn(CCc3nsc(Cl)n3)c3ccccc23)C1(C)C,5.3768
50303551,CC1(C)C(C(=O)c2cn(CCN3CCOC3=O)c3ccccc23)C1(C)C,6.4559
50303553,CC1(C)C(C(=O)c2cn(CC3OCCO3)c3ccccc23)C1(C)C,6.5528
50303554,CC1(C)C(C(=O)c2cn(C[C@H]3CCCO3)c3ccccc23)C1(C)C,6.1427
50303555,CC1(C)C(C(=O)c2cn(C[C@@H]3CCCO3)c3ccccc23)C1(C)C,6.6576
50303556,CC1(C)C(C(=O)c2cn(CC3CCOC3)c3ccccc23)C1(C)C,6.2007
50303557,CC1(C)C(C(=O)c2cn(CCC3CCOCC3)c3ccccc23)C1(C)C,7.041
50303558,CN1CCCCC1Cn1cc(C(=O)C2C(C)(C)C2(C)C)c2ccccc12,8.2596
50303563,CN1CCN(CCn2cc(C(=O)C3C(C)(C)C3(C)C)c3ccccc23)CC1,5.6676
50303565,CC1(C)C(C(=O)c2cn(CCN3CCCCCC3)c3ccccc23)C1(C)C,6.1024
50303566,CC1(C)C(C(=O)c2cn(CCN3CCCCC3)c3ccccc23)C1(C)C,6.2549
50303570,O=C(c1cn(CC2CCOCC2)c2ccccc12)C12CC3CC(CC(C3)O1)C2,6.2692
50303571,O=C(C1CC11CCCCC1)c1cn(CC2CCOCC2)c2ccccc12,7.2076
50303572,O=C(c1cn(CC2CCOCC2)c2ccccc12)C12CC3CC1CC(C2)C3,7.1367
50303573,CC1(CC1(Cl)Cl)C(=O)c1cn(CC2CCOCC2)c2ccccc12,5.4737
50303574,CC1(CC(F)(F)C1(F)F)C(=O)c1cn(CC2CCOCC2)c2ccccc12,5.8386
50303575,O=C(C1CCCC1)c1cn(CC2CCOCC2)c2ccccc12,6.8827
50303577,O=C(C1CC11CCCCC1)c1cn(CCN2CCOCC2)c2ccccc12,5.51
50303581,CC[C@H]1CC[C@@H](CC1)C(=O)c1cn(CCN2CCOCC2)c2ccccc12,6.2104
50303582,O=C(C1CCCCCC1)c1cn(CCN2CCOCC2)c2ccccc12,6.4413
50303583,O=C(C1CCCCC1)c1cn(CCN2CCOCC2)c2ccccc12,5.7878
50303835,CN(C)CCCN=C(NS(=O)(=O)c1ccc(Cl)cc1)N1CC(C(=N1)c1ccc(Cl)cc1)c1ccccc1,8.5086
50303836,CN1CCC(CC1)N=C(NS(=O)(=O)c1ccc(Cl)cc1)N1CC(C(=N1)c1ccc(Cl)cc1)c1ccccc1,7.7212
50303837,CN(C)CCN1CCN(CC1)C(=NS(=O)(=O)c1ccc(Cl)cc1)N1CC(C(=N1)c1ccc(Cl)cc1)c1ccccc1,8.0177
50303838,Clc1ccc(cc1)C1=NN(CC1c1ccccc1)C(NS(=O)(=O)c1ccc(Cl)cc1)=NCCCCN1CCCC1,7.5686
50303839,Clc1ccc(cc1)C1=NN(CC1c1ccccc1)C(NS(=O)(=O)c1ccc(Cl)cc1)=NCCCCNc1c2CCCCc2nc2ccccc12,7.3768
50303840,Clc1ccc(cc1)C1=NN(CC1c1ccccc1)C(NS(=O)(=O)c1ccc(Cl)cc1)=NCCCCCCCNc1c2CCCCc2nc2ccccc12,7.2676
50303841,CCc1c(nc(-c2ccccc2Cl)n1-c1ccc(Cl)cc1)C(=O)NCCCCNc1c2CCCCc2nc2ccccc12,7.3188
50303842,CCc1c(nc(-c2ccccc2Cl)n1-c1ccc(Cl)cc1)C(=O)NCCCCCCCNc1c2CCCCc2nc2ccccc12,7.0555
50303843,CCC(=O)N(CCCCCCCNC(=O)c1nn(c(c1C)-c1ccc(Cl)cc1)-c1ccc(Cl)cc1Cl)C1CCN(CCc2ccccc2)CC1,6.1543
50303844,CCc1c(nc(-c2ccccc2Cl)n1-c1ccc(Cl)cc1)C(=O)NN1CCCCC1,7.8539
50303845,CC(C)(O)CN=C(NS(=O)(=O)c1ccc(Cl)cc1)N1CC(C(=N1)c1ccc(Cl)cc1)c1ccccc1,7.3665
50303846,Clc1ccc(cc1)C1=NN(CC1c1ccccc1)C(=NS(=O)(=O)c1ccc(Cl)cc1)N1CCS(=O)(=O)CC1,7.5086
50304914,Cc1cc(NC(=O)C2C(C)(C)C2(C)C)cc(c1C)S(=O)(=O)N1CCOCC1,5.9586
50304915,Cc1cc(NC(=O)C(C)(C)C)cc(c1C)S(=O)(=O)N1CCOCC1,5.5086
50304916,Cc1cc(NC(=O)C(C)(C(F)(F)F)C(F)(F)F)cc(c1C)S(=O)(=O)N1CCOCC1,6.1079
50304917,CCC(C)(C)C(=O)Nc1cc(C)c(C)c(c1)S(=O)(=O)N1CCOCC1,5.6021
50304918,CCCC(C)(C)C(=O)Nc1cc(C)c(C)c(c1)S(=O)(=O)N1CCOCC1,6.0809
50304919,CCCCC(C)(C)C(=O)Nc1cc(C)c(C)c(c1)S(=O)(=O)N1CCOCC1,6.8539
50304920,CCC(C)(C)C(=O)Nc1cc2CCCc2c(c1)S(=O)(=O)N1CCOCC1,5.7696
50304921,CCC(C)(C)C(=O)Nc1cc2CCCCc2c(c1)S(=O)(=O)N1CCOCC1,5.8539
50304922,CCC(C)(C)C(=O)Nc1cc(C)c(C)c(c1)S(=O)(=O)NC1CCCC1,5.4685
50304923,CCC(C)(C)C(=O)Nc1cc(C)c(C)c(c1)S(=O)(=O)NCC1CC1,5.4202
50304924,CCC(C)(C)C(=O)Nc1cc(C)c(C)c(c1)S(=O)(=O)N1CCCCCC1,5.7447
50304925,CCC(C)(C)C(=O)Nc1cc(C)c(C)c(c1)S(=O)(=O)N1CCSC1,5.6778
50304926,CCC(C)(C)C(=O)Nc1cc(C)c(C)c(c1)S(=O)(=O)N1CCCCC1,6.1871
50305989,CC1(CNS(=O)(=O)C(F)(F)F)CCN(CC1)S(=O)(=O)c1ccc(Cl)cc1S(=O)(=O)c1ccccc1F,5.3872
50306009,Fc1ccccc1S(=O)(=O)c1cc(Cl)ccc1S(=O)(=O)N1CCC(C1)NS(=O)(=O)C(F)(F)F,5.0044
50306010,Fc1ccccc1S(=O)(=O)c1cc(Cl)ccc1S(=O)(=O)N[C@H]1CC[C@H](CC1)NS(=O)(=O)C(F)(F)F,5.1612
50306011,Fc1ccccc1S(=O)(=O)c1cc(Cl)ccc1S(=O)(=O)N[C@H]1CC[C@@H](CC1)NS(=O)(=O)C(F)(F)F,5.7918
50306013,Fc1ccccc1S(=O)(=O)c1cc(Cl)ccc1S(=O)(=O)NCCCCNS(=O)(=O)C(F)(F)F,6.0458
50306014,Fc1ccccc1S(=O)(=O)c1cc(Cl)ccc1S(=O)(=O)N1CC(CCNS(=O)(=O)C(F)(F)F)C1,5.6021
50306016,Fc1ccccc1S(=O)(=O)c1cc(Cl)ccc1S(=O)(=O)N1CCC2(CC2NS(=O)(=O)C(F)(F)F)CC1,5.6021
50306017,Fc1ccccc1S(=O)(=O)c1cc(Cl)ccc1S(=O)(=O)N1C[C@H]2[C@@H](C1)[C@@H]2NS(=O)(=O)C(F)(F)F,5.6576
50306018,C[C@H]1CN(CC[C@@H]1CNS(=O)(=O)C(F)(F)F)S(=O)(=O)c1ccc(Cl)cc1S(=O)(=O)c1ccccc1F,5.6021
50306019,C[C@H]1CC(CNS(=O)(=O)C(F)(F)F)CCN1S(=O)(=O)c1ccc(Cl)cc1S(=O)(=O)c1ccccc1F,6.2518
50306526,CCCCCc1cc2OC(C)(C)[C@@H]3CCC(C)=C[C@H]3c2c(SC)c1,6.02
50306528,CCCCCCC(C)(C)c1cc(O)c2[C@@H]3C=C(C)CC[C@H]3C(C)(C)Oc2c1,9.6198
50306529,CCCCCCC(C)(C)c1cc2OC(C)(C)[C@@H]3CCC(C)=C[C@H]3c2c(c1)C#N,7.1688
50306530,CCCCCCC(C)(C)c1cc(N)c2[C@@H]3C=C(C)CC[C@H]3C(C)(C)Oc2c1,7.9318
50306531,CCCCCCC(C)(C)c1cc(NC(C)=O)c2[C@@H]3C=C(C)CC[C@H]3C(C)(C)Oc2c1,5.8729
50306532,CCCCCCC(C)(C)c1cc(NC(=O)NC)c2[C@@H]3C=C(C)CC[C@H]3C(C)(C)Oc2c1,6.4776
50306534,CCCCCCC(C)(C)c1cc(NS(C)(=O)=O)c2[C@@H]3C=C(C)CC[C@H]3C(C)(C)Oc2c1,5.7352
50306542,CCCCCc1cc(N)c2[C@@H]3C=C(C)CC[C@H]3C(C)(C)Oc2c1,6.2104
50306543,CCCCCc1cc2OC(C)(C)[C@@H]3CCC(C)=C[C@H]3c2c(c1)C#N,5.7645
50308537,CCCCCOc1c(OC)ccc2cc(C(=O)NCCc3ccccc3)c(=O)[nH]c12,6.7077
50308539,CCCCCOc1c(OC)ccc2cc(C(=O)NCCCc3ccccc3)c(=O)[nH]c12,6.4908
50308540,CCCCCOc1c(OC)ccc2cc(C(=O)NCCc3ccc(OC)cc3)c(=O)[nH]c12,6.1349
50308546,CCCCCOc1c(OC)ccc2cc(C(=O)NCCc3ccc(F)cc3)c(Cl)nc12,5.5414
50309027,CC(C)CCNS(=O)(=O)[C@@H]1CC[C@H](N(C1)c1ccc(Cl)cc1)c1ccc(Cl)cc1Cl,8.041
50309028,Clc1ccc(cc1)N1C[C@@H](CC[C@H]1c1ccc(Cl)cc1Cl)S(=O)(=O)N1CCCCC1,7.7959
50309029,Clc1ccc(cc1)N1C[C@@H](CC[C@H]1c1ccc(Cl)cc1Cl)S(=O)(=O)NC1CCCCC1,7.4559
50309030,CC(C)CNS(=O)(=O)[C@@H]1CC[C@H](N(C1)c1ccc(Cl)cc1)c1ccc(Cl)cc1Cl,8.2007
50309031,Clc1ccc(cc1)N1C[C@@H](CC[C@H]1c1ccc(Cl)cc1Cl)C(=O)NC1CCC1,7.4815
50309032,Clc1ccc(CNC(=O)[C@@H]2CC[C@H](N(C2)c2ccc(Cl)cc2)c2ccc(Cl)cc2Cl)cc1,7.2007
50309033,Clc1ccc(cc1)N1C[C@@H](CC[C@H]1c1ccc(Cl)cc1Cl)C(=O)NC1CCCCC1,7.7447
50309034,CC(C)CNC(=O)[C@@H]1CC[C@H](N(C1)c1ccc(Cl)cc1)c1ccc(Cl)cc1Cl,7.4815
50309035,CC(C)(C)CCN1CCN(C[C@@H]2CC[C@H](N(C2)c2ccc(Cl)cc2)c2ccc(Cl)cc2Cl)CC1,7.2441
50309036,CC(C)(C)CC(=O)N1CCN(C[C@@H]2CC[C@H](N(C2)c2ccc(Cl)cc2)c2ccc(Cl)cc2Cl)CC1,7.8861
50309037,CC(=O)N1CCN(C[C@@H]2CC[C@H](N(C2)c2ccc(Cl)cc2)c2ccc(Cl)cc2Cl)CC1,6.3458
50309038,Clc1ccc(cc1)N1C[C@H](CN2CCN(CC2)S(=O)(=O)C2CC2)CC[C@H]1c1ccc(Cl)cc1Cl,7.3565
50309039,CS(=O)(=O)N1CCN(C[C@@H]2CC[C@H](N(C2)c2ccc(Cl)cc2)c2ccc(Cl)cc2Cl)CC1,6.1612
50309040,Clc1ccc(cc1)N1C[C@H](CN2CCNCC2)CC[C@H]1c1ccc(Cl)cc1Cl,6.2565
50309041,CC(C)(C)OC(=O)N1CCN(C[C@@H]2CC[C@H](N(C2)c2ccc(Cl)cc2)c2ccc(Cl)cc2Cl)CC1,8.0969
50309042,Clc1ccc(cc1)N1CC(CCNS(=O)(=O)C2CC2)CCC1c1ccc(Cl)cc1Cl,7.2441
50309043,Clc1ccc(cc1)N1C[C@H](CCNC(=O)c2ccc(cc2)C#N)CC[C@H]1c1ccc(Cl)cc1Cl,8.2924
50309044,CC(=O)NCC[C@@H]1CC[C@H](N(C1)c1ccc(Cl)cc1)c1ccc(Cl)cc1Cl,7.3768
50309045,Clc1ccc(cc1)N1C[C@H](CCNS(=O)(=O)c2cccnc2)CC[C@H]1c1ccc(Cl)cc1Cl,8.2366
50309046,Clc1ccc(cc1)N1C[C@H](CCNS(=O)(=O)c2ccc(cc2)C#N)CC[C@H]1c1ccc(Cl)cc1Cl,8.3768
50309047,Clc1ccc(cc1)N1C[C@H](CCNS(=O)(=O)C2CC2)CC[C@H]1c1ccc(Cl)cc1Cl,8.4202
50309048,NCC[C@@H]1CC[C@H](N(C1)c1ccc(Cl)cc1)c1ccc(Cl)cc1Cl,7.2147
50309049,Clc1ccc(cc1)N1C[C@H](CNC(=O)c2ccc(cc2)C#N)CC[C@H]1c1ccc(Cl)cc1Cl,8.301
50309050,Clc1ccc(cc1)N1C[C@H](CNS(=O)(=O)c2cccnc2)CC[C@H]1c1ccc(Cl)cc1Cl,8.2218
50309051,Clc1ccc(cc1)N1C[C@H](CNS(=O)(=O)C2CC2)CC[C@H]1c1ccc(Cl)cc1Cl,6.8013
50309052,NC[C@@H]1CC[C@H](N(C1)c1ccc(Cl)cc1)c1ccc(Cl)cc1Cl,6.8761
50309053,Fc1ccc(C[C@H]2CC[C@@H](N(C2)c2ccc(Cl)cc2Cl)c2ccc(Cl)cc2)cc1F,6.3307
50309054,Fc1ccc(C[C@H]2CC[C@@H](N(C2)c2ccc(Cl)cc2)c2ccc(Cl)cc2Cl)cc1F,7.8239
50309055,Fc1ccc(C[C@H]2CC[C@@H](N(C2=O)c2ccc(Cl)cc2)c2ccc(Cl)cc2Cl)cc1F,6.9626
50309057,Fc1ccc(C[C@H]2CC[C@@H](N(C2)c2ccc(Cl)cc2)c2ccc(Cl)cc2)cc1F,7.1427
50309058,Fc1ccc(C[C@@H]2CC[C@@H](N(C2=O)c2ccc(Cl)cc2)c2ccc(Cl)cc2)cc1F,6.1463
50309059,Fc1ccc(C[C@H]2CC[C@@H](N(C2=O)c2ccc(Cl)cc2)c2ccc(Cl)cc2)cc1F,6.3526
50309060,Clc1ccc(cc1)N1C[C@H](CNC(=O)C2CC2)CC[C@H]1c1ccc(Cl)cc1Cl,6.9508
50309061,Clc1ccc(cc1)N1C[C@H](CNS(=O)(=O)c2cccc3ccccc23)CC[C@H]1c1ccc(Cl)cc1Cl,8.6383
50309062,CCCS(=O)(=O)NC[C@@H]1CC[C@H](N(C1)c1ccc(Cl)cc1)c1ccc(Cl)cc1Cl,7.3188
50309533,Cc1nc(C(=O)NC[C@H]2C[C@@H]3C[C@H](C2)C3(C)C)c(C)n1-c1ccccc1,5.3985
50309534,Cc1nc(C(=O)NC23CC4CC(CC(C4)C2)C3)c(C)n1-c1ccccc1,5.311
50309535,Cc1nc(C(=O)NC2C3CC4CC(C3)CC2C4)c(C)n1-c1ccccc1,5.5217
50309536,Cc1nc(C(=O)NC2C3CC4CC(CC24)C3)c(C)n1-c1ccccc1,5.2641
50309537,Cc1nc(C(=O)NCc2ccccc2C(F)(F)F)c(C)n1-c1ccccc1,5.8471
50309539,CCCCc1c(nc(C)n1-c1ccccc1)C(=O)NC12CC3CC(CC(C3)C1)C2,5.7001
50309540,CCc1nc(C(=O)NC23CC4CC(CC(C4)C2)C3)c(C)n1-c1ccccc1,5.3817
50311076,COc1ccc(cc1)-c1c(C#N)c(nn1-c1ccccc1I)C(=O)NN1CCCCC1,8.4685
50312578,O=C(C1CCCCC1)N1CCN(CC1)C(c1ccccc1)c1ccccc1,6.7852
50312579,O=C(NC1CCCCC1)N1CCN(CC1)C(c1ccccc1)c1ccccc1,7.284
50312580,CCCCNC(=O)N1CCN(CC1)C(c1ccccc1)c1ccccc1,6.6216
50312581,S=C(NC1CCCCC1)N1CCN(CC1)C(c1ccccc1)c1ccccc1,6.9747
50312582,"Clc1ccc(C(N2CCN(CC2)C(=O)NC2CCCCC2)c2ccccc2)c(Cl)c1, Clc1ccc(C(N2CCN(CC2)C(=O)NC2CCCCC2)c2ccccc2)c(Cl)c1",8.416
50312583,"Clc1ccc(cc1Cl)C(N1CCN(CC1)C(=O)NC1CCCCC1)c1ccccc1, Clc1ccc(cc1Cl)C(N1CCN(CC1)C(=O)NC1CCCCC1)c1ccccc1",6.7786
50312584,"Clc1ccc(Cl)c(c1)C(N1CCN(CC1)C(=O)NC1CCCCC1)c1ccccc1, Clc1ccc(Cl)c(c1)C(N1CCN(CC1)C(=O)NC1CCCCC1)c1ccccc1",7.7978
50312585,"Clc1cccc(Cl)c1C(N1CCN(CC1)C(=O)NC1CCCCC1)c1ccccc1, Clc1cccc(Cl)c1C(N1CCN(CC1)C(=O)NC1CCCCC1)c1ccccc1",7.9586
50312586,"Fc1cc(Br)ccc1C(N1CCN(CC1)C(=O)NC1CCCCC1)c1ccccc1, Fc1cc(Br)ccc1C(N1CCN(CC1)C(=O)NC1CCCCC1)c1ccccc1",7.9026
50312587,"Fc1ccc(C(N2CCN(CC2)C(=O)NC2CCCCC2)c2ccccc2)c(Cl)c1, Fc1ccc(C(N2CCN(CC2)C(=O)NC2CCCCC2)c2ccccc2)c(Cl)c1",7.6295
50312588,"Fc1cc(Cl)ccc1C(N1CCN(CC1)C(=O)NC1CCCCC1)c1ccccc1, Fc1cc(Cl)ccc1C(N1CCN(CC1)C(=O)NC1CCCCC1)c1ccccc1",7.7076
50312589,Clc1ccc(C(N2CCN(CC2)C(=O)C2CCC2)c2ccccc2)c(Cl)c1,6.5361
50312590,"Clc1ccc(C(N2CCN(CC2)C(=O)C2CCCC2)c2ccccc2)c(Cl)c1, Clc1ccc(C(N2CCN(CC2)C(=O)C2CCCC2)c2ccccc2)c(Cl)c1",6.2651
50312591,"Clc1ccc(C(N2CCN(CC2)C(=O)C2CCCCC2)c2ccccc2)c(Cl)c1, Clc1ccc(C(N2CCN(CC2)C(=O)C2CCCCC2)c2ccccc2)c(Cl)c1",8.134
50312592,"Clc1ccc(C(N2CCN(CC2)C(=O)C23CC4CC(CC(C4)C2)C3)c2ccccc2)c(Cl)c1, Clc1ccc(C(N2CCN(CC2)C(=O)C23CC4CC(CC(C4)C2)C3)c2ccccc2)c(Cl)c1",7.3849
50312593,Clc1ccc(C(N2CCN(CC2)C(=O)N2CCCCC2)c2ccccc2)c(Cl)c1,7.2518
50312594,Clc1ccc(C(N2CCN(CC2)C(=O)N2CCOCC2)c2ccccc2)c(Cl)c1,6.9547
50312595,"CCCCNC(=O)N1CCN(CC1)C(c1ccccc1)c1ccc(Cl)cc1Cl, CCCCNC(=O)N1CCN(CC1)C(c1ccccc1)c1ccc(Cl)cc1Cl",6.8746
50312596,"Clc1ccc(C(N2CCN(CC2)C(=O)NN2CCCCC2)c2ccccc2)c(Cl)c1, Clc1ccc(C(N2CCN(CC2)C(=O)NN2CCCCC2)c2ccccc2)c(Cl)c1",8.6244
50312597,"Clc1ccc(C(N2CCN(CC2)C(=S)NC2CCCCC2)c2ccccc2)c(Cl)c1, Clc1ccc(C(N2CCN(CC2)C(=S)NC2CCCCC2)c2ccccc2)c(Cl)c1",8.7219
50312598,"Clc1ccc(C(N2CCN(CC2)C(=O)NC2CCCCC2)c2cccc(Cl)c2)c(Cl)c1, Clc1ccc(C(N2CCN(CC2)C(=O)NC2CCCCC2)c2cccc(Cl)c2)c(Cl)c1",7.7158
50312599,"Cc1ccc(cc1)C(N1CCN(CC1)C(=O)NC1CCCCC1)c1ccc(Cl)cc1Cl, Cc1ccc(cc1)C(N1CCN(CC1)C(=O)NC1CCCCC1)c1ccc(Cl)cc1Cl",9.1963
50312600,"Cc1ccc(cc1)C(N1CCN(CC1)C(=O)NN1CCCCC1)c1ccc(Cl)cc1Cl, Cc1ccc(cc1)C(N1CCN(CC1)C(=O)NN1CCCCC1)c1ccc(Cl)cc1Cl",8.1734
50312601,"COc1ccc(cc1)C(N1CCN(CC1)C(=O)NC1CCCCC1)c1ccc(Cl)cc1Cl, COc1ccc(cc1)C(N1CCN(CC1)C(=O)NC1CCCCC1)c1ccc(Cl)cc1Cl",7.8356
50312602,"Clc1ccc(C(N2CCN(CC2)C(=O)NC2CCCCC2)c2ccc(Oc3ccccc3)cc2)c(Cl)c1, Clc1ccc(C(N2CCN(CC2)C(=O)NC2CCCCC2)c2ccc(Oc3ccccc3)cc2)c(Cl)c1",8.2136
50312603,"FC(F)(F)c1ccc(cc1)C(N1CCN(CC1)C(=O)NC1CCCCC1)c1ccc(Cl)cc1Cl, FC(F)(F)c1ccc(cc1)C(N1CCN(CC1)C(=O)NC1CCCCC1)c1ccc(Cl)cc1Cl",8.0825
50312604,"Fc1ccc(cc1)C(N1CCN(CC1)C(=O)NC1CCCCC1)c1ccc(Cl)cc1Cl, Fc1ccc(cc1)C(N1CCN(CC1)C(=O)NC1CCCCC1)c1ccc(Cl)cc1Cl",8.3468
50312819,"CNC(=NS(=O)(=O)N1CCC(F)(F)CC1)C1=NN([C@@H](C1)c1ccccc1)c1ccc(Cl)cc1, CNC(=NS(=O)(=O)N1CCC(F)(F)CC1)C1=NN([C@@H](C1)c1ccccc1)c1ccc(Cl)cc1",6.982
50312820,CNC(=NS(=O)(=O)N1CCC(F)(F)CC1)C1=NN([C@H](C1)c1ccccc1)c1ccc(Cl)cc1,8.0362
50312821,"CNC(=NS(=O)(=O)N1CCC(CC1)C(F)(F)F)C1=NN([C@@H](C1)c1ccccc1)c1ccc(Cl)cc1, CNC(=NS(=O)(=O)N1CCC(CC1)C(F)(F)F)C1=NN([C@@H](C1)c1ccccc1)c1ccc(Cl)cc1",7.6779
50312822,CNC(=NS(=O)(=O)N1CCC(CC1)C(F)(F)F)C1=NN([C@H](C1)c1ccccc1)c1ccc(Cl)cc1,8.699
50312823,CNC(=NS(=O)(=O)N1CCCCC1)N1C[C@@H](C(=N1)c1ccc(Cl)cc1)c1ccccc1,7.2366
50312824,CN=C(NS(=O)(=O)c1ccc(Cl)cc1)C1=NN(C(C1)c1ccccc1)c1ccc(Cl)cc1,7.0757
50312825,CN=C(NS(=O)(=O)c1ccc(F)cc1)C1=NN(C(C1)c1ccccc1)c1ccc(Cl)cc1,7.6635
50312826,CN=C(NS(=O)(=O)c1cccc(Cl)c1)C1=NN(C(C1)c1ccccc1)c1ccc(Cl)cc1Cl,7.2757
50312827,CN=C(NS(=O)(=O)c1ccc(Cl)cc1)C1=NN(C(C1)c1ccccc1)c1ccc(Cl)cc1Cl,7.4318
50312828,CN=C(NS(=O)(=O)c1ccc(cc1)C(F)(F)F)C1=NN(C(C1)c1ccccc1)c1ccc(Cl)cc1Cl,7.9469
50312829,CNC(=NS(=O)(=O)N1CCCCC1)C1=NN(C(C1)c1ccccc1)c1ccc(Cl)cc1,6.8508
50312830,CNC(=NS(=O)(=O)N1CCC(F)CC1)C1=NN(C(C1)c1ccccc1)c1ccc(Cl)cc1,7.2596
50312831,CNC(=NS(=O)(=O)N1CCC(F)CC1)N1CC(C(=N1)c1ccc(Cl)cc1)c1ccccc1,8.1249
50312832,CNC(=NS(=O)(=O)N1CCC(CC1)C(F)(F)F)N1CC(C(=N1)c1ccc(Cl)cc1)c1ccccc1,7.8386
50312833,CNC(=NS(=O)(=O)N1CCC(CC1)C(F)(F)F)N1C[C@@H](C(=N1)c1ccc(Cl)cc1)c1ccccc1,8.3279
50312834,CNC(=NS(=O)(=O)N1CCC(CC1)C(F)(F)F)N1C[C@H](C(=N1)c1ccc(Cl)cc1)c1ccccc1,6.8539
50312835,CNC(=NS(=O)(=O)N1CCC(F)(F)CC1)N1C[C@@H](C(=N1)c1ccc(Cl)cc1)c1ccccc1,7.3768
50312836,CNC(=NS(=O)(=O)N1CCC(F)(F)CC1)N1C[C@H](C(=N1)c1ccc(Cl)cc1)c1ccccc1,6.3344
50312841,COc1cc(cc(O)c1-c1cc(Cl)cc(Cl)c1)C(=O)c1cccs1,6.2984
50317245,CS(=O)c1c(nn(c1-c1ccc(Cl)cc1)-c1ccc(Cl)cc1Cl)C(=O)NN1CCCCC1,7.699
50317246,CSc1c(nc(-c2ccc(Cl)cc2Cl)n1-c1ccc(Cl)cc1)C(=O)NN1CCCC1,8.0506
50317248,CS(=O)(=O)c1c(nc(-c2ccc(Cl)cc2Cl)n1-c1ccc(Cl)cc1)C(=O)NN1CCCCC1,7.9208
50317249,CCSc1c(nc(-c2ccc(Cl)cc2Cl)n1-c1ccc(Cl)cc1)C(=O)NN1CCCCC1,7.2924
50317250,CSc1c(nn(c1-c1ccc(Cl)cc1)-c1ccc(Cl)cc1Cl)C(=O)NN1CCCC1,8.5229
50317251,CSc1c(nc(-c2ccc(Cl)cc2Cl)n1-c1ccc(Cl)cc1)C(=O)NN1CCCCC1,7.9208
50317252,CSc1c(nn(c1-c1ccc(Cl)cc1)-c1ccc(Cl)cc1Cl)C(=O)NN1CCCCC1,7.8861
50317253,Clc1ccc(cc1)-n1c(I)c(nc1-c1ccc(Cl)cc1Cl)C(=O)NN1CCCCC1,8
50317254,CSc1c(nc(-c2ccc(Cl)cc2Cl)n1-c1ccc(Cl)cc1)C(=O)NN1CCCCCC1,7.9208
50317255,CSc1c(nn(c1-c1ccc(Cl)cc1)-c1ccc(Cl)cc1Cl)C(=O)NN1CCCCCC1,7.5686
50317256,OCc1c(nc(-c2ccc(Cl)cc2Cl)n1-c1ccc(Cl)cc1)C(=O)NN1CCCCC1,7.4685
50318484,"CCCCCc1cc(O)c([C@@H]2C=C(C)CC[C@H]2C(C)=C)c(O)c1, CCCCCc1cc(O)c([C@@H]2C=C(C)CC[C@H]2C(C)=C)c(O)c1, CCCCCc1cc(O)c([C@@H]2C=C(C)CC[C@H]2C(C)=C)c(O)c1, CCCCCc1cc(O)c([C@@H]2C=C(C)CC[C@H]2C(C)=C)c(O)c1",5.5434
50318486,CCCCCc1cc(O)c2C=CC(C)(CCC=C(C)C)Oc2c1,6.1463
50318487,"CCCCCc1cc(O)c(C\C=C(/C)CCC=C(C)C)c(O)c1, CCCCCc1cc(O)c(C\C=C(/C)CCC=C(C)C)c(O)c1, CCCCCc1cc(O)c(C\C=C(/C)CCC=C(C)C)c(O)c1",5.9171
50324630,CCCCCn1cc(C(=O)NC23CC4CC(CC(C4)C2)C3)c(=O)c2cc(I)ccc12,5.6819
50324632,CCCCCn1cc(C(=O)NC23CC4CC(CC(C4)C2)C3)c(=O)c2cc(ccc12)S(=O)c1ccccc1,6.3372
50324644,CCCCCn1cc(C(=O)NC23CC4CC(CC(C4)C2)C3)c(=O)c2cc(ccc12)-c1cc(C)c(OC)c(C)c1,6.2924
50324645,CCCCCn1cc(C(=O)NC23CC4CC(CC(C4)C2)C3)c(=O)c2cc(ccc12)-c1ccc2cc(OC)ccc2c1,6.4437
50324646,CCCCCn1cc(C(=O)NC23CC4CC(CC(C4)C2)C3)c(=O)c2cc(ccc12)-c1cnn(CC(C)C)c1,6.6096
50324652,CCCCCn1cc(C(=O)NC23CC4CC(CC(C4)C2)C3)c(=O)c2cc(ccc12)-n1cccc1,7.5272
50324655,CCCCCn1cc(C(=O)NC23CC4CC(CC(C4)C2)C3)c(=O)c2cc(CC)ccc12,6.0458
50324657,Brc1ccc2n(CC#C)cc(C(=O)NC34CC5CC(CC(C5)C3)C4)c(=O)c2c1,5.4935
50324658,CCCCCn1cc(C(=O)N[C@H]2C(C)(C)[C@H]3CC[C@]2(C)C3)c(=O)c2cc(Br)ccc12,8.5528
50324659,CCCCCn1cc(C(=O)NN2CCCCC2)c(=O)c2cc(Br)ccc12,5.7212
50324660,CCCCCn1cc(C(=O)NC2CCCCC2)c(=O)c2cc(Br)ccc12,5.7696
50324663,CCCCCn1cc(C(=O)N[C@@H]2[C@]3(C)CC[C@@H](C3)C2(C)C)c(=O)c2cc(ccc12)-c1ccco1,6.3188
50325575,CCCCC1=NN(CC1c1ccccc1)C(=O)NC(C)(C)c1ccccc1,7.8477
50325576,CCCCC1=NN(CC1c1cccc(F)c1)C(=O)NC(C)(C)c1ccc(F)cc1,7.3478
50325577,CCCCC1=NN(CC1c1ccccc1F)C(=O)NC(C)(C)c1ccc(F)cc1,7.4949
50325578,CCCCC1=NN(CC1c1ccsc1)C(=O)NC(C)(C)c1ccccc1,7.7144
50325579,CCCCCC1=NN(CC1c1ccccc1)C(=O)NC1CCCCC1,7.284
50325580,CCCCCC1=NN(CC1c1ccccc1)C(=O)NC1CCCCCC1,7.8153
50325581,CCCCCC1=NN(CC1c1ccccc1)C(=O)NC1CCCCCCC1,7.9245
50325582,CCCCCC1=NN(CC1c1ccccc1)C(=O)NC1CCCc2ccccc12,7.4802
50325583,CCCCCC1=NN(CC1c1ccccc1)C(=O)Nc1ccccc1C(F)(F)F,7.1549
50325584,"CCCCCC1=NN(CC1c1ccccc1)C(=O)N[C@H]1C[C@H]2CC[C@]1(C)C2(C)C, CCCCCC1=NN(CC1c1ccccc1)C(=O)N[C@H]1C[C@H]2CC[C@]1(C)C2(C)C",7.8131
50325585,CCCCCC1=NN(CC1c1ccccc1)C(=O)c1cccc2ccccc12,6.7852
50325586,CCCCC1=NN(C(=O)NC(C)(C)c2ccccc2)C(C)(C)C1c1ccccc1,8.0458
50325587,CCCCC1=NN(C(=O)N[C@H]2C[C@H]3CC[C@]2(C)C3(C)C)C(C)(C)C1c1ccccc1,7.7932
50325588,CCCCCN1N=C(CC1c1ccccc1)C(=O)NC1C2CC3CC(C2)CC1C3,8.0362
50325589,CCCCCN1N=C(CC1c1ccccc1)C(=O)NC(C)(C)c1ccc(F)cc1,6.9281
50325590,CCCCCN1N=C(CC1c1ccccc1)C(=O)N[C@H]1C[C@H]2CC[C@]1(C)C2(C)C,8.3279
50325591,CCCCCN1N=C(CC1c1ccccc1F)C(=O)N[C@H]1C[C@H]2CC[C@]1(C)C2(C)C,8.2147
50325592,CCCCCC1=NN(CC1c1ccccc1)C(=O)Nc1cccc2ccccc12,8.1308
50325593,CCCCCC1=NN(CC1c1ccccc1)C(=O)NCc1ccccc1,7.2924
50325594,CCCCCC1=NN(CC1c1ccccc1)C(=O)NCC1CCCCC1,7.8153
50325595,CCCCCC1=NN(CC1c1ccccc1)C(=O)NCC12CC3CC(CC(C3)C1)C2,7.7932
50325596,CCCCCC1=NN(CC1c1ccccc1)C(=O)NC[C@@H]1CC[C@H]2C[C@@H]1C2(C)C,7.8069
50325597,CCCCCC1=NN(CC1c1ccccc1)C(=O)NC1C2CC3CC(C2)CC1C3,8.1938
50325598,CCCCCC1=NN(CC1c1ccccc1)C(=O)NC12CC3CC(CC(C3)C1)C2,7.1675
50325599,CCCCCC1=NN(CC1c1ccccc1)C(=O)NC(C)(C)c1ccccc1,8.4868
50326618,COCCn1c(C)c(C)sc1=NC(=O)C1C(C)(C)C1(C)C,6.5686
50328950,"Cc1c(nn(c1-c1ccc(Cl)cc1)-c1ccc(Cl)cc1Cl)C(=O)NCCCCCCCCCCCNCCCCCCCCCCCNC(=O)c1nn(c(c1C)-c1ccc(Cl)cc1)-c1ccc(Cl)cc1Cl, Cc1c(nn(c1-c1ccc(Cl)cc1)-c1ccc(Cl)cc1Cl)C(=O)NCCCCCCCCCCCNCCCCCCCCCCCNC(=O)c1nn(c(c1C)-c1ccc(Cl)cc1)-c1ccc(Cl)cc1Cl",7.2174
50328951,"Cc1c(nn(c1-c1ccc(Cl)cc1)-c1ccc(Cl)cc1Cl)C(=O)NCCCCCCCCCNCCCCCCCCCNC(=O)c1nn(c(c1C)-c1ccc(Cl)cc1)-c1ccc(Cl)cc1Cl, Cc1c(nn(c1-c1ccc(Cl)cc1)-c1ccc(Cl)cc1Cl)C(=O)NCCCCCCCCCNCCCCCCCCCNC(=O)c1nn(c(c1C)-c1ccc(Cl)cc1)-c1ccc(Cl)cc1Cl",7.254
50328952,"Cc1c(nn(c1-c1ccc(Cl)cc1)-c1ccc(Cl)cc1Cl)C(=O)NCCCCCCCNCCCCCCCNC(=O)c1nn(c(c1C)-c1ccc(Cl)cc1)-c1ccc(Cl)cc1Cl, Cc1c(nn(c1-c1ccc(Cl)cc1)-c1ccc(Cl)cc1Cl)C(=O)NCCCCCCCNCCCCCCCNC(=O)c1nn(c(c1C)-c1ccc(Cl)cc1)-c1ccc(Cl)cc1Cl",8.1329
50328953,"Cc1c(nn(c1-c1ccc(Cl)cc1)-c1ccc(Cl)cc1Cl)C(=O)NCCCCCNCCCCCNC(=O)c1nn(c(c1C)-c1ccc(Cl)cc1)-c1ccc(Cl)cc1Cl, Cc1c(nn(c1-c1ccc(Cl)cc1)-c1ccc(Cl)cc1Cl)C(=O)NCCCCCNCCCCCNC(=O)c1nn(c(c1C)-c1ccc(Cl)cc1)-c1ccc(Cl)cc1Cl",7.342
50328954,"Cc1c(nn(c1-c1ccc(Cl)cc1)-c1ccc(Cl)cc1Cl)C(=O)NCCCNCCCNC(=O)c1nn(c(c1C)-c1ccc(Cl)cc1)-c1ccc(Cl)cc1Cl, Cc1c(nn(c1-c1ccc(Cl)cc1)-c1ccc(Cl)cc1Cl)C(=O)NCCCNCCCNC(=O)c1nn(c(c1C)-c1ccc(Cl)cc1)-c1ccc(Cl)cc1Cl",7.0687
50328955,"Cc1c(nn(c1-c1ccc(Cl)cc1)-c1ccc(Cl)cc1Cl)C(=O)NCCNCCNC(=O)c1nn(c(c1C)-c1ccc(Cl)cc1)-c1ccc(Cl)cc1Cl, Cc1c(nn(c1-c1ccc(Cl)cc1)-c1ccc(Cl)cc1Cl)C(=O)NCCNCCNC(=O)c1nn(c(c1C)-c1ccc(Cl)cc1)-c1ccc(Cl)cc1Cl",6.8336
50328956,"Cc1c(nn(c1-c1ccc(Cl)cc1)-c1ccc(Cl)cc1Cl)C(=O)NCCCCCCCCCCCNCCCCCCCCCCCN, Cc1c(nn(c1-c1ccc(Cl)cc1)-c1ccc(Cl)cc1Cl)C(=O)NCCCCCCCCCCCNCCCCCCCCCCCN",8.4897
50328957,"Cc1c(nn(c1-c1ccc(Cl)cc1)-c1ccc(Cl)cc1Cl)C(=O)NCCCCCCCCCNCCCCCCCCCN, Cc1c(nn(c1-c1ccc(Cl)cc1)-c1ccc(Cl)cc1Cl)C(=O)NCCCCCCCCCNCCCCCCCCCN",8.0592
50328958,"Cc1c(nn(c1-c1ccc(Cl)cc1)-c1ccc(Cl)cc1Cl)C(=O)NCCCCCCCNCCCCCCCN, Cc1c(nn(c1-c1ccc(Cl)cc1)-c1ccc(Cl)cc1Cl)C(=O)NCCCCCCCNCCCCCCCN",7.5204
50328959,"Cc1c(nn(c1-c1ccc(Cl)cc1)-c1ccc(Cl)cc1Cl)C(=O)NCCCCCNCCCCCN, Cc1c(nn(c1-c1ccc(Cl)cc1)-c1ccc(Cl)cc1Cl)C(=O)NCCCCCNCCCCCN",6.5478
50328960,"CN(CCCCCCCCCN)CCCCCCCCCNC(=O)c1nn(c(c1C)-c1ccc(Cl)cc1)-c1ccc(Cl)cc1Cl, CN(CCCCCCCCCN)CCCCCCCCCNC(=O)c1nn(c(c1C)-c1ccc(Cl)cc1)-c1ccc(Cl)cc1Cl",8.1066
50328961,"CN(CCCCCCCN)CCCCCCCNC(=O)c1nn(c(c1C)-c1ccc(Cl)cc1)-c1ccc(Cl)cc1Cl, CN(CCCCCCCN)CCCCCCCNC(=O)c1nn(c(c1C)-c1ccc(Cl)cc1)-c1ccc(Cl)cc1Cl",7.6179
50328962,"CN(CCCCCN)CCCCCNC(=O)c1nn(c(c1C)-c1ccc(Cl)cc1)-c1ccc(Cl)cc1Cl, CN(CCCCCN)CCCCCNC(=O)c1nn(c(c1C)-c1ccc(Cl)cc1)-c1ccc(Cl)cc1Cl",6.921
50328963,"CN(CCCCCCCCCCCNC(=O)c1nn(c(c1C)-c1ccc(Cl)cc1)-c1ccc(Cl)cc1Cl)CCCCCCCCCCCNC(=O)c1nn(c(c1C)-c1ccc(Cl)cc1)-c1ccc(Cl)cc1Cl, CN(CCCCCCCCCCCNC(=O)c1nn(c(c1C)-c1ccc(Cl)cc1)-c1ccc(Cl)cc1Cl)CCCCCCCCCCCNC(=O)c1nn(c(c1C)-c1ccc(Cl)cc1)-c1ccc(Cl)cc1Cl",5.8067
50328964,"CN(CCCCCCCCCNC(=O)c1nn(c(c1C)-c1ccc(Cl)cc1)-c1ccc(Cl)cc1Cl)CCCCCCCCCNC(=O)c1nn(c(c1C)-c1ccc(Cl)cc1)-c1ccc(Cl)cc1Cl, CN(CCCCCCCCCNC(=O)c1nn(c(c1C)-c1ccc(Cl)cc1)-c1ccc(Cl)cc1Cl)CCCCCCCCCNC(=O)c1nn(c(c1C)-c1ccc(Cl)cc1)-c1ccc(Cl)cc1Cl",6.8169
50328965,"CN(CCCCCCCNC(=O)c1nn(c(c1C)-c1ccc(Cl)cc1)-c1ccc(Cl)cc1Cl)CCCCCCCNC(=O)c1nn(c(c1C)-c1ccc(Cl)cc1)-c1ccc(Cl)cc1Cl, CN(CCCCCCCNC(=O)c1nn(c(c1C)-c1ccc(Cl)cc1)-c1ccc(Cl)cc1Cl)CCCCCCCNC(=O)c1nn(c(c1C)-c1ccc(Cl)cc1)-c1ccc(Cl)cc1Cl",7.6614
50328966,"CN(CCCCCNC(=O)c1nn(c(c1C)-c1ccc(Cl)cc1)-c1ccc(Cl)cc1Cl)CCCCCNC(=O)c1nn(c(c1C)-c1ccc(Cl)cc1)-c1ccc(Cl)cc1Cl, CN(CCCCCNC(=O)c1nn(c(c1C)-c1ccc(Cl)cc1)-c1ccc(Cl)cc1Cl)CCCCCNC(=O)c1nn(c(c1C)-c1ccc(Cl)cc1)-c1ccc(Cl)cc1Cl",7.8048
50328967,"CN(CCCCCCCCCCCN)CCCCCCCCCCCNC(=O)c1nn(c(c1C)-c1ccc(Cl)cc1)-c1ccc(Cl)cc1Cl, CN(CCCCCCCCCCCN)CCCCCCCCCCCNC(=O)c1nn(c(c1C)-c1ccc(Cl)cc1)-c1ccc(Cl)cc1Cl",8.0458
50328969,"Cc1c(nn(c1-c1ccc(Cl)cc1)-c1ccc(Cl)cc1Cl)C(=O)NCCNCCN, Cc1c(nn(c1-c1ccc(Cl)cc1)-c1ccc(Cl)cc1Cl)C(=O)NCCNCCN",6.1038
50330773,CCCCCCC(C)(C)c1ccc2[C@@H]3CC(CO)=CC[C@H]3C(C)(C)Oc2c1,8.9208
50332872,CCCNC(=O)c1nn(c(c1C)-n1cccc1)-c1ccc(Cl)cc1Cl,6.2594
50332873,CCCCNC(=O)c1nn(c(c1C)-n1cccc1)-c1ccc(Cl)cc1Cl,6.5645
50332874,CCCCCNC(=O)c1nn(c(c1C)-n1cccc1)-c1ccc(Cl)cc1Cl,7.0915
50332875,Cc1c(nn(c1-n1cccc1)-c1ccc(Cl)cc1Cl)C(=O)NCCCCCO,6.2721
50332876,CCCCCCNC(=O)c1nn(c(c1C)-n1cccc1)-c1ccc(Cl)cc1Cl,6.9062
50332877,CCCCCCCNC(=O)c1nn(c(c1C)-n1cccc1)-c1ccc(Cl)cc1Cl,6.6757
50332878,CCCNC(=O)c1nn(c(c1C)-n1c(C)ccc1C)-c1ccc(Cl)cc1Cl,6.5375
50332879,CCCCNC(=O)c1nn(c(c1C)-n1c(C)ccc1C)-c1ccc(Cl)cc1Cl,6.9097
50332880,CCCCCNC(=O)c1nn(c(c1C)-n1c(C)ccc1C)-c1ccc(Cl)cc1Cl,6.7397
50332881,Cc1ccc(C)n1-c1c(C)c(nn1-c1ccc(Cl)cc1Cl)C(=O)NCCCCCO,6.4291
50332882,CCCCCCNC(=O)c1nn(c(c1C)-n1c(C)ccc1C)-c1ccc(F)cc1F,6.5067
50332883,CCCCCCCNC(=O)c1nn(c(c1C)-n1c(C)ccc1C)-c1ccc(Cl)cc1Cl,7.0123
50332884,CCCCCCCNC(=O)c1nn(c(c1C)-n1c(C)ccc1C)-c1ccc(F)cc1F,6.4339
50332885,CC(C)NC(=O)c1nn(c(c1C)-n1cccc1)-c1ccc(Cl)cc1Cl,6.2849
50332886,Cc1c(nn(c1-n1cccc1)-c1ccc(Cl)cc1Cl)C(=O)NC(C)(C)C,7.0482
50332887,CCC(C)(C)NC(=O)c1nn(c(c1C)-n1cccc1)-c1ccc(Cl)cc1Cl,7.3224
50332888,Cc1c(nn(c1-n1cccc1)-c1ccc(Cl)cc1Cl)C(=O)NCCC(C)(C)C,7.341
50332889,CCCCCCC(C)NC(=O)c1nn(c(c1C)-n1cccc1)-c1ccc(Cl)cc1Cl,6.8027
50332890,CC(C)NC(=O)c1nn(c(c1C)-n1c(C)ccc1C)-c1ccc(Cl)cc1Cl,6.6317
50332891,Cc1ccc(C)n1-c1c(C)c(nn1-c1ccc(Cl)cc1Cl)C(=O)NC(C)(C)C,6.8219
50332892,CCC(C)(C)NC(=O)c1nn(c(c1C)-n1c(C)ccc1C)-c1ccc(Cl)cc1Cl,6.7133
50332893,Cc1ccc(C)n1-c1c(C)c(nn1-c1ccc(Cl)cc1Cl)C(=O)NCCC(C)(C)C,7.426
50332894,CCCCCCC(C)NC(=O)c1nn(c(c1C)-n1c(C)ccc1C)-c1ccc(Cl)cc1Cl,6.9801
50332895,Cc1ccc(C)n1-c1c(C)c(nn1-c1ccc(F)cc1F)C(=O)NCCC(C)(C)C,7.0424
50334011,FC(F)(F)c1cccc(c1)-c1c[nH]c(n1)-c1cccc(CN2CCOCC2)c1,6
50334565,CCCCCn1cc(C(=O)NCC23CC4CC(C)(CC(C)(C4)C2)C3)c(=O)cc1-c1ccccc1,6.3429
50334567,CCCCCn1cc(C(=O)NC23CC4CC(CC(C4)C2)C3)c(=O)cc1-c1ccccc1,6.2277
50334568,CCCCCCn1cc(C(=O)NC23CC4CC(CC(C4)C2)C3)c(=O)cc1-c1ccccc1,6.2248
50334569,CCCCCn1cc(C(=O)NC2CCCCC2)c(=O)cc1-c1ccccc1,6.032
50334570,CCCCCn1cc(C(=O)N[C@@H]2CCCc3ccccc23)c(=O)cc1-c1ccccc1,6.8827
50334582,CCCCCn1cc(C(=O)NCC23CC4CC(CC(C4)C2)C3)c(=O)cc1-c1ccccc1,6.2034
50334583,CCCCCn1cc(C(=O)NC(C)C23CC4CC(CC(C4)C2)C3)c(=O)cc1-c1ccccc1,6.4342
50334589,CCCCCn1cc(C(=O)NC23CC4CC(CC(C4)C2)C3)c(=O)cc1-c1cccc(Cl)c1,7.2907
50334590,CCCCCn1cc(C(=O)NC23CC4CC(CC(C4)C2)C3)c(=O)cc1-c1ccccc1Cl,7.4634
50334591,CCCCCn1cc(C(=O)NC23CC4CC(CC(C4)C2)C3)c(=O)cc1-c1ccc(C)cc1,6.8729
50334592,CCCCCn1cc(C(=O)NC23CC4CC(CC(C4)C2)C3)c(=O)cc1-c1ccc(OC)cc1,6.4157
50335931,Cc1c(s\c(=N/C(=O)c2ccc(Br)cc2)n1CC1CC1)C(C)(C)C,7.2757
50335932,Cc1c(s\c(=N/C(=O)c2ccc(OC(F)(F)F)cc2)n1CC1CC1)C(C)(C)C,5.9586
50335933,COCCn1c(C)c(s\c1=N/C(=O)c1ccc(cc1)C(F)(F)F)C(C)(C)C,5.3872
50335934,"CC1=CC[C@@H]2[C@@H](C1)c1c(OC(=O)CCCN3CCOCC3)cc(cc1OC2(C)C)C(C)(C)CCCCC#N, CC1=CC[C@@H]2[C@@H](C1)c1c(OC(=O)CCCN3CCOCC3)cc(cc1OC2(C)C)C(C)(C)CCCCC#N",8.2368
50335936,CCCCCn1cc(C(=O)NC2[C@@]3(C)CC[C@H](C3)C2(C)C)c(=O)c2cc(ccc12)-c1ccco1,6.3188
50335939,Cc1c(s\c(=N/S(=O)(=O)c2cccc3ccccc23)n1C1CC1)C(C)(C)C,5.7696
50335940,CCCCCCn1cc(C(=O)NC2CCCCC2)c(=O)c2ccc(C)nc12,7.0223
50335941,CCCCCn1c(C)c(C(=O)c2ccc(CCCC)c3ccc(C)cc23)c2ccccc12,7.3768
50335942,COc1ccc(OC)c2c(O)c(cnc12)C(=O)NC12CC3CC(CC(C3)C1)C2,5.6778
50335945,CCC(C)(C)C(=O)Cc1cc(C)c(C)c(c1)S(=O)(=O)N1CCCCCC1,5.7447
50335946,CCC(C)(C)C(=O)Cc1cc(C)c(C)c(c1)S(=O)(=O)N1CCCCC1,6.1871
50335947,Cc1nc(C(=O)NC23CC4CC2CC(C3)C4)c(C)n1-c1ccccc1,5.2641
50335948,Cc1nc(C(=O)Nc2ccccc2C(F)(F)F)c(C)n1-c1ccccc1,5.8471
50335949,CC1(C)C(C(=O)c2cn(CC3CCOCC3)c3c(COc4ccccc4)cccc23)C1(C)C,7.5528
50335950,CCCCCn1c(C)c(C(=O)c2ccc(CCC)c3ccccc23)c2ccccc12,8.8861
50342037,COc1ccc(cc1)-c1c(C)c(nn1-c1ccccc1Br)C(=O)NC1(CCCCC1)C#N,7.8041
50342038,COc1ccc(cc1)-c1c(C)c(nn1-c1ccccc1Br)C(=O)NC1(CCOCC1)C#N,7.2062
50342039,Cc1c(nn(c1-c1ccc(F)cc1)-c1ccccc1Br)C(=O)NC1(CCOCC1)C#N,7.2596
50342040,COc1ccc(cc1)-c1c(C)c(nn1-c1cccc(Br)c1)C(=O)NC1(CCOCC1)C#N,6.1675
50342042,COc1ccc(cc1)-c1c(C)c(nn1-c1ccccc1F)C(=O)NC1(CCOCC1)C#N,6.9393
50342044,COc1ccc(cc1)-c1c(Br)c(nn1-c1cccc(Br)c1)C(=O)NC1(CCOCC1)C#N,6.4486
50342045,Cc1c(nn(c1-c1ccccc1)-c1ccc(Br)cc1)C(=O)NC1(CCOCC1)C#N,6.5867
50342046,Brc1ccccc1-n1nc(cc1-c1ccccc1)C(=O)NC1(CCOCC1)C#N,6.5272
50342049,Cc1c(nn(c1-c1ccccc1)-c1ccccc1-c1ccccc1)C(=O)NC1(CCOCC1)C#N,6.301
50342050,Brc1ccccc1-n1nc(C(=O)NC2(CCOCC2)C#N)c(C#N)c1-c1ccccc1,6.3595
50347350,C[C@@H](NC(=O)C1(CC1)NC(=O)C(F)(F)F)c1ccc(cc1F)-n1nc(Cl)c2ccccc12,7.9586
50347351,C[C@@H](NC(=O)C1(CC1)NC(=O)c1cncnc1)c1ccc(cc1F)-n1nc(Cl)c2ccccc12,9.7447
50347352,C[C@@H](NC(=O)C1(CC1)NC(=O)c1cnccn1)c1ccc(cc1F)-n1nc(Cl)c2ccccc12,7.7825
50347353,C[C@@H](NC(=O)C1(CC1)NC(=O)c1cncc(Cl)n1)c1ccc(cc1F)-n1nc(Cl)c2ccccc12,8.9208
50347354,COc1cc(on1)C(=O)NC1(CC1)C(=O)N[C@H](C)c1ccc(cc1F)-n1ncc2ccccc12,7.9586
50347355,COc1cc(on1)C(=O)NC1(CC1)C(=O)N[C@H](C)c1ccc(cc1F)-n1nc(C)c2ccccc12,8.8861
50347356,CCc1nn(-c2ccc([C@@H](C)NC(=O)C3(CC3)NC(=O)c3cc(OC)no3)c(F)c2)c2ccccc12,7.7212
50347357,COc1cc(on1)C(=O)NC1(CC1)C(=O)N[C@H](C)c1ccc(cc1F)-n1nc(C2CC2)c2ccccc12,7.4815
50347358,COc1cc(on1)C(=O)NC1(CC1)C(=O)N[C@H](C)c1ccc(cc1F)-n1nc(-c2ccccc2)c2ccccc12,7.0862
50347359,COc1cc(on1)C(=O)NC1(CC1)C(=O)N[C@H](C)c1ccc(cc1F)-n1nc(Br)c2ccccc12,9.0915
50347360,COc1cc(on1)C(=O)NC1(CC1)C(=O)N[C@H](C)c1ccc(cc1F)-n1[nH]c(=O)c2ccccc12,6.475
50347361,COc1cc(on1)C(=O)NC1(CC1)C(=O)N[C@H](C)c1ccc(cc1F)-n1nc(OC)c2ccccc12,7.6778
50347362,COc1cc(on1)C(=O)NC1(CC1)C(=O)N[C@H](C)c1ccc(cc1F)-n1nc(C#N)c2ccccc12,8.6198
50347363,COc1cc(on1)C(=O)NC1(CC1)C(=O)N[C@H](C)c1ccc(cc1F)-n1nc(Cl)c2ccccc12,9.1739
50347364,COc1cc(on1)C(=O)NC1(CC1)C(=O)N[C@H](C)c1ccc(cc1F)-n1cccn1,6.6576
50347365,COc1cc(on1)C(=O)NC1(CC1)C(=O)N[C@H](C)c1ccc(cc1F)-n1ccc(n1)-c1ccccc1,6.2147
50347366,COc1cc(on1)C(=O)NC1(CC1)C(=O)N[C@H](C)c1ccc(cc1F)-n1cc(cn1)-c1ccccc1,6.2924
50347367,COc1cc(on1)C(=O)NC1(CC1)C(=O)N[C@H](C)c1ccc(cc1F)-n1ncc2CCCCc12,7.5686
50347368,COc1cc(on1)C(=O)NC1(CC1)C(=O)N[C@H](C)c1ccc(cc1F)-n1nc(C)c2CCCCc12,8
50347369,C[C@@H](NC(=O)C1(CC1)NC(=O)c1cncs1)c1ccc(cc1F)-n1nc(Cl)c2ccccc12,9.2676
50347370,COc1ncc(s1)C(=O)NC1(CC1)C(=O)N[C@H](C)c1ccc(cc1F)-n1nc(Cl)c2ccccc12,9.5376
50347371,C[C@@H](NC(=O)C1(CC1)NC(=O)c1scnc1C)c1ccc(cc1F)-n1nc(Cl)c2ccccc12,8.0862
50347372,C[C@@H](NC(=O)C1(CC1)NC(=O)c1snnc1C)c1ccc(cc1F)-n1nc(Cl)c2ccccc12,9.1487
50347373,C[C@@H](NC(=O)C1(CC1)NC(=O)c1cn[nH]c1)c1ccc(cc1F)-n1nc(Cl)c2ccccc12,9.4202
50347374,C[C@@H](NC(=O)C1(CC1)NC(=O)c1cccnc1)c1ccc(cc1F)-n1nc(Cl)c2ccccc12,8.8239
50347375,C[C@@H](NC(=O)C1(CC1)NC(=O)c1cncc(C)c1)c1ccc(cc1F)-n1nc(Cl)c2ccccc12,9.3279
50347376,C[C@@H](NC(=O)C1(CC1)NC(=O)c1cncc(O)c1)c1ccc(cc1F)-n1nc(Cl)c2ccccc12,9.5229
50347377,COc1cncc(c1)C(=O)NC1(CC1)C(=O)N[C@H](C)c1ccc(cc1F)-n1nc(Cl)c2ccccc12,9.284
50347378,C[C@@H](NC(=O)C1(CC1)NC(=O)c1cncc(F)c1)c1ccc(cc1F)-n1nc(Cl)c2ccccc12,9.4318
50347379,C[C@@H](NC(=O)C1(CC1)NC(=O)c1cncc(Cl)c1)c1ccc(cc1F)-n1nc(Cl)c2ccccc12,9.699
50347380,C[C@@H](NC(=O)C1(CC1)NC(=O)c1cncc(Br)c1)c1ccc(cc1F)-n1nc(Cl)c2ccccc12,9.9208
50347381,C[C@@H](NC(=O)C1(CC1)NC(=O)c1ccnnc1)c1ccc(cc1F)-n1nc(Cl)c2ccccc12,9.1871
50347382,C[C@@H](NC(=O)C1(CC1)NC(=O)c1ccc(C)nc1)c1ccc(cc1F)-n1nc(Cl)c2ccccc12,8.8539
50347383,C[C@@H](NC(=O)C1(CC1)NC(=O)c1ccc(Br)nc1)c1ccc(cc1F)-n1nc(Cl)c2ccccc12,9.3098
50348136,C[C@H](CO)NC(=O)CCC\C=C/C\C=C/C\C=C/C\C=C/CCCCOC(=O)CCCCCNC(=O)CCCC[C@@H]1SC[C@@H]2NC(=O)N[C@H]12,5.699
50348137,CCCCC\C=C/C\C=C/C\C=C/C\C=C/CCCC(=O)N[C@H](C)COC(=O)CCCCCNC(=O)CCCC[C@@H]1SC[C@@H]2NC(=O)N[C@H]12,5.699
50348138,CCCCC\C=C/C\C=C/C\C=C/C\C=C/CCCC(=O)N[C@H](C)COC(=O)CCCC#C,5.699
50348139,CCCCC\C=C/C\C=C/C\C=C/C\C=C/CCCC(=O)N[C@H](C)COC(=O)[C@H](Cc1ccc(cc1)C(=O)c1ccccc1)NC(=O)CCCC#C,5.699
50348141,CCCCC\C=C/C\C=C/C\C=C/C\C=C/CCCCOC(CO)COC(=O)CCCCCNC(=O)CCCC[C@@H]1SC[C@@H]2NC(=O)N[C@H]12,6.6556
50348142,CCCCC\C=C/C\C=C/C\C=C/C\C=C/CCCCOC(CO)COC(=O)CCCC#C,7.0721
50349311,Cc1c(CCN2CCOCC2)c2cc(OCCF)ccc2n1C(=O)c1cccc(Cl)c1Cl,5
50350152,CCCCCn1cc(C(=O)NC23CC4CC(CC(C4)C2)C3)c(=O)c2cccc([N+]([O-])=O)c12,6.699
50350156,"CCC1COc2cccc3c2n1cc(C(=O)NC12CC4CC(CC(C4)C1)C2)c3=O, CCC1COc2cccc3c2n1cc(C(=O)NC12CC4CC(CC(C4)C1)C2)c3=O",6.0809
50350160,CCCCCn1c2ccc(cc2c(O)c(C(=O)NC23CC4CC(CC(C4)C2)C3)c1=O)-c1ccco1,6.5686
50350161,CCCCCn1c2ccccc2cc(C(=O)NC23CC4CC(CC(C4)C2)C3)c1=O,7.5045
50350163,CCCCCOc1cccc2c(O)c(cnc12)C(=O)NC12CC3CC(CC(C3)C1)C2,6.585
50353085,CCCCCCC(C)(C)c1cc(OC)c(C2CCCC(C)(O)C2)c(OC)c1,5.2963
50353086,CCCOc1c(OC)ccc2cc(C(=O)NCCc3ccc(F)cc3)c(=O)[nH]c12,3.4737
50353087,CCCCCc1cc2cc(C(=O)NCCc3ccc(F)cc3)c(=O)[nH]c2c(O)c1OC,2.6202
50353088,CCCCCc1cc2cc(C(=O)NCCc3ccc(F)cc3)c(=O)n(C)c2c(O)c1OC,3.0635
50353094,"CCCCCc1cc(O)c(C\C=C(/C)CC\C=C(/C)CCC=C(C)C)c(O)c1, CCCCCc1cc(O)c(C\C=C(/C)CC\C=C(/C)CCC=C(C)C)c(O)c1",5.8052
50353747,"CCCCCn1cc(C(=O)c2cccc3ccccc23)c2ccccc12, CCCCCn1cc(C(=O)c2cccc3ccccc23)c2ccccc12, CCCCCn1cc(C(=O)c2cccc3ccccc23)c2ccccc12, CCCCCn1cc(C(=O)c2cccc3ccccc23)c2ccccc12",8.2549
50354135,"O=S(=O)(C(=C\c1cn(CCN2CCOCC2)c2ccccc12)\C#N)c1ccccc1, O=S(=O)(C(=C\c1cn(CCN2CCOCC2)c2ccccc12)\C#N)c1ccccc1",7.0087
50354137,O=S(=O)(C(=C\c1cn(CCN2CCCCC2)c2ccccc12)\C#N)c1ccccc1,3.7867
50354803,"Cc1c(nn(c1-c1ccc(Cl)cc1)-c1ccc(Cl)cc1Cl)C(=O)Nc1cc[n+]([O-])cc1, Cc1c(nn(c1-c1ccc(Cl)cc1)-c1ccc(Cl)cc1Cl)C(=O)Nc1cc[n+]([O-])cc1",6.8732
50354804,"Cc1c(nn(c1-c1ccc(Cl)cc1)-c1ccc(Cl)cc1Cl)C(=O)Nc1ccc(C)nc1, Cc1c(nn(c1-c1ccc(Cl)cc1)-c1ccc(Cl)cc1Cl)C(=O)Nc1ccc(C)nc1",7.2882
50354805,"Cc1c(nn(c1-c1ccc(Cl)cc1)-c1ccc(Cl)cc1Cl)C(=O)NCC1CCC(CNS(N)(=O)=O)CC1, Cc1c(nn(c1-c1ccc(Cl)cc1)-c1ccc(Cl)cc1Cl)C(=O)NCC1CCC(CNS(N)(=O)=O)CC1",7.2738
50354806,"Cc1c(nn(c1-c1ccc(Cl)cc1)-c1ccc(Cl)cc1Cl)C(=O)Nc1ccc(C)[n+](C)c1, Cc1c(nn(c1-c1ccc(Cl)cc1)-c1ccc(Cl)cc1Cl)C(=O)Nc1ccc(C)[n+](C)c1",5.9374
50354807,"Cc1c(nn(c1-c1ccc(Cl)cc1)-c1ccc(Cl)cc1Cl)C(=O)NC[C@H]1CC[C@@H](CNS(N)(=O)=O)CC1, Cc1c(nn(c1-c1ccc(Cl)cc1)-c1ccc(Cl)cc1Cl)C(=O)NC[C@H]1CC[C@@H](CNS(N)(=O)=O)CC1",7.3973
50354808,"Cc1c(nn(c1-c1ccc(Cl)cc1)-c1ccc(Cl)cc1Cl)C(=O)NCCCCCCCNS(N)(=O)=O, Cc1c(nn(c1-c1ccc(Cl)cc1)-c1ccc(Cl)cc1Cl)C(=O)NCCCCCCCNS(N)(=O)=O",7.5044
50354809,"Cc1c(nn(c1-c1ccc(Cl)cc1)-c1ccc(Cl)cc1Cl)C(=O)NC[C@H]1CC[C@@H](CNS(C)(=O)=O)CC1, Cc1c(nn(c1-c1ccc(Cl)cc1)-c1ccc(Cl)cc1Cl)C(=O)NC[C@H]1CC[C@@H](CNS(C)(=O)=O)CC1, Cc1c(nn(c1-c1ccc(Cl)cc1)-c1ccc(Cl)cc1Cl)C(=O)NC[C@H]1CC[C@@H](CNS(C)(=O)=O)CC1, Cc1c(nn(c1-c1ccc(Cl)cc1)-c1ccc(Cl)cc1Cl)C(=O)NC[C@H]1CC[C@@H](CNS(C)(=O)=O)CC1",7.6897
50354810,"Cc1c(nn(c1-c1ccc(Cl)cc1)-c1ccc(Cl)cc1Cl)C(=O)NCCCCCCCNS(C)(=O)=O, Cc1c(nn(c1-c1ccc(Cl)cc1)-c1ccc(Cl)cc1Cl)C(=O)NCCCCCCCNS(C)(=O)=O",7.0116
50354843,OC[C@@H]1Cc2cccc(Oc3cccc(OS(=O)(=O)CCCC(F)(F)F)c3)c2C1,9.3372
50355891,"Cc1ccc(cc1)[C@@H](N1CCN(CC1)C(=O)NC1CCCCC1)c1ccc(Cl)cc1Cl, Cc1ccc(cc1)[C@@H](N1CCN(CC1)C(=O)NC1CCCCC1)c1ccc(Cl)cc1Cl",8.3081
50355892,"Cc1ccc(cc1)[C@H](N1CCN(CC1)C(=O)NC1CCCCC1)c1ccc(Cl)cc1Cl, Cc1ccc(cc1)[C@H](N1CCN(CC1)C(=O)NC1CCCCC1)c1ccc(Cl)cc1Cl",9.3724
50356013,"FC(F)(F)c1ccc(Cn2nc3c(-c4ccncc4)c(cnn3c2=O)-c2ccc(Cl)cc2)cn1, FC(F)(F)c1ccc(Cn2nc3c(-c4ccncc4)c(cnn3c2=O)-c2ccc(Cl)cc2)cn1, FC(F)(F)c1ccc(Cn2nc3c(-c4ccncc4)c(cnn3c2=O)-c2ccc(Cl)cc2)cn1",8.2205
50356535,Cc1c(nn(c1-n1cccc1Cl)-c1ccc(Cl)cc1Cl)C(=O)NCc1ccc(Cl)c(Cl)c1,7.5986
50356536,Cc1c(nn(c1-n1cccc1Cl)-c1ccc(Cl)cc1Cl)C(=O)NC1CCCCC1,8.1135
50356537,Cc1c(nn(c1-n1c(Cl)ccc1Cl)-c1ccc(Cl)cc1Cl)C(=O)NCc1ccc(Cl)c(Cl)c1,7.1798
50356538,Cc1c(nn(c1-n1c(Cl)ccc1Cl)-c1ccc(Cl)cc1Cl)C(=O)NC1CCCCC1,8.0269
50356539,Cc1c(nn(c1-n1cc2CCCCc2c1)-c1ccc(Cl)cc1Cl)C(=O)NCc1ccc(Cl)c(Cl)c1,7.3382
50356540,Cc1c(nn(c1-n1cc2CCCCc2c1)-c1ccc(Cl)cc1Cl)C(=O)NC1CCCCC1,8.6383
50356541,CCc1c(nn(c1-n1cccc1)-c1ccc(Cl)cc1Cl)C(=O)NCc1ccc(Cl)c(Cl)c1,7.3125
50356542,CCc1c(nn(c1-n1cccc1)-c1ccc(Cl)cc1Cl)C(=O)NC1CCCCC1,8.5229
50356543,CCc1c(nn(c1-n1c(C)ccc1C)-c1ccc(Cl)cc1Cl)C(=O)NCc1ccc(Cl)c(Cl)c1,7.2749
50356544,CCc1c(nn(c1-n1c(C)ccc1C)-c1ccc(Cl)cc1Cl)C(=O)NC1CCCCC1,8.1739
50356546,CCc1ccc(CC)n1-c1c(C)c(nn1-c1ccc(Cl)c(Cl)c1)C(=O)NC1CCCCC1,6.8655
50356547,Cc1c(nn(c1-n1cccc1Cl)-c1ccc(Cl)c(Cl)c1)C(=O)NCc1ccc(Cl)c(Cl)c1,7.1302
50356548,Cc1c(nn(c1-n1cccc1Cl)-c1ccc(Cl)c(Cl)c1)C(=O)NC1CCCCC1,8.0655
50356549,Cc1c(nn(c1-n1c(Cl)ccc1Cl)-c1ccc(Cl)c(Cl)c1)C(=O)NCc1ccc(Cl)c(Cl)c1,7.2549
50356550,Cc1c(nn(c1-n1c(Cl)ccc1Cl)-c1ccc(Cl)c(Cl)c1)C(=O)NC1CCCCC1,8.2518
50356551,CCc1c(nn(c1-n1cccc1)-c1ccc(Cl)c(Cl)c1)C(=O)NCc1ccc(Cl)c(Cl)c1,6.3429
50356552,CCc1c(nn(c1-n1cccc1)-c1ccc(Cl)c(Cl)c1)C(=O)NC1CCCCC1,7.8153
50356553,CCc1c(nn(c1-n1c(C)ccc1C)-c1ccc(Cl)c(Cl)c1)C(=O)NCc1ccc(Cl)c(Cl)c1,6.0152
50356554,CCc1c(nn(c1-n1c(C)ccc1C)-c1ccc(Cl)c(Cl)c1)C(=O)NC1CCCCC1,7.3188
50358943,CCCCCc1cc(O)cc(OCCCCCCCCCCC(=O)OC(CO)CO)c1,5.2518
50358946,CCCCCCc1ccc(O)cc1OCCCCCCCC(=O)OC(CO)CO,6.0969
50358947,CCCCCCc1ccc(O)cc1OCCCCCCCCCCC(=O)OC(CO)CO,7.2218
50358948,CCCCCCC(C)(C)c1cc(O)cc(OCCCCCCCC(=O)OC(CO)CO)c1,5.9508
50358949,CCCCCCC(C)(C)c1cc(O)cc(OCCCCCCCCCCC(=O)OC(CO)CO)c1,8
50358950,CCCCCCC(C)(C)c1cc(O)cc(OCCCCCCCCCCCC(=O)OC(CO)CO)c1,5.567
50358951,CCCCCc1cc(O)cc(OCCCCCCOC(CO)CO)c1,6.3665
50358952,CCCCCc1cc(O)cc(OCCCCCCCCOC(CO)CO)c1,5.7305
50358954,CCCCCc1cc(O)cc(OCCCCCCCCCCCCOC(CO)CO)c1,5.4225
50358957,CCCCCCC(C)(C)c1cc(O)cc(OCCCCCCOC(CO)CO)c1,6.7696
50358958,CCCCCCC(C)(C)c1cc(O)cc(OCCCCCCCCOC(CO)CO)c1,6.5686
50358959,CCCCCCC(C)(C)c1cc(O)cc(OCCCCCCCCCCOC(CO)CO)c1,5.5317
50358960,CCCCCCC(C)(C)c1cc(O)cc(OCCCCCCCCCCCCOC(CO)CO)c1,5.983
50358965,CCCCCc1cc(O)cc(OCCCCCCCC(=O)OC(CO)CO)c1,5.2518
50360022,CCCCC\C=C/C\C=C/C\C=C/C\C=C/CCCC(=O)N(C)c1c(C)n(C)n(-c2ccccc2)c1=O,5.1079
50360023,CCCCC\C=C/C\C=C/C\C=C/C\C=C/CCCC(=O)Nc1c(C)n(C)n(-c2ccccc2)c1=O,5.5376
50364234,CN(Cc1ccccc1)C(=O)N1CC(C1)O[C@H](c1ccc(Cl)cc1)c1cccnc1Cl,8.8239
50364235,CN(Cc1ccccc1)C(=O)N1CC(C1)O[C@@H](c1ccc(Cl)cc1)c1cccnc1Cl,6.6038
50364920,CCS(=O)(=O)n1c2CCN(Cc2c2cc(ccc12)C(=O)N1CCC(C)CC1)C1CCOCC1,6.9208
50364921,CCOc1ccc(Cc2nc3cc(ccc3n2CC2CCCCC2)N(C)S(=O)(=O)c2cccs2)nc1,8.5229
50364922,CC1CCN(CC1)C(=O)c1ccc2n(CC=C)c3CCN(CC4CC4)Cc3c2c1,6.8447
50364923,CC1CCN(CC1)C(=O)c1ccc2n(CC=C)c3CCN(Cc3c2c1)C1CCCC1,8.0458
50364924,CC1CCN(CC1)C(=O)c1ccc2n(CC=C)c3CCN(Cc3c2c1)C1CCCCC1,7.2518
50364925,CCCn1c2CCN(Cc2c2cc(ccc12)C(=O)N1CCC(C)CC1)C1CCCC1,7.8239
50364926,CCCn1c2CCN(Cc2c2cc(ccc12)C(=O)N1CCC(C)CC1)C1CCOCC1,7.2366
50364927,CC1CCN(CC1)C(=O)c1ccc2[nH]c3CCN(Cc3c2c1)C1CCCC1,6.5784
50364928,CC1CCN(CC1)C(=O)c1ccc2n(C)c3CCN(Cc3c2c1)C1CCCC1,7.4949
50364929,CCn1c2CCN(Cc2c2cc(ccc12)C(=O)N1CCC(C)CC1)C1CCCC1,7.4685
50364930,CCCC(=O)n1c2CCN(Cc2c2cc(ccc12)C(=O)N1CCC(C)CC1)C1CCOCC1,6.9914
50364931,CCCS(=O)(=O)n1c2CCN(Cc2c2cc(ccc12)C(=O)N1CCC(C)CC1)C1CCOCC1,6.9393
50364932,CCCS(=O)(=O)n1c2CCN(Cc2c2cc(ccc12)C(=O)N1CCC(C)CC1)C1CCCC1,7.6576
50364933,CC1CCN(CC1)C(=O)c1ccc2n(c3CCN(Cc3c2c1)C1CCCC1)S(C)(=O)=O,7.4437
50364934,CC1CCN(CC1)C(=O)c1ccc2n(c3CCN(Cc3c2c1)C1CCOCC1)S(C)(=O)=O,6.6216
50364935,CCS(=O)(=O)n1c2CCN(Cc2c2cc(ccc12)C(=O)N1CCC(C)CC1)C1CCCC1,7.7696
50364936,CC(C)S(=O)(=O)n1c2CCN(Cc2c2cc(ccc12)C(=O)N1CCC(C)CC1)C1CCOCC1,6.7696
50364937,CC1CCN(CC1)C(=O)c1ccc2n(c3CCN(Cc3c2c1)C1CCOCC1)S(=O)(=O)c1ccccc1,7.5086
50364938,CC1CCN(CC1)C(=O)c1ccc2n(c3CCN(Cc3c2c1)C1CCCC1)S(=O)(=O)N(C)C,7.6576
50364939,CC1CCN(CC1)C(=O)c1ccc2n(c3CCN(Cc3c2c1)C1CCOCC1)S(=O)(=O)N(C)C,6.9586
50364940,CC1CCN(CC1)C(=O)c1ccc2n(C(=O)N(C)C)c3CCN(Cc3c2c1)C1CCOCC1,5.6234
50364941,CCOc1ccc(Cn2c3CCN(Cc3c3cc(ccc23)C(=O)N2CCC(C)CC2)C2CCOCC2)cc1,7.2924
50364942,CCNS(=O)(=O)n1c2CCN(Cc2c2cc(ccc12)C(=O)N1CCC(C)CC1)C1CCOCC1,6.3726
50364943,CC1CCN(CC1)C(=O)c1ccc2n(c3CCN(Cc3c2c1)C1CCOCC1)S(=O)(=O)n1ccnc1,6.2277
50364944,CCCS(=O)(=O)n1c2CCN(Cc2c2cc(ccc12)C(=O)N1CCC(C)CC1)C1CCOC1,6.4949
50364945,CCS(=O)(=O)n1c2CCN(Cc2c2cc(ccc12)C(=O)N1CCC(C)CC1)C1CCOC1,6.7055
50364946,CC1CCN(CC1)C(=O)c1ccc2n(C)c3CCN(Cc3c2c1)C1CCOCC1,7.1192
50364947,Cn1c2CCN(Cc2c2cc(ccc12)C(=O)N1CCCCC1)C1CCOCC1,6.6459
50370660,CNC(=NS(=O)(=O)N1CCCCC1)N1C[C@H](C(=N1)c1ccc(Cl)cc1)c1ccccc1,6.1175
50377660,CC(C)Cn1nnc(Cc2ccc(cc2)-c2ccccc2)n1,5.7959
50377689,CC(C)(C)CNC(=O)c1ccc(Br)c(c1)S(=O)(=O)N1CCCCC1,5.8861
50377692,CC(C)(C)CNC(=O)c1ccc(Br)c(c1)S(=O)(=O)N1CCOCC1,5.8861
50377693,CC(C)(C)CNC(=O)c1ccc(Br)c(c1)S(=O)(=O)N1CCCC1,5.699
50377695,Brc1ccc(cc1S(=O)(=O)N1CCCCC1)C(=O)NCc1ccccc1,5.9586
50377696,Brc1ccc(cc1S(=O)(=O)N1CCCCC1)C(=O)NCc1cccnc1,5.7447
50377697,COc1cccc(CNC(=O)c2ccc(Br)c(c2)S(=O)(=O)N2CCCCC2)c1,5.8539
50377699,CC(NC(=O)c1ccc(C)c(c1)S(=O)(=O)N1CCOCC1)C(C)(C)C,5.8861
50377700,CC1CCCC(C)C1NC(=O)c1ccc(C)c(c1)S(=O)(=O)N1CCOCC1,6.3279
50377701,Cc1ccc(cc1S(=O)(=O)N1CCOCC1)C(=O)N[C@@H]1[C@]2(C)CC[C@@H](C2)C1(C)C,6.2676
50377702,Cc1ccc(cc1S(=O)(=O)N1CCOCC1)C(=O)NC12CC3CC(CC(C3)C1)C2,6.585
50377703,Cc1ccc(cc1S(=O)(=O)N1CCOCC1)C(=O)NCC12CC3CC(CC(C3)C1)C2,7.041
50377704,Cc1ccc(cc1S(=O)(=O)N1CCOCC1)C(=O)N[C@H]1CC2CC[C@@]1(C)C2(C)C,7.301
50377705,CC(NC(=O)c1ccc(C)c(c1)S(=O)(=O)N1CCOCC1)C12CC3CC(CC(C3)C1)C2,7.1135
50377706,Cc1ccc(cc1S(=O)(=O)N1CCOCC1)C(=O)NC1C2CC3CC(C2)CC1C3,7.4815
50377707,Cc1ccc(cc1S(=O)(=O)N1CCOCC1)C(=O)N[C@H]1[C@]2(C)CC[C@@H](C2)C1(C)C,6.8861
50377708,CC1(C)[C@H]2CC[C@](C)(C2)[C@@H]1NC(=O)c1ccc(Br)c(c1)S(=O)(=O)N1CCCCC1,7.0315
50377710,CC1(C)[C@H]2CC[C@](C)(C2)[C@@H]1NC(=O)c1ccc(Br)c(c1)S(=O)(=O)N1CCCC1,6.9586
50377711,C[C@@]12CC[C@@H](C1)C(C)(C)[C@H]2NC(=O)c1ccc(Br)c(c1)S(=O)(=O)N1CCOCC1,7.0506
50377918,CC(C)(C)C(NC(=O)n1c2ccccc2n(CCC2CCOCC2)c1=O)C(N)=O,5.8327
50378776,CS(=O)c1c(nc(-c2ccc(Cl)cc2Cl)n1-c1ccc(Cl)cc1)C(=O)NN1CCCCC1,7.3098
50379694,"FC1(F)CN(C1)C(=O)c1c(NC(=O)C23CC4CC2CC(C3)C4)sc2COCCc12, FC1(F)CN(C1)C(=O)c1c(NC(=O)C23CC4CC2CC(C3)C4)sc2COCCc12",5.865
50379695,"CCCNC(=O)c1c(NC(=O)C23CC4CC2CC(C3)C4)sc2COCCc12, CCCNC(=O)c1c(NC(=O)C23CC4CC2CC(C3)C4)sc2COCCc12",5.635
50379696,CCCNC(=O)c1c(NC(=O)C23CC4CC2CC(C3)C4)sc2CCCCc12,5.72
50380717,COc1cccc2c(cn(CC3CCOCC3)c12)-c1nsc(CN2CCN(CC(N)=O)CC2)n1,8.2
50380718,NC(=O)CN1CCN(Cc2nc(no2)-c2cn(CC3CCOCC3)c3c(Cl)cccc23)CC1,7.7001
50380719,OCCNC(=O)C1CCN(Cc2nc(no2)-c2cn(CC3CCOCC3)c3c(Cl)cccc23)CC1,8.4001
50380720,OCCNC(=O)[C@H]1CCCN(Cc2nc(ns2)-c2cn(CC3CCS(=O)(=O)CC3)c3c(Cl)cccc23)C1,7.5
50380849,CC(C)(NC(=O)c1cc2CCCCCCc2n(CC2CCCCC2)c1=O)C(=O)N1CCC(CC1)NS(C)(=O)=O,7.4089
50380850,CC(C)(NC(=O)c1cc2CCCCCCc2n(CC2CCCCC2)c1=O)C(=O)N1CCC(CC1)C(=O)NS(C)(=O)=O,6.6615
50380851,COC(=O)C(C)(C)NC(=O)c1cc2CCCCCCc2n(CC2CCCCC2)c1=O,8.7696
50380852,"CC(C)(NC(=O)c1cc2CCCCCCc2n(CC2CCCCC2)c1=O)C(O)=O, CC(C)(NC(=O)c1cc2CCCCCCc2n(CC2CCCCC2)c1=O)C(O)=O",5.8689
50380853,CN(CCO)C(=O)C(C)(C)NC(=O)c1cc2CCCCCCc2n(CC2CCCCC2)c1=O,8.5376
50380854,CC(C)(NC(=O)c1cc2CCCCCCc2n(CC2CCCCC2)c1=O)C(=O)NCCCO,8.2007
50380855,CC(C)(NC(=O)c1cc2CCCCCCc2n(CC2CCCCC2)c1=O)C(=O)NCCCCCO,8.2366
50380856,CC(C)(NC(=O)c1cc2CCCCCCc2n(CC2CCCCC2)c1=O)C(=O)NCCOCCO,8.4685
50380857,CN(C)CCNC(=O)C(C)(C)NC(=O)c1cc2CCCCCCc2n(CC2CCCCC2)c1=O,6.6162
50380858,CC(=O)NCCNC(=O)C(C)(C)NC(=O)c1cc2CCCCCCc2n(CC2CCCCC2)c1=O,8.3279
50380860,CC(C)(NC(=O)c1cc2CCCCCCc2n(CC2CCCCC2)c1=O)C(=O)NCC(N)=O,7.9586
50380861,CC(C)(NC(=O)c1cc2CCCCCCc2n(CC2CCCCC2)c1=O)C(=O)N1CCC(O)CC1,8.0969
50380862,CC(C)(NC(=O)c1cc2CCCCCCc2n(CC2CCCCC2)c1=O)C(=O)N1CCC(CC1)C(O)=O,5.5272
50380863,CC(C)(NC(=O)c1cc2CCCCCCc2n(CC2CCCCC2)c1=O)C(=O)N1CCC(CC1)C(N)=O,8.3098
50380864,CC(C)(NC(=O)c1cc2CCCCCCc2n(CC2CCCCC2)c1=O)C(=O)NN,7.5229
50380865,CC(C)(NC(=O)c1cc2CCCCCCc2n(CC2CCCCC2)c1=O)C(=O)NNS(C)(=O)=O,7.4949
50380886,OC(=O)[C@@H](NC(=O)c1cc2CCCCCCc2n(CC2CCCCC2)c1=O)C1CCCCC1,5.514
50380889,"OC(=O)C1(CCCCC1)NC(=O)c1cc2CCCCCCc2n(Cc2ccc(F)cc2)c1=O, OC(=O)C1(CCCCC1)NC(=O)c1cc2CCCCCCc2n(Cc2ccc(F)cc2)c1=O",6.4321
50380890,OC(=O)C1(CCCCC1)NC(=O)c1cc2CCCCCCc2n(Cc2ccc(cc2)C#N)c1=O,5.4032
50380892,"CCc1c(C)cc(C(=O)NC2(CCCCC2)C(O)=O)c(=O)n1Cc1ccc(F)cc1, CCc1c(C)cc(C(=O)NC2(CCCCC2)C(O)=O)c(=O)n1Cc1ccc(F)cc1, CCc1c(C)cc(C(=O)NC2(CCCCC2)C(O)=O)c(=O)n1Cc1ccc(F)cc1",5.3548
50380894,"OC(=O)C1(CCCCCCC1)NC(=O)c1cc2CCCCCCc2n(CC2CCCCC2)c1=O, OC(=O)C1(CCCCCCC1)NC(=O)c1cc2CCCCCCc2n(CC2CCCCC2)c1=O",6.2152
50380895,OC(=O)CNC(=O)c1cc2CCCCCCc2n(CC2CCCCC2)c1=O,5.9763
50380896,"OC(=O)C1(CCCCC1)NC(=O)c1cc2CCCCCCc2n(CC2CCCCC2)c1=O, OC(=O)C1(CCCCC1)NC(=O)c1cc2CCCCCCc2n(CC2CCCCC2)c1=O",6.9308
50380900,"OC(=O)C1(CCCC1)NC(=O)c1cc2CCCCCCc2n(CC2CCCCC2)c1=O, OC(=O)C1(CCCC1)NC(=O)c1cc2CCCCCCc2n(CC2CCCCC2)c1=O",6.7677
50381873,Fc1ccc(Cn2cccc(C(=O)NC3CCCCC3)c2=O)cc1,7.1549
50381875,Fc1ccc(COc2ncccc2C(=O)NC2CCCCCC2)cc1,7
50381876,Fc1ccc(COc2ncccc2C(=O)NC2CCCCC2)cc1,5.7421
50381878,Fc1ccc(COc2nc3ccccc3cc2C(=O)NC2CCCCC2)cc1,5.9208
50381879,O=C(NC1CCCCCC1)c1cccn(CCN2CCOCC2)c1=O,6.0223
50381880,Fc1ccc(Cn2cccc(C(=O)NC3CCCCCC3)c2=O)cc1,7.3665
50381881,O=C(NC1CCCCC1)c1cccn(Cc2ccccc2)c1=O,6.0969
50381882,Oc1c(C(=O)NC2CCCCCC2)c(=O)n(CCN2CCOCC2)c2ncccc12,6.6308
50381883,Oc1c(C(=O)NC2CCCCC2)c(=O)n(CCN2CCOCC2)c2ncccc12,7.1898
50381884,Oc1c(C(=O)NC2CCCCC2)c(=O)n(Cc2ccccc2)c2ncccc12,6.2518
50381885,O=C(NC1CCCCCC1)c1cc2ccccc2n(CCN2CCOCC2)c1=O,6.6861
50381886,Fc1ccc(Cn2c3ccccc3cc(C(=O)NC3CCCCCC3)c2=O)cc1,7.9355
50381887,O=C(NC1CCCCC1)c1cc2ccccc2n(CCN2CCOCC2)c1=O,6.5229
50381888,Fc1ccc(Cn2c3ccccc3cc(C(=O)NC3CCCCC3)c2=O)cc1,7.7825
50381889,O=C(NC1CCCCC1)c1cc2ccccc2n(Cc2ccccc2)c1=O,7.1739
50382327,Cc1c(nn(c1-c1ccc(Cl)cc1)-c1ccc(Cl)cc1Cl)C(=O)Nc1cccc(O)c1,7.284
50382328,CCOC(=O)C(C)(C)Oc1cccc(NC(=O)c2nn(c(c2C)-c2ccc(Cl)cc2)-c2ccc(Cl)cc2Cl)c1,7.1871
50382329,Cc1c(nn(c1-c1ccc(Cl)cc1)-c1ccc(Cl)cc1Cl)C(=O)Nc1ccc(O)cc1,8.3372
50382330,CCOC(=O)C(C)(C)Oc1ccc(NC(=O)c2nn(c(c2C)-c2ccc(Cl)cc2)-c2ccc(Cl)cc2Cl)cc1,6.9626
50382409,CC(C)(C=C)[C@@]12C[C@@H]3N([C@@H]1Nc1ccccc21)C(=O)[C@@H]1C[C@@]2([C@@H](Nc4ccccc24)N1C3=O)C(C)(C)C=C,6.7496
50382739,"OC(=O)c1cccc(NC(=O)c2cc3CCCCCCc3n(CC3CCCCC3)c2=O)c1, OC(=O)c1cccc(NC(=O)c2cc3CCCCCCc3n(CC3CCCCC3)c2=O)c1",6.0109
50382740,"OC(=O)c1ccc(NC(=O)c2cc3CCCCCCc3n(CC3CCCCC3)c2=O)cc1, OC(=O)c1ccc(NC(=O)c2cc3CCCCCCc3n(CC3CCCCC3)c2=O)cc1",6.484
50382741,"OC(=O)Cc1cccc(NC(=O)c2cc3CCCCCCc3n(CC3CCCCC3)c2=O)c1, OC(=O)Cc1cccc(NC(=O)c2cc3CCCCCCc3n(CC3CCCCC3)c2=O)c1",5.771
50382742,OC(=O)Cc1ccc(NC(=O)c2cc3CCCCCCc3n(CC3CCCCC3)c2=O)cc1,5.3994
50382743,"OC(=O)Cc1csc(NC(=O)c2cc3CCCCCCc3n(CC3CCCCC3)c2=O)n1, OC(=O)Cc1csc(NC(=O)c2cc3CCCCCCc3n(CC3CCCCC3)c2=O)n1",6.3859
50382744,"OC(=O)Cc1cnc(NC(=O)c2cc3CCCCCCc3n(CC3CCCCC3)c2=O)s1, OC(=O)Cc1cnc(NC(=O)c2cc3CCCCCCc3n(CC3CCCCC3)c2=O)s1",7.1336
50382745,"OC(=O)CCc1csc(NC(=O)c2cc3CCCCCCc3n(CC3CCCCC3)c2=O)n1, OC(=O)CCc1csc(NC(=O)c2cc3CCCCCCc3n(CC3CCCCC3)c2=O)n1",6.2898
50382746,CC(C)[C@H](NC(=O)c1cc2CCCCCCc2n(CC2CCCCC2)c1=O)C(O)=O,5.7265
50382747,OC(=O)[C@@H](NC(=O)c1cc2CCCCCCc2n(CC2CCCCC2)c1=O)c1ccccc1,7.4685
50382748,OC(=O)[C@H](NC(=O)c1cc2CCCCCCc2n(CC2CCCCC2)c1=O)c1ccccc1,7.1612
50382749,OC(=O)Cc1ccccc1NC(=O)c1cc2CCCCCCc2n(CC2CCCCC2)c1=O,6.2612
50382751,"OC(=O)[C@H](Cc1ccccc1)NC(=O)c1cc2CCCCCCc2n(CC2CCCCC2)c1=O, OC(=O)[C@H](Cc1ccccc1)NC(=O)c1cc2CCCCCCc2n(CC2CCCCC2)c1=O",6.3295
50382753,"OC(=O)c1ccccc1NC(=O)c1cc2CCCCCCc2n(CC2CCCCC2)c1=O, OC(=O)c1ccccc1NC(=O)c1cc2CCCCCCc2n(CC2CCCCC2)c1=O",5.89
50383384,Cc1c(nn(c1-c1ccc(Cl)cc1)-c1ccc(Cl)cc1Cl)C(=O)N1CCC(N)(CC1)c1ccccc1,6.983
50383385,CCCCNC(=O)N1CCC(CC1)NC(=O)c1nn(c(c1C)-c1ccc(Cl)cc1)-c1ccc(Cl)cc1Cl,6.7282
50383386,Cc1c(nn(c1-c1ccc(Cl)cc1)-c1ccc(Cl)cc1Cl)C(=O)N1CCC(CC1)(NS(C)(=O)=O)c1ccccc1,8.1367
50383387,CCOC(=O)N1CCC(CC1)NC(=O)c1nn(c(c1C)-c1ccc(Cl)cc1)-c1ccc(Cl)cc1Cl,8.0362
50383388,"Cc1c(nn(c1-c1ccc(Cl)cc1)-c1ccc(Cl)cc1Cl)C(=O)N1CCC(CC1)(C(N)=O)c1ccccc1, Cc1c(nn(c1-c1ccc(Cl)cc1)-c1ccc(Cl)cc1Cl)C(=O)N1CCC(CC1)(C(N)=O)c1ccccc1, Cc1c(nn(c1-c1ccc(Cl)cc1)-c1ccc(Cl)cc1Cl)C(=O)N1CCC(CC1)(C(N)=O)c1ccccc1",8.7766
50383389,CCNC1(CCN(CC1)C(=O)c1nn(c(c1C)-c1ccc(Cl)cc1)-c1ccc(Cl)cc1Cl)C(N)=O,7.1057
50383390,Cc1c(nn(c1-c1ccc(Cl)cc1)-c1ccc(Cl)cc1Cl)C(=O)N1CCC(CC1)(NC(=O)OC(C)(C)C)c1ccccc1,7.3737
50383391,CC(=O)NC1(CCN(CC1)C(=O)c1nn(c(c1C)-c1ccc(Cl)cc1)-c1ccc(Cl)cc1Cl)c1ccccc1,7.2034
50383392,Cc1c(nn(c1-c1ccc(Cl)cc1)-c1ccc(Cl)cc1Cl)C(=O)N1CCC(CC1)(NC(=O)NC(C)(C)C)c1ccccc1,7.327
50383393,Cc1c(nn(c1-c1ccc(Cl)cc1)-c1ccc(Cl)cc1Cl)C(=O)N1CCC(CC1)(NC(=O)NCc1ccccc1)c1ccccc1,7.3665
50383394,Cc1c(nn(c1-c1ccc(Cl)cc1)-c1ccc(Cl)cc1Cl)C(=O)N1CCC(CC1)(NC(=O)Nc1ccc(F)cc1)c1ccccc1,6.2118
50383395,CN(C)c1ccc(NC(=O)NC2(CCN(CC2)C(=O)c2nn(c(c2C)-c2ccc(Cl)cc2)-c2ccc(Cl)cc2Cl)c2ccccc2)cc1,5.8271
50383396,CCCCCCNC(=O)NC1(CCN(CC1)C(=O)c1nn(c(c1C)-c1ccc(Cl)cc1)-c1ccc(Cl)cc1Cl)c1ccccc1,7.4112
50383397,CC(C)NC(=O)NC1(CCN(CC1)C(=O)c1nn(c(c1C)-c1ccc(Cl)cc1)-c1ccc(Cl)cc1Cl)c1ccccc1,7.8697
50383398,CCNC(=O)NC1(CCN(CC1)C(=O)c1nn(c(c1C)-c1ccc(Cl)cc1)-c1ccc(Cl)cc1Cl)c1ccccc1,7.8239
50383399,CCCNC(=O)NC1(CCN(CC1)C(=O)c1nn(c(c1C)-c1ccc(Cl)cc1)-c1ccc(Cl)cc1Cl)c1ccccc1,8.1192
50383400,Cc1c(nn(c1-c1ccc(Cl)cc1)-c1ccc(Cl)cc1Cl)C(=O)N1CCC(CC1)(NC(=O)NC1CCCCC1)c1ccccc1,6.1013
50383401,CCCCNC(=O)NC1(CCN(CC1)C(=O)c1nn(c(c1C)-c1ccc(Cl)cc1)-c1ccc(Cl)cc1Cl)c1ccccc1,7.8097
50383402,Cc1c(nn(c1-c1ccc(Cl)cc1)-c1ccc(Cl)cc1Cl)C(=O)NC1CCN(CC1)C(=O)OC(C)(C)C,8.5376
50383403,CC(=O)N1CCC(CC1)NC(=O)c1nn(c(c1C)-c1ccc(Cl)cc1)-c1ccc(Cl)cc1Cl,7.1851
50383404,Cc1c(nn(c1-c1ccc(Cl)cc1)-c1ccc(Cl)cc1Cl)C(=O)NC1CCN(CC1)C(=O)NC(C)(C)C,7.8327
50383405,CCNC(=O)N1CCC(CC1)NC(=O)c1nn(c(c1C)-c1ccc(Cl)cc1)-c1ccc(Cl)cc1Cl,6.7825
50383406,CC(C)NC(=O)N1CCC(CC1)NC(=O)c1nn(c(c1C)-c1ccc(Cl)cc1)-c1ccc(Cl)cc1Cl,7.0655
50383407,CCCNC(=O)N1CCC(CC1)NC(=O)c1nn(c(c1C)-c1ccc(Cl)cc1)-c1ccc(Cl)cc1Cl,6.7352
50383408,CC(=O)N1CCC[C@@H](C1)NC(=O)c1nn(c(c1C)-c1ccc(Cl)cc1)-c1ccc(Cl)cc1Cl,7.4078
50383409,Cc1c(nn(c1-c1ccc(Cl)cc1)-c1ccc(Cl)cc1Cl)C(=O)N[C@H]1CCCN(C1)S(C)(=O)=O,7.1085
50383410,CCCNC(=O)N1CCC[C@@H](C1)NC(=O)c1nn(c(c1C)-c1ccc(Cl)cc1)-c1ccc(Cl)cc1Cl,6.567
50383411,CCOC(=O)N1CCC[C@@H](C1)NC(=O)c1nn(c(c1C)-c1ccc(Cl)cc1)-c1ccc(Cl)cc1Cl,7.1838
50383412,Cc1c(nn(c1-c1ccc(Cl)cc1)-c1ccc(Cl)cc1Cl)C(=O)N[C@@H]1CCCN(C1)C(=O)OC(C)(C)C,7.6517
50383413,Cc1c(nn(c1-c1ccc(Cl)cc1)-c1ccc(Cl)cc1Cl)C(=O)N[C@@H]1CCCN(C1)S(C)(=O)=O,7.9266
50383414,CC(C)NC(=O)N1CCC[C@H](C1)NC(=O)c1nn(c(c1C)-c1ccc(Cl)cc1)-c1ccc(Cl)cc1Cl,7.0132
50383415,CCCNC(=O)N1CCC[C@H](C1)NC(=O)c1nn(c(c1C)-c1ccc(Cl)cc1)-c1ccc(Cl)cc1Cl,6.8729
50383416,CCCCNC(=O)N1CCC[C@H](C1)NC(=O)c1nn(c(c1C)-c1ccc(Cl)cc1)-c1ccc(Cl)cc1Cl,6.9031
50383417,CCOC(=O)N1CCC[C@H](C1)NC(=O)c1nn(c(c1C)-c1ccc(Cl)cc1)-c1ccc(Cl)cc1Cl,7.757
50384143,CN(CCCC(=O)NC1CC1)C(=O)c1ccc2n(C)c3CCC(Cc3c2c1)C1CCOCC1,8.1487
50384144,CCN(CCCC(=O)NC1CC1)C(=O)c1ccc2n(C)c3CCC(Cc3c2c1)C1CCOCC1,8.5528
50384145,Cn1c2CCC(Cc2c2cc(ccc12)C(=O)NCCCC(=O)NC1CC1)C1CCOCC1,5.8416
50384146,CCN(CC(=O)NC1CC1)C(=O)c1ccc2n(C)c3CCC(Cc3c2c1)C1CCOCC1,8.1367
50384147,CN(CCC(=O)NC1CC1)C(=O)c1ccc2n(C)c3CCC(Cc3c2c1)C1CCOCC1,6.1838
50384148,CNC(=O)CCCN(C)C(=O)c1ccc2n(C)c3CCC(Cc3c2c1)C1CCOCC1,7.27
50384149,"CN(CC(=O)NC1CC1)C(=O)c1ccc2n(C)c3CC[C@H](Cc3c2c1)C1CCOCC1, CN(CC(=O)NC1CC1)C(=O)c1ccc2n(C)c3CC[C@H](Cc3c2c1)C1CCOCC1",7.4812
50384150,CN(CC(=O)NC1CC1)C(=O)c1ccc2n(C)c3CC[C@@H](Cc3c2c1)C1CCOCC1,6.752
50384159,CNC(=O)CCCN(C)C(=O)c1ccc2n(C)c3CC[C@H](Cc3c2c1)C1CCOCC1,7.5331
50384160,CCN(CC(=O)NC1CC1)C(=O)c1ccc2n(C)c3CC[C@@H](Cc3c2c1)C1CCOCC1,7.762
50384161,CCN(CC(=O)NC1CC1)C(=O)c1ccc2n(C)c3CC[C@H](Cc3c2c1)C1CCOCC1,8.3768
50384162,CNC(=O)CCCN(C)C(=O)c1ccc2n(C)c3CC[C@@H](Cc3c2c1)C1CCOCC1,6.2396
50388883,"CC(C)C(=O)N(C)C1CCCOc2c1nn(c2-c1ccc(Cl)cc1)-c1ccccc1Cl, CC(C)C(=O)N(C)C1CCCOc2c1nn(c2-c1ccc(Cl)cc1)-c1ccccc1Cl",8.3567
50388884,"Clc1ccc(cc1)-c1c2OCCCC(N3CCCC3=O)c2nn1-c1ccccc1Cl, Clc1ccc(cc1)-c1c2OCCCC(N3CCCC3=O)c2nn1-c1ccccc1Cl",8.5936
50388885,"CC(C)C(=O)N[C@H]1CCCOc2c1nn(c2-c1ccc(Cl)cc1)-c1ccccc1Cl, CC(C)C(=O)N[C@H]1CCCOc2c1nn(c2-c1ccc(Cl)cc1)-c1ccccc1Cl, CC(C)C(=O)N[C@H]1CCCOc2c1nn(c2-c1ccc(Cl)cc1)-c1ccccc1Cl, CC(C)C(=O)N[C@H]1CCCOc2c1nn(c2-c1ccc(Cl)cc1)-c1ccccc1Cl",9.1528
50388886,"CC(=O)NC1CCCOc2c1nn(c2-c1ccc(Cl)cc1)-c1ccccc1Cl, CC(=O)NC1CCCOc2c1nn(c2-c1ccc(Cl)cc1)-c1ccccc1Cl",9.0927
50388887,"Clc1ccc(cc1)-c1c2OCCCC(NC(=O)C3CCOCC3)c2nn1-c1ccccc1Cl, Clc1ccc(cc1)-c1c2OCCCC(NC(=O)C3CCOCC3)c2nn1-c1ccccc1Cl",10.1003
50388888,"COCC(=O)NC1CCCOc2c1nn(c2-c1ccc(Cl)cc1)-c1ccccc1Cl, COCC(=O)NC1CCCOc2c1nn(c2-c1ccc(Cl)cc1)-c1ccccc1Cl",8.5529
50388889,"CCOCC(=O)NC1CCCOc2c1nn(c2-c1ccc(Cl)cc1)-c1ccccc1Cl, CCOCC(=O)NC1CCCOc2c1nn(c2-c1ccc(Cl)cc1)-c1ccccc1Cl",9.0863
50388890,"COC(=O)NC1CCCOc2c1nn(c2-c1ccc(Cl)cc1)-c1ccccc1Cl, COC(=O)NC1CCCOc2c1nn(c2-c1ccc(Cl)cc1)-c1ccccc1Cl",9.3724
50388891,"CC(C)OC(=O)NC1CCCOc2c1nn(c2-c1ccc(Cl)cc1)-c1ccccc1Cl, CC(C)OC(=O)NC1CCCOc2c1nn(c2-c1ccc(Cl)cc1)-c1ccccc1Cl",9.7529
50388892,"CCNC(=O)NC1CCCOc2c1nn(c2-c1ccc(Cl)cc1)-c1ccccc1Cl, CCNC(=O)NC1CCCOc2c1nn(c2-c1ccc(Cl)cc1)-c1ccccc1Cl",9.9397
50388893,"Clc1ccc(cc1)-c1c2OCCCC(NC(=O)C3(CC3)C#N)c2nn1-c1ccccc1Cl, Clc1ccc(cc1)-c1c2OCCCC(NC(=O)C3(CC3)C#N)c2nn1-c1ccccc1Cl",9.9915
50388894,"Clc1ccc(cc1)-c1c2OCCCC(NC(=O)c3ccon3)c2nn1-c1ccccc1Cl, Clc1ccc(cc1)-c1c2OCCCC(NC(=O)c3ccon3)c2nn1-c1ccccc1Cl",9.1905
50388895,"Clc1ccc(cc1)-c1c2OCCCC(NC(=O)c3ccno3)c2nn1-c1ccccc1Cl, Clc1ccc(cc1)-c1c2OCCCC(NC(=O)c3ccno3)c2nn1-c1ccccc1Cl",9.449
50388896,"Clc1ccc(cc1)-c1c2OCCCC(NC(=O)c3cnon3)c2nn1-c1ccccc1Cl, Clc1ccc(cc1)-c1c2OCCCC(NC(=O)c3cnon3)c2nn1-c1ccccc1Cl",9.4333
50388897,"CS(=O)(=O)CC(=O)NC1CCCOc2c1nn(c2-c1ccc(Cl)cc1)-c1ccccc1Cl, CS(=O)(=O)CC(=O)NC1CCCOc2c1nn(c2-c1ccc(Cl)cc1)-c1ccccc1Cl",9.1769
50388898,NC1CCCOc2c1nn(c2-c1ccc(Cl)cc1)-c1ccccc1Cl,7.2441
50388899,CNC1CCCOc2c1nn(c2-c1ccc(Cl)cc1)-c1ccccc1Cl,7.3372
50388900,"CCC(=O)NC1CCCOc2c1nn(c2-c1ccc(Cl)cc1)-c1ccccc1Cl, CCC(=O)NC1CCCOc2c1nn(c2-c1ccc(Cl)cc1)-c1ccccc1Cl",9.6729
50388901,"CC(C)C(=O)N[C@@H]1CCCOc2c1nn(c2-c1ccc(Cl)cc1)-c1ccccc1Cl, CC(C)C(=O)N[C@@H]1CCCOc2c1nn(c2-c1ccc(Cl)cc1)-c1ccccc1Cl",10.1884
50388902,"Clc1ccc(cc1)-c1c2OCCCC(NC(=O)C3CCCCC3)c2nn1-c1ccccc1Cl, Clc1ccc(cc1)-c1c2OCCCC(NC(=O)C3CCCCC3)c2nn1-c1ccccc1Cl",9.7651
50392548,CCn1cc(C(=O)N[C@@H]2C(C)(C)C3CC[C@]2(C)C3)c(=O)c2ccc(F)cc12,6.0179
50392549,CCCn1cc(C(=O)N[C@@H]2C(C)(C)C3CC[C@]2(C)C3)c(=O)c2ccc(F)cc12,6.7144
50392550,CCCCn1cc(C(=O)N[C@@H]2C(C)(C)C3CC[C@]2(C)C3)c(=O)c2ccc(F)cc12,7.8416
50392551,CCCCCn1cc(C(=O)N[C@@H]2C(C)(C)C3CC[C@]2(C)C3)c(=O)c2ccc(F)cc12,8.3979
50392553,CN(C)CCn1cc(C(=O)N[C@@H]2C(C)(C)C3CC[C@]2(C)C3)c(=O)c2ccc(F)cc12,6.7479
50392554,COCCn1cc(C(=O)N[C@@H]2C(C)(C)C3CC[C@]2(C)C3)c(=O)c2ccc(F)cc12,6.5275
50392555,CC1(C)C2CC[C@](C)(C2)[C@@H]1NC(=O)c1cn(C=C)c2cc(F)ccc2c1=O,5.447
50392556,CC1(C)C2CC[C@](C)(C2)[C@@H]1NC(=O)c1cn(CCCCO)c2cc(F)ccc2c1=O,6.3996
50392557,Cn1cc(C(=O)N[C@H]2[C@]3(C)CCC(C3)C2(C)C)c(=O)c2ccc(Sc3ccccc3)cc12,5.7289
50392558,CCn1cc(C(=O)N[C@@H]2C(C)(C)C3CC[C@]2(C)C3)c(=O)c2ccc(Sc3ccccc3)cc12,6.7416
50392559,CCCn1cc(C(=O)N[C@@H]2C(C)(C)C3CC[C@]2(C)C3)c(=O)c2ccc(Sc3ccccc3)cc12,7.9586
50392560,CCCCn1cc(C(=O)N[C@@H]2C(C)(C)C3CC[C@]2(C)C3)c(=O)c2ccc(Sc3ccccc3)cc12,8.3279
50392561,CCCCCn1cc(C(=O)N[C@@H]2C(C)(C)C3CC[C@]2(C)C3)c(=O)c2ccc(Sc3ccccc3)cc12,8.6108
50392562,Cc1cccc(Cn2cc(C(=O)N[C@@H]3C(C)(C)C4CC[C@]3(C)C4)c(=O)c3ccc(Sc4ccccc4)cc23)c1,6.1744
50392563,CN(C)CCn1cc(C(=O)N[C@@H]2C(C)(C)C3CC[C@]2(C)C3)c(=O)c2ccc(Sc3ccccc3)cc12,7.5406
50392564,COCCn1cc(C(=O)N[C@H]2[C@]3(C)CCC(C3)C2(C)C)c(=O)c2ccc(Sc3ccccc3)cc12,7.6234
50392566,CC1(C)C2CC[C@](C)(C2)[C@@H]1NC(=O)c1cn(CCCCO)c2cc(Sc3ccccc3)ccc2c1=O,7.4134
50392568,CCCCCn1cc(C(=O)NCc2ccc(Cl)c(Cl)c2)c(=O)c2ccc(cc12)-c1ccccc1,6.4089
50392569,CCCCCn1cc(C(=O)NCc2ccc(Cl)c(Cl)c2)c(=O)c2ccc(Br)cc12,6.1805
50392570,CCCCCn1cc(C(=O)NC(C)C)c(=O)c2ccc(Sc3ccccc3)cc12,7.6799
50392571,CCCCCn1cc(C(=O)NN(C)C)c(=O)c2ccc(Sc3ccccc3)cc12,7.0625
50392572,CCCCCn1cc(C(=O)NC(CC)CO)c(=O)c2ccc(Sc3ccccc3)cc12,7.2351
50392573,CCCCCn1cc(C(=O)N2CCC[C@H]2C(N)=O)c(=O)c2ccc(Sc3ccccc3)cc12,5.8268
50392574,CCCCCn1cc(C(=O)NC2CN3CCC2CC3)c(=O)c2ccc(Sc3ccccc3)cc12,6.8207
50392575,CCCCCn1cc(C(=O)NN2CCCCC2)c(=O)c2ccc(Sc3ccccc3)cc12,7.5391
50392576,CCCCCn1cc(C(=O)NOCc2ccccc2)c(=O)c2ccc(Sc3ccccc3)cc12,7.8894
50392577,CCCCCn1cc(C(=O)NCCN2CCOCC2)c(=O)c2ccc(Sc3ccccc3)cc12,7.1993
50392578,CCCCCn1cc(C(=O)NOC)c(=O)c2ccc(Sc3ccccc3)cc12,6.3098
50392579,CCCCCn1cc(C(=O)NCc2ccc(Cl)c(Cl)c2)c(=O)c2ccc(Sc3ccccc3)cc12,6.3768
50394567,CN(CCCCCCCOc1ccc(cc1)-c1oc2ccccc2c1C(=O)c1ccc(OCCN2CCOCC2)cc1)Cc1ccccc1,6.2596
50394568,CCN(CC)CCOc1cccc(c1)C(=O)c1c(oc2ccccc12)-c1ccc(OCCCCCCCN(C)Cc2ccccc2)cc1,5.5901
50394572,CN(CCCCCCCOc1ccc(cc1)-c1oc2ccccc2c1C(=O)c1ccc(cc1)-c1ccccc1)Cc1ccccc1,5.5058
50395136,O=C(NC1CCCC1)c1cn2C(COc3cccc(c23)c1=O)c1ccccc1,6.8794
50395137,O=C(NC12CC3CC(CC(C3)C1)C2)c1cn2[C@H](Cc3ccccc3)COc3cccc(c23)c1=O,6.9788
50395139,"CC(C)[C@H]1COc2cccc3c2n1cc(C(=O)NC12CC4CC(CC(C4)C1)C2)c3=O, CC(C)[C@H]1COc2cccc3c2n1cc(C(=O)NC12CC4CC(CC(C4)C1)C2)c3=O",6.2787
50395140,CC(C)[C@@H]1COc2cccc3c2n1cc(C(=O)NC12CC4CC(CC(C4)C1)C2)c3=O,7.0555
50395141,CC[C@H]1COc2cccc3c2n1cc(C(=O)NC12CC4CC(CC(C4)C1)C2)c3=O,6.2381
50395142,CC[C@@H]1COc2cccc3c2n1cc(C(=O)NC12CC4CC(CC(C4)C1)C2)c3=O,6.7055
50395143,"CC[C@H]1COc2cccc3c2n1cc(C(=O)NC1CCCCCC1)c3=O, CC[C@H]1COc2cccc3c2n1cc(C(=O)NC1CCCCCC1)c3=O",6.2189
50395144,CC[C@@H]1COc2cccc3c2n1cc(C(=O)NC1CCCCCC1)c3=O,6.9788
50395147,"C[C@H]1COc2cccc3c2n1cc(C(=O)NC1CCCCC1)c3=O, C[C@H]1COc2cccc3c2n1cc(C(=O)NC1CCCCC1)c3=O",5.5
50395148,C[C@@H]1COc2cccc3c2n1cc(C(=O)NC1CCCCC1)c3=O,5.5427
50395151,CCC1COc2c(OC)ccc3c2n1cc(C(=O)NC12CC4CC(CC(C4)C1)C2)c3=O,6.2832
50395152,CCC1COc2c(F)c(F)cc3c2n1cc(C(=O)NC12CC4CC(CC(C4)C1)C2)c3=O,5.7565
50395153,CCC1COc2c(F)ccc3c2n1cc(C(=O)NC12CC4CC(CC(C4)C1)C2)c3=O,6.4101
50395154,CC1(C)COc2cccc3c2n1cc(C(=O)NC12CC4CC(CC(C4)C1)C2)c3=O,6.6556
50395155,O=C(NC12CC3CC(CC(C3)C1)C2)c1cn2C(COc3cccc(c23)c1=O)C1CC1,6.4101
50395156,O=C(NC1CCCCCC1)c1cn2C(COc3cccc(c23)c1=O)C1CC1,7.041
50395157,O=C(NC1CCCCC1)c1cn2C(COc3cccc(c23)c1=O)C1CC1,6.9914
50395158,CCCC1COc2ccc(C)c3c2n1cc(C(=O)NC12CC4CC(CC(C4)C1)C2)c3=O,6.3468
50395159,CCCC1COc2ccc(C)c3c2n1cc(C(=O)NC1CCCCC1)c3=O,6.1215
50395160,CCCC1COc2cccc3c2n1cc(C(=O)NC12CC4CC(C)(CC(C)(C4)C1)C2)c3=O,6.699
50395161,CCCC1COc2cccc3c2n1cc(C(=O)NC12CC4CC(CC(C4)C1)C2)c3=O,6.6676
50395162,CCCC1COc2cccc3c2n1cc(C(=O)NC1CCCCC1)c3=O,7.9914
50395164,CCC1COc2cccc3c2n1cc(C(=O)Nc1nccs1)c3=O,5.8649
50395165,CCC1COc2cccc3c2n1cc(C(=O)Nc1ccncc1)c3=O,5.9393
50395167,CCC1COc2cccc3c2n1cc(C(=O)NC1C2CC4CC(C2)CC1C4)c3=O,6.4101
50395168,CCC1COc2cccc3c2n1cc(C(=O)NC1CCCCC1)c3=O,6.0857
50395170,Cc1cc2OCC(c3ccccc3)n3cc(C(=O)NC4CCCCC4)c(=O)c(c1)c23,5.871
50395171,Cc1ccc(cc1)C1COc2cccc3c2n1cc(C(=O)NC12CC4CC(CC(C4)C1)C2)c3=O,5.4115
50395172,Cc1ccc(cc1)C1COc2cccc3c2n1cc(C(=O)NC1CCCCC1)c3=O,5.3864
50395174,CC1Oc2cccc3c2n(cc(C(=O)NC24CC5CC(CC(C5)C2)C4)c3=O)C1c1ccccc1,5.6135
50395175,CC1Oc2cccc3c2n(cc(C(=O)NC2CCCCC2)c3=O)C1c1ccccc1,5.505
50395176,CC12CC3CC(C)(C1)CC(C3)(C2)NC(=O)c1cn2C(COc3cccc(c23)c1=O)c1ccccc1,6.3372
50395177,O=C(NC12CC3CC(CC(C3)C1)C2)c1cn2C(COc3cccc(c23)c1=O)c1ccccc1,6.5768
50395178,O=C(NC1CCCCCC1)c1cn2C(COc3cccc(c23)c1=O)c1ccccc1,6.5086
50395179,O=C(NC1CCCCC1)c1cn2C(COc3cccc(c23)c1=O)c1ccccc1,6.3768
50397383,CCCCCn1cc(C(=O)NC23CC4CC(CC(C4)C2)C3)c(=O)c(C2CC2)c1C,6.9784
50397386,CCCCCn1cc(C(=O)NC23CC4CC(CC(C4)C2)C3)c(=O)c(I)c1C,6.7135
50397393,CCCCCn1cc(C(=O)Nc2ccccc2)c(=O)cc1C(C)(C)C,7.056
50397394,CCCCCn1cc(C(=O)NCC2CC2)c(=O)cc1C(C)(C)C,6.7545
50397395,CCCCCn1cc(C(=O)NC2C3CC4CC(C3)CC2C4)c(=O)cc1C(C)(C)C,6.2503
50397396,CCCCCn1cc(C(=O)NC(C)C23CC4CC(CC(C4)C2)C3)c(=O)cc1C(C)(C)C,6.2612
50398215,CCCCC1(CCCCC1)c1cc(O)c2cc(Cc3ccccc3O)c(=O)oc2c1,5.3107
50398216,CCCCC1(CCCC1)c1cc(O)c2cc(Cc3ccccc3O)c(=O)oc2c1,5.8013
50398217,CCCCC1(CCCC1)c1cc(OC)c2cc(Cc3ccccc3OC)c(=O)oc2c1,6.2233
50398218,CCCCCCCC(C)(C)c1cc(O)c2cc(Cc3ccccc3O)c(=O)oc2c1,5.9318
50398219,CCCCCCCC(C)(C)c1cc(OC)c2cc(Cc3ccccc3OC)c(=O)oc2c1,5
50398220,CCCCCCC(C)(C)c1cc(O)c2cc(Cc3ccccc3O)c(=O)oc2c1,6.6126
50398221,CCCCCCC(C)(C)c1cc(OC)c2cc(Cc3ccccc3OC)c(=O)oc2c1,5.9914
50398222,CCCCCCC(C)(C)c1cc(O)c2cc(Cc3ccccc3)c(=O)oc2c1,5.58
50398223,CCCCCCC(C)(C)c1cc(OC)c2cc(Cc3ccccc3)c(=O)oc2c1,5.8447
50398224,CCCCCc1cc(O)c2cc(Cc3cccc(Cl)c3)c(=O)oc2c1,5.1945
50398225,CCCCCc1cc(OC)c2cc(Cc3cccc(Cl)c3)c(=O)oc2c1,6.1959
50398226,CCCCCc1cc(O)c2cc(Cc3ccccc3Cl)c(=O)oc2c1,4.719
50398227,CCCCCc1cc(OC)c2cc(Cc3ccccc3Cl)c(=O)oc2c1,7.4815
50398228,CCCCCc1cc(O)c2cc(Cc3ccccc3O)c(=O)oc2c1,5.0079
50398229,CCCCCc1cc(OC)c2cc(Cc3ccccc3OC)c(=O)oc2c1,7.4949
50398230,CCCCCc1cc(O)c2cc(Cc3cccc(C)c3)c(=O)oc2c1,5.6635
50398231,CCCCCc1cc(OC)c2cc(Cc3cccc(C)c3)c(=O)oc2c1,6.1469
50398232,CCCCCc1cc(O)c2cc(Cc3ccccc3C)c(=O)oc2c1,5.7852
50398233,CCCCCc1cc(OC)c2cc(Cc3ccccc3C)c(=O)oc2c1,7.6576
50398234,CCCCCc1cc(O)c2cc(Cc3ccccc3)c(=O)oc2c1,5.8962
50398235,CCCCCc1cc(OC)c2cc(Cc3ccccc3)c(=O)oc2c1,5.7167
50398236,CCCCCc1cc(O)c2cc(Cc3cccc(O)c3)c(=O)oc2c1,4.7905
50398237,CCCCCc1cc(OC)c2cc(Cc3cccc(OC)c3)c(=O)oc2c1,7.3468
50398240,COc1cccc(Cc2cc3c(OC)cc(CBr)cc3oc2=O)c1,5.3242
50398242,COc1cccc(Cc2cc3c(OC)cccc3oc2=O)c1,4.6757
50399116,Cc1ccc(cc1)C(NC(=O)Cc1ccccc1)NC(=O)Cc1ccccc1,6.9626
50399518,Clc1ccc(cc1)-n1c(nc2c(ncnc12)N1CCC(CC1)NS(=O)(=O)c1ccccc1)-c1ccccc1Cl,8.9208
50399519,CS(=O)(=O)NC1CCN(CC1)c1ncnc2n(c(nc12)-c1ccccc1Cl)-c1ccc(Cl)cc1,7.5376
50399520,CCCCNC(=O)NC1CCN(CC1)c1ncnc2n(c(nc12)-c1ccccc1Cl)-c1ccc(Cl)cc1,7.6021
50399521,CCCNC(=O)NC1CCN(CC1)c1ncnc2n(c(nc12)-c1ccccc1Cl)-c1ccc(Cl)cc1,7.5528
50399522,CC(C)NC(=O)NC1CCN(CC1)c1ncnc2n(c(nc12)-c1ccccc1Cl)-c1ccc(Cl)cc1,7.8539
50399523,CC(C)(C)OC(=O)NC1CCN(CC1)c1ncnc2n(c(nc12)-c1ccccc1Cl)-c1ccc(Cl)cc1,8.8239
50399524,CCCCNC(=O)N1CCC(CC1)Nc1ncnc2n(c(nc12)-c1ccccc1Cl)-c1ccc(Cl)cc1,5.4759
50399525,"CC(C)(C)OC(=O)N1CCC(CC1)Nc1ncnc2n(c(nc12)-c1ccccc1Cl)-c1ccc(Cl)cc1, CC(C)(C)OC(=O)N1CCC(CC1)Nc1ncnc2n(c(nc12)-c1ccccc1Cl)-c1ccc(Cl)cc1",7.6206
50399526,CCCCNC(=O)NC1(CCN(CC1)c1ncnc2n(c(nc12)-c1ccccc1Cl)-c1ccc(Cl)cc1)c1ccccc1,6.5702
50399527,CCCNC(=O)NC1(CCN(CC1)c1ncnc2n(c(nc12)-c1ccccc1Cl)-c1ccc(Cl)cc1)c1ccccc1,6.6576
50399528,CC(C)NC(=O)NC1(CCN(CC1)c1ncnc2n(c(nc12)-c1ccccc1Cl)-c1ccc(Cl)cc1)c1ccccc1,6.4724
50399529,CCNC(=O)NC1(CCN(CC1)c1ncnc2n(c(nc12)-c1ccccc1Cl)-c1ccc(Cl)cc1)c1ccccc1,6.71
50399530,CC(C)(C)NC(=O)NC1(CCN(CC1)c1ncnc2n(c(nc12)-c1ccccc1Cl)-c1ccc(Cl)cc1)c1ccccc1,7.5935
50399531,CS(=O)(=O)NC1(CCN(CC1)c1ncnc2n(c(nc12)-c1ccccc1Cl)-c1ccc(Cl)cc1)c1ccccc1,8.2076
50399532,NC1(CCN(CC1)c1ncnc2n(c(nc12)-c1ccccc1Cl)-c1ccc(Cl)cc1)c1ccccc1,7.9586
50399533,"CC(C)(C)OC(=O)NC1(CCN(CC1)c1ncnc2n(c(nc12)-c1ccccc1Cl)-c1ccc(Cl)cc1)c1ccccc1, CC(C)(C)OC(=O)NC1(CCN(CC1)c1ncnc2n(c(nc12)-c1ccccc1Cl)-c1ccc(Cl)cc1)c1ccccc1",8.1481
50399534,NC(=O)C1(CCN(CC1)c1ncnc2n(c(nc12)-c1ccccc1Cl)-c1ccc(Cl)cc1)c1ccccc1,8.7471
50401046,CCCCCn1c(C)c(C(=O)c2cccc3cccc(I)c23)c2ccccc12,6.2823
50401047,CCCCCn1cc(C(=O)c2cccc3cccc(I)c23)c2ccccc12,7.1367
50401048,CCCn1c(C)c(C(=O)c2cccc3cccc(I)c23)c2ccccc12,5.3675
50401049,CCCn1cc(C(=O)c2cccc3cccc(I)c23)c2ccccc12,5.5287
50401050,CCCCCn1c(C)c(C(=O)c2cccc3cccc(Br)c23)c2ccccc12,7.2676
50401051,CCCCCn1cc(C(=O)c2cccc3cccc(Br)c23)c2ccccc12,7.6778
50401054,CCCCCn1c(C)c(C(=O)c2cccc3cccc(Cl)c23)c2ccccc12,6.9355
50401055,CCCCCn1cc(C(=O)c2cccc3cccc(Cl)c23)c2ccccc12,7.6383
50401057,CCCn1cc(C(=O)c2cccc3cccc(Cl)c23)c2ccccc12,6.1925
50401058,CCCCCn1c(C)c(C(=O)c2ccc(I)c3ccccc23)c2ccccc12,7.8539
50401059,CCCCCn1cc(C(=O)c2ccc(I)c3ccccc23)c2ccccc12,8.6021
50401060,CCCn1c(C)c(C(=O)c2ccc(I)c3ccccc23)c2ccccc12,6.3002
50401061,CCCn1cc(C(=O)c2ccc(I)c3ccccc23)c2ccccc12,6.8539
50401062,CCCCCn1c(C)c(C(=O)c2ccc(Br)c3ccccc23)c2ccccc12,7.8539
50401063,CCCCCn1cc(C(=O)c2ccc(Br)c3ccccc23)c2ccccc12,8.9208
50401064,CCCn1c(C)c(C(=O)c2ccc(Br)c3ccccc23)c2ccccc12,6.4283
50401065,CCCn1cc(C(=O)c2ccc(Br)c3ccccc23)c2ccccc12,6.7932
50401066,CCCCCn1c(C)c(C(=O)c2ccc(Cl)c3ccccc23)c2ccccc12,8.0506
50401067,CCCCCn1cc(C(=O)c2ccc(Cl)c3ccccc23)c2ccccc12,8.6383
50401068,CCCn1c(C)c(C(=O)c2ccc(Cl)c3ccccc23)c2ccccc12,6.7282
50401069,CCCn1cc(C(=O)c2ccc(Cl)c3ccccc23)c2ccccc12,7.0315
50401070,CCCCCn1c(C)c(C(=O)c2ccc(F)c3ccccc23)c2ccccc12,7.8539
50401071,CCCCCn1cc(C(=O)c2ccc(F)c3ccccc23)c2ccccc12,8.1427
50401072,CCCn1c(C)c(C(=O)c2ccc(F)c3ccccc23)c2ccccc12,6.2757
50401073,CCCn1cc(C(=O)c2ccc(F)c3ccccc23)c2ccccc12,6.6198
50402857,Fc1cccc(c1C(=O)Nc1sc2COCCc2c1C(=O)N1CC(F)(F)C1)C(F)(F)F,4.9547
50402859,FC(F)(F)c1ccccc1C(=O)Nc1sc2COCCc2c1C(=O)N1CC(F)(F)C1,5.1433
50402863,FC(F)(F)Oc1ccccc1C(=O)Nc1sc2COCCc2c1C(=O)N1CCCCC1,4.7122
50402864,FC(F)(F)c1ccccc1C(=O)Nc1sc2COCCc2c1C(=O)N1CCCCC1,4.9318
50404173,COc1ccc(CN(CCN(C)CCCCCCCCNC(=O)c2ccc(c(c2)C(O)=O)-c2c3ccc(O)cc3oc3cc(=O)ccc23)c2ccccn2)cc1,7.8861
50408215,COc1ccc(cc1)-c1cn(Cc2ccc(F)cc2)c(=O)c(C(=O)NC2CCCCCC2)c1C,7.5086
50408218,Cc1ccnc(OCc2ccc(F)cc2)c1C(=O)NC1CCCCCC1,6.8827
50408220,Cc1ccn(Cc2ccc(F)cc2)c(=O)c1C(=O)NC1CCCCCC1,7.9208
50408222,Cc1c(Br)cnc(OCc2ccc(F)cc2)c1C(=O)NC1CCCCCC1,6.9469
50408224,Cc1c(Br)cn(Cc2ccc(F)cc2)c(=O)c1C(=O)NC1CCCCCC1,8.6383
50408226,Cc1c(cn(Cc2ccc(F)cc2)c(=O)c1C(=O)NC1CCCCCC1)-c1ccccc1,7.6383
50416463,CCN1CCN(CC1)C(=O)c1cn2[C@@H](COc3cccc1c23)C1CCCCC1,7.9
50416472,COc1cccc2c(cn(CC3CCCCC3)c12)C(=O)N1C[C@H](C)N(C)[C@H](C)C1,8.8996
50416474,C[C@H]1CN(CCN1C)C(=O)c1cn2[C@@H](COc3cccc1c23)C1CCCCC1,8.699
50418012,CN(CC(N)=O)Cc1nc(no1)-c1cn(CC2CCOCC2)c2c(Cl)cccc12,8.4001
50418210,"Cc1ccc(cc1Cn1c(cc2cc(ccc12)C#N)C(=O)NCCC(C)(C)O)C(F)(F)F, Cc1ccc(cc1Cn1c(cc2cc(ccc12)C#N)C(=O)NCCC(C)(C)O)C(F)(F)F",8.3247
50418211,"COc1ccc(cc1Cn1c(cc2cc(ccc12)C#N)C(=O)NCC(C)(C)O)C(F)(F)F, COc1ccc(cc1Cn1c(cc2cc(ccc12)C#N)C(=O)NCC(C)(C)O)C(F)(F)F",8.03
50418212,"CC(C)(O)CCNC(=O)c1cc2cc(ccc2n1Cc1cccc(OC(F)(F)F)c1)C#N, CC(C)(O)CCNC(=O)c1cc2cc(ccc2n1Cc1cccc(OC(F)(F)F)c1)C#N",8.0851
50418213,"COc1ccc(OC(F)(F)F)cc1Cn1c(cc2cc(ccc12)C#N)C(=O)NCC(C)(C)O, COc1ccc(OC(F)(F)F)cc1Cn1c(cc2cc(ccc12)C#N)C(=O)NCC(C)(C)O",7.9548
50418228,"CC(C)(CO)CNC(=O)c1cc2cc(ccc2n1Cc1cccc(OC(F)(F)F)c1)C#N, CC(C)(CO)CNC(=O)c1cc2cc(ccc2n1Cc1cccc(OC(F)(F)F)c1)C#N",8.9201
50418229,"COc1ccc(OC(F)(F)F)cc1Cn1c(cc2cc(ccc12)C#N)C(=O)NCC(C)(C)CO, COc1ccc(OC(F)(F)F)cc1Cn1c(cc2cc(ccc12)C#N)C(=O)NCC(C)(C)CO",9.166
50420877,CCCCCn1cc(CC(=O)NC23CC4CC(CC(C4)C2)C3)c2cc(Br)ccc12,5.2588
50420878,CCCn1cc(CC(=O)NC23CC4CC(CC(C4)C2)C3)c2cc(ccc12)-c1ccccc1,5.8216
50420881,C=CCn1cc(CC(=O)NC23CC4CC(CC(C4)C2)C3)c2cc(ccc12)-c1ccco1,6.2518
50420882,CCCCCn1cc(CC(=O)NC23CC4CC(CC(C4)C2)C3)c2cc(ccc12)-c1ccco1,5.7799
50420883,Cn1cc(CC(=O)NC23CC4CC(CC(C4)C2)C3)c2cc(ccc12)-c1ccccc1,6.3116
50420884,CCn1cc(CC(=O)NC23CC4CC(CC(C4)C2)C3)c2cc(ccc12)-c1ccccc1,6.1561
50420885,C=CCn1cc(CC(=O)NC23CC4CC(CC(C4)C2)C3)c2cc(ccc12)-c1ccccc1,6.2757
50420887,C=CCCn1cc(CC(=O)NC23CC4CC(CC(C4)C2)C3)c2cc(ccc12)-c1ccccc1,5.7383
50420888,CCCCCn1cc(CC(=O)NC23CC4CC(CC(C4)C2)C3)c2cc(ccc12)-c1ccccc1,5.6234
50420890,CCCCCn1cc(C(=O)C(=O)NC23CC4CC(CC(C4)C2)C3)c2cc(ccc12)-c1ccco1,6.4623
50420891,C=CCn1cc(C(=O)C(=O)NC23CC4CC(CC(C4)C2)C3)c2cc(ccc12)-c1ccco1,5.4417
50420892,C=CCn1cc(C(=O)C(=O)NC23CC4CC(CC(C4)C2)C3)c2cc(ccc12)-c1ccccc1,5.4073
50420894,C=CCn1cc(C(=O)NC23CC4CC(CC(C4)C2)C3)c2cc(ccc12)-c1ccccc1,7.317
50420896,C=CCn1cc(C(=O)NC23CC4CC(CC(C4)C2)C3)c2cc(ccc12)-c1ccco1,5.5538
50420897,CCCCCn1cc(C(=O)NC23CC4CC(CC(C4)C2)C3)c2cc(ccc12)-c1ccccc1,5.978
50420898,CCCCCn1cc(C(=O)NC23CC4CC(CC(C4)C2)C3)c2cc(ccc12)-c1ccco1,6.4665
50420899,CCCCCn1cc(C(=O)NC23CC4CC(CC(C4)C2)C3)c2cc(ccc12)-c1cccs1,5.4412
50420900,CCCCCn1cc(C(=O)NC23CC4CC(CC(C4)C2)C3)c2ccc(cc12)-c1ccccc1,8.6925
50426082,CCCCCn1cc(C(=O)NC23CC4CC(CC(C4)C2)C3)c(=O)c2c(C)c(C)sc12,7.3665
50426083,CCCCCn1cc(C(=O)NC23CC4CC(CC(C4)C2)C3)c(=O)c2c(C)csc12,7.8539
50426084,CCCCCn1cc(C(=O)NC2CCCCCC2)c(=O)c2c(C)csc12,7.284
50426085,CCCCCn1cc(C(=O)NC2CCCCC2)c(=O)c2c(C)csc12,7.0655
50426086,CCCCCn1cc(C(=O)NC23CC4CC(CC(C4)C2)C3)c(=O)c2c(C)noc12,5.8333
50426087,CCCCCn1cc(C(=O)NC2CCCCCC2)c(=O)c2c(C)noc12,6.8386
50426088,CCCCCn1cc(C(=O)NC2CCCCC2)c(=O)c2c(C)noc12,6.8097
50426093,CCCCCn1cc(C(=O)NC23CC4CC(CC(C4)C2)C3)c(=O)c2cnn(C)c12,5.3231
50426094,CCCCCn1cc(C(=O)NC2CCCCCC2)c(=O)c2cnn(C)c12,5.342
50426095,CCCCCn1cc(C(=O)NC2CCCCC2)c(=O)c2cnn(C)c12,5.2882
50426096,CCCCCn1cc(C(=O)NC23CC4CC(CC(C4)C2)C3)c(=O)c2c(nn(C)c12)C(C)(C)C,5.4256
50426098,CCCCCn1cc(C(=O)NC23CC4CC(CC(C4)C2)C3)c(=O)c2c(CC)nn(C)c12,6.3565
50426099,CCCCCn1cc(C(=O)NC2CCCCC2)c(=O)c2c(CC)nn(C)c12,6.0191
50426103,CCCCCn1cc(C(=O)Nc2ccccc2)c(=O)c2c(C)nn(C)c12,6.063
50426104,CCCCCn1cc(C(=O)NC(C)CCC(C)C)c(=O)c2c(C)nn(C)c12,5.7459
50426105,CCCCCn1cc(C(=O)NC23CC4CC(C)(CC(C)(C4)C2)C3)c(=O)c2c(C)nn(C)c12,5.9788
50426106,CCCCCn1cc(C(=O)NC23CC4CC(CC(C4)C2)C3)c(=O)c2c(C)nn(C)c12,6.0969
50426107,CCCCCn1cc(C(=O)NC2CCCCCC2)c(=O)c2c(C)nn(C)c12,6.5986
50426108,CCCCCn1cc(C(=O)N[C@@H]2CC[C@H](C)CC2)c(=O)c2c(C)nn(C)c12,6.1409
50426109,CCCCCn1cc(C(=O)N[C@H]2CC[C@H](C)CC2)c(=O)c2c(C)nn(C)c12,5.3403
50426110,CCCCCn1cc(C(=O)NCC2CCCCC2)c(=O)c2c(C)nn(C)c12,5.9492
50426113,Cc1nn(C)c2n(Cc3ccccc3)cc(C(=O)NC3CCCCC3)c(=O)c12,5.3718
50426114,CCCCCCn1cc(C(=O)NC2CCCCC2)c(=O)c2c(C)nn(C)c12,5.4123
50426118,CCCn1cc(C(=O)NC2CCCCC2)c(=O)c2c(C)nn(C)c12,6.1203
50426119,CCCCn1cc(C(=O)NC2CCCCC2)c(=O)c2c(C)nn(C)c12,5.901
50426120,CCCCCn1cc(C(=O)NC2CCCCC2)c(=O)c2c(C)nn(C)c12,6.301
50426121,CCCCCn1cc(C(=O)NC23CC4CC(CC(C4)C2)C3)c(=O)n2nc(nc12)-c1ccccc1,6.2815
50426122,CCCCCn1cc(C(=O)NC23CC4CC(CC(C4)C2)C3)c(=O)n2ncnc12,6.1475
50427397,CCN(CC)c1ccc(CN(c2ccc(Cl)cc2)S(=O)(=O)c2ccccc2)cc1,5.7513
50427401,CCN(CC)c1ccc(CN([C@]23C[C@H]4C[C@H](C[C@H](C4)C2)C3)S(=O)(=O)c2cccc(C)c2)cc1,5.0849
50427403,CCN(CC)c1ccc(CN([C@]23C[C@H]4C[C@H](C[C@H](C4)C2)C3)S(=O)(=O)c2ccc(OC)cc2)cc1,5.1367
50427404,CCN(CC)c1ccc(CN([C@]23C[C@H]4C[C@H](C[C@H](C4)C2)C3)S(=O)(=O)c2ccc(Cl)cc2)cc1,5.6919
50427405,CCN(CC)c1ccc(CN([C@]23C[C@H]4C[C@H](C[C@H](C4)C2)C3)S(=O)(=O)c2ccc(F)cc2)cc1,5.3698
50427406,CCN(CC)c1ccc(CN([C@]23C[C@H]4C[C@H](C[C@H](C4)C2)C3)S(=O)(=O)c2ccccc2)cc1,4.9586
50427407,CCN(CC)c1ccc(CN(C(=O)C2CCCCC2)c2ccc(C)cc2)cc1,6.6946
50427408,CCN(CC)c1ccc(CN(C(=O)Cc2ccc(Cl)cc2)c2ccc(C)cc2)cc1,5.4949
50427410,CCN(CC)c1ccc(CN(c2ccc(C)cc2)S(=O)(=O)c2ccc(cc2)C(C)C)cc1,5.473
50427411,CCN(CC)c1ccc(CN(c2ccc(C)cc2)S(=O)(=O)c2cccc(C)c2)cc1,6.6615
50427412,CCN(CC)c1ccc(CN(c2ccc(C)cc2)S(=O)(=O)c2ccc(C)cc2)cc1,6.3595
50427413,CCN(CC)c1ccc(CN(c2ccc(C)cc2)S(=O)(=O)c2ccc(OC)cc2)cc1,5.8871
50427414,CCN(CC)c1ccc(CN(c2ccc(C)cc2)S(=O)(=O)c2ccc(Cl)cc2)cc1,6.3851
50427415,CCN(CC)c1ccc(CN(c2ccc(C)cc2)S(=O)(=O)c2ccc(F)cc2)cc1,6.0665
50427416,CCN(CC)c1ccc(CN(c2ccc(C)cc2)S(=O)(=O)c2ccccc2)cc1,6.289
50427420,CCN(CC)c1ccc(CN(c2ccc(Cl)cc2)S(=O)(=O)c2cccc(C)c2)cc1,6.0625
50427421,CCN(CC)c1ccc(CN(c2ccc(Cl)cc2)S(=O)(=O)c2ccc(C)cc2)cc1,6.8633
50427423,CCN(CC)c1ccc(CN(c2ccc(Cl)cc2)S(=O)(=O)c2ccc(Cl)cc2)cc1,5.1793
50427424,CCN(CC)c1ccc(CN(c2ccc(Cl)cc2)S(=O)(=O)c2ccc(F)cc2)cc1,5.9485
50428092,CCCc1ccc(O)c(c1)-c1cc(CCC)ccc1O,5.6459
50428173,COc1ccc(cc1)S(=O)(=O)N(Cc1ccc(cc1)N1CCCCC1)c1ccccc1,6.2291
50428174,CCN(CC)c1ccc(CN(c2ncc(C)s2)S(=O)(=O)c2ccc(OC)cc2)cc1,6.2218
50428175,CCN(CC)c1ccc(CN(C2CCCCC2)S(=O)(=O)c2ccc(cc2)C(C)C)cc1,5.8539
50428176,CCN(CC)c1ccc(CN(C2CCCCC2)S(=O)(=O)c2ccc(OC)cc2)cc1,6.1805
50428177,CCN(CC)c1ccc(CN(Cc2ccco2)S(=O)(=O)c2ccc(cc2)C(C)C)cc1,5.8861
50428178,CCN(CC)c1ccc(CN(Cc2ccco2)S(=O)(=O)c2ccc(OC)cc2)cc1,6.0757
50428179,CCN(CC)c1ccc(CN(c2ccccc2)S(=O)(=O)c2ccc(cc2)C(C)C)cc1,5.699
50428180,CCN(CC)c1ccc(CN(c2ccccc2)S(=O)(=O)c2ccc(OC)cc2)cc1,6.301
50428181,CCN(CC)c1ccc(CN(CC=C)S(=O)(=O)c2ccc(C)cc2)cc1,5.9031
50428182,CCN(CC)c1ccc(CN(C2CCCC2)S(=O)(=O)c2ccc(C)cc2)cc1,6.301
50428183,CCN(CC)c1ccc(CN(c2ncc(C)s2)S(=O)(=O)c2ccc(C)cc2)cc1,6.4685
50428184,CCN(CC)c1ccc(CN(C2CCCCC2)S(=O)(=O)c2ccc(C)cc2)cc1,6.6778
50428185,CCN(CC)c1ccc(CN(c2ccccc2)S(=O)(=O)c2ccc(C)cc2)cc1,7.0915
50428186,CCN(CC)c1ccc(CN(Cc2cccs2)S(=O)(=O)c2ccc(C)cc2)cc1,6.2147
50428187,CCN(CC)c1ccc(CN(Cc2ccco2)S(=O)(=O)c2ccc(C)cc2)cc1,6.2441
50428188,CCN(CC)c1ccc(CN(CC2CCCCC2)S(=O)(=O)c2ccc(C)cc2)cc1,6.2518
50428189,CCN(CC)c1ccc(CN(Cc2ccc(F)cc2)S(=O)(=O)c2ccc(C)cc2)cc1,5.6478
50428190,CCN(CC)c1ccc(CN(Cc2ccccc2)S(=O)(=O)c2ccc(OC)cc2)cc1,6.1612
50428191,CCN(CC)c1ccc(CN(Cc2ccccc2)S(=O)(=O)c2ccc(cc2)C(C)C)cc1,6.284
50428192,CCN(CC)c1ccc(CN(Cc2ccccc2)S(=O)(=O)c2ccc(F)cc2)cc1,6.0315
50428193,CCN(CC)c1ccc(CN(Cc2ccccc2)S(=O)(=O)c2ccc(Cl)cc2)cc1,6.3665
50428194,Cc1ccc(cc1)S(=O)(=O)N(Cc1ccccc1)Cc1ccc(cc1)N1CCCCC1,5.8861
50428195,CCN(CC)c1ccc(CN(Cc2ccccc2)S(=O)(=O)c2ccc(C)cc2)cc1,5.6383
50429823,O=C(NC12CC3CC(CC(C3)C1)C2)c1nn(CCN2CCOCC2)c2ccccc12,8.1675
50431800,Cc1c(nn(c1-c1ccccc1)-c1ccccc1)C(=O)NN1CCCCC1,5.0137
50431803,O=C(NN1CCCCC1)c1cc(-c2ccccc2)n(n1)-c1ccccc1,5.3387
50431808,CCCCCc1cc(-c2ccccc2)n(n1)-c1ccccc1,5.2106
50438779,CC\C=C/C\C=C/C\C=C/CCCCCCCC(=O)NCc1ccccc1,5.0516
50438782,CC\C=C/C\C=C/C\C=C/CCCCCCCC(=O)NCc1cccc(OC)c1,5.062
50438783,CCCCC\C=C/C\C=C/CCCCCCCC(=O)NCc1ccccc1,6.3188
50447016,Nc1ccc2n(Cc3ccccc3)nc(OCc3ccccc3)c2c1,5.3979
50447021,CCCCCn1nc(OCc2ccc3ccccc3c2)c2cc(ccc12)[N+]([O-])=O,5.7959
50447022,CCCCCn1nc(OCc2ccc(OC)cc2)c2cc(ccc12)[N+]([O-])=O,6.0969
50447023,[O-][N+](=O)c1ccc2n(Cc3ccccc3)nc(OCc3ccccc3)c2c1,5.9208
50447025,CCCCCOc1nn(CCCCC)c2ccc(cc12)[N+]([O-])=O,5.8861
50447031,C(Oc1nn(CC2CCCCC2)c2ccccc12)C1CCCCC1,6.699
50449588,Clc1ccc(COc2cccc(\C=C3/N4CCSC4=NC3=O)c2)cc1,5.7773
50449593,CSC1=NC(=O)\C(N1)=C\c1cccc(OCc2ccc(Cl)cc2)c1,5.6556
50449594,Clc1ccc(COc2cccc(\C=C3/SC(=O)NC3=O)c2)cc1,5.2976
50454095,Cc1ccc(Cn2nc(cc(c2=O)S(=O)(=O)NC2CCCCCC2)-c2ccc(C)cc2)cc1,5.9234
50454096,Cc1ccc(cc1)-c1cc(nnc1-c1ccc(C)cc1)S(=O)(=O)NC1CCCC1,5.8351
50454097,Cc1ccc(cc1)-c1cc(nnc1-c1ccc(C)cc1)S(=O)(=O)NC1CCCCCC1,6.0969
50454098,Cc1ccc(cc1)-c1cc(SNC2CCCCCC2)nnc1-c1ccc(C)cc1,6.2154
50454100,"CC1C2CC(CC1NSc1cc(-c3ccc(C)cc3)c(nn1)-c1ccc(C)cc1)C2(C)C, CC1C2CC(CC1NSc1cc(-c3ccc(C)cc3)c(nn1)-c1ccc(C)cc1)C2(C)C",6.9296
50454101,Cc1ccc(cc1)-c1cc(SNCC2CCC3CC2C3(C)C)nnc1-c1ccc(C)cc1,5.9038
50454102,Cc1ccc(cc1)-c1cc(SNCC2C3(C)CCC(C3)C2(C)C)nnc1-c1ccc(C)cc1,6.6073
50454103,Cc1ccc(cc1)-c1cc(nnc1-c1ccc(C)cc1)S(=O)(=O)NC1CCCCC1,5.4432
50454104,Cc1ccc(cc1)-c1cc(nnc1-c1ccc(C)cc1)S(=O)(=O)NC1CC2CCC1(C)C2(C)C,5.8908
50454105,"CC1C2CC(CC1NS(=O)(=O)c1cc(-c3ccc(C)cc3)c(nn1)-c1ccc(C)cc1)C2(C)C, CC1C2CC(CC1NS(=O)(=O)c1cc(-c3ccc(C)cc3)c(nn1)-c1ccc(C)cc1)C2(C)C",6.6982
50454106,Cc1ccc(cc1)-c1cc(SNC2CCCC2)nnc1-c1ccc(C)cc1,6.1403
50454107,"Cc1ccc(cc1)-c1cc(SNC2CC3CCC2(C)C3(C)C)nnc1-c1ccc(C)cc1, Cc1ccc(cc1)-c1cc(SNC2CC3CCC2(C)C3(C)C)nnc1-c1ccc(C)cc1",6.9753
50454108,Cc1ccc(cc1)-c1cc(SNCC23CC4CC(CC(C4)C2)C3)nnc1-c1ccc(C)cc1,6.067
50454112,CC(C)C1CCC(C)CC1NSc1cc(-c2ccc(C)cc2)c(nn1)-c1ccc(C)cc1,6.15
50461685,FC(F)(F)Oc1ccccc1CN1CCN(CC1)c1ncnc2n(c(nc12)-c1ccccc1Cl)-c1ccc(Cl)cc1,8.699
50461686,Clc1ccc(cc1)-n1c(nc2c(ncnc12)N1CCN(CC1)c1ccc(cc1)C#N)-c1ccccc1Cl,8.699
50461687,Clc1ccc(cc1)-n1c(nc2c(ncnc12)N1CCN(Cc2ccccc2C#N)CC1)-c1ccccc1Cl,8.5229
50461688,Clc1ccc(cc1)-n1c(nc2c(ncnc12)N1CCN(CC1)C1CCCCC1)-c1ccccc1Cl,8.699
50461689,CC(N1CCN(CC1)c1ncnc2n(c(nc12)-c1ccccc1Cl)-c1ccc(Cl)cc1)c1ccncc1,7.9208
50461690,COc1ccc(CN2CCN(CC2)c2ncnc3n(c(nc23)-c2ccccc2Cl)-c2ccc(Cl)cc2)cc1,7.9208
50461691,Fc1ccc(cc1)N1CCN(CC1)c1ncnc2n(c(nc12)-c1ccccc1Cl)-c1ccc(Cl)cc1,8.699
50461692,Cc1ccccc1CN1CCN(CC1)c1ncnc2n(c(nc12)-c1ccccc1Cl)-c1ccc(Cl)cc1,8.3979
50461693,Clc1ccc(cc1)-n1c(nc2c(ncnc12)N1CCN(CC1)c1ccccc1)-c1ccccc1Cl,8.699
50461694,Clc1ccc(cc1)-n1c(nc2c(ncnc12)N1CCN(CC1)c1ccccc1C#N)-c1ccccc1Cl,8.699
50461695,COc1ccccc1N1CCN(CC1)c1ncnc2n(c(nc12)-c1ccccc1Cl)-c1ccc(Cl)cc1,8.699
50461696,COc1ccc(cc1)N1CCN(CC1)c1ncnc2n(c(nc12)-c1ccccc1Cl)-c1ccc(Cl)cc1,8.5229
50461697,Clc1ccc(cc1)-n1c(nc2c(ncnc12)N1CCN(Cc2ccccc2)CC1)-c1ccccc1Cl,8.3979
50461698,CC(N1CCN(CC1)c1ncnc2n(c(nc12)-c1ccccc1Cl)-c1ccc(Cl)cc1)c1ccccc1,8.9586
50461699,Clc1ccc(cc1)-n1c(nc2c(ncnc12)N1CCN(Cc2ccncc2)CC1)-c1ccccc1Cl,7.6576
50461700,Clc1ccc(cc1)-n1c(nc2c(ncnc12)N1CCN(Cc2ccncc2Cl)CC1)-c1ccccc1Cl,8.5229
50461701,FC(F)(F)c1ccccc1CN1CCN(CC1)c1ncnc2n(c(nc12)-c1ccccc1Cl)-c1ccc(Cl)cc1,8.301
50461702,Fc1ccc(CN2CCN(CC2)c2ncnc3n(c(nc23)-c2ccccc2Cl)-c2ccc(Cl)cc2)cc1,8.3979
50461703,Clc1ccc(CN2CCN(CC2)c2ncnc3n(c(nc23)-c2ccccc2Cl)-c2ccc(Cl)cc2)cc1,9
50461704,Cc1nc(CN2CCN(CC2)c2ncnc3n(c(nc23)-c2ccccc2Cl)-c2ccc(Cl)cc2)no1,7.6198
50461705,Clc1ccc(cc1)-n1c(nc2c(ncnc12)N1CCN(CCc2ccccc2)CC1)-c1ccccc1Cl,8.699
50461706,Oc1cccc(c1)N1CCN(CC1)c1ncnc2n(c(nc12)-c1ccccc1Cl)-c1ccc(Cl)cc1,7.6021
50461707,Clc1ccc(cc1)-n1c(nc2c(ncnc12)N1CCN(CC1)C(C#N)c1ccccc1)-c1ccccc1Cl,8.1549
50461708,Fc1ccccc1CN1CCN(CC1)c1ncnc2n(c(nc12)-c1ccccc1Cl)-c1ccc(Cl)cc1,8.1549
50461709,Clc1ccc(cc1)-n1c(nc2c(ncnc12)N1CCN(Cc2ccccc2Cl)CC1)-c1ccccc1Cl,8.0969
50461710,Clc1ccc(cc1)-n1c(nc2c(ncnc12)N1CCN(Cc2cccc(Cl)c2)CC1)-c1ccccc1Cl,9.0458
50461711,Cc1ccc(CN2CCN(CC2)c2ncnc3n(c(nc23)-c2ccccc2Cl)-c2ccc(Cl)cc2)cc1,8.0969
50461712,Clc1ccc(cc1)-n1c(nc2c(ncnc12)N1CCN(CC1)c1ccccn1)-c1ccccc1Cl,8.699
50461713,Clc1ccc(cc1)-n1c(nc2c(ncnc12)N1CCN(CCc2ccncc2)CC1)-c1ccccc1Cl,7.9208
50461714,Cc1c(CN2CCN(CC2)c2ncnc3n(c(nc23)-c2ccccc2Cl)-c2ccc(Cl)cc2)cnn1C,8.0969
50463396,Clc1ccc(cc1)-n1c(nc2c(ncnc12)N1CCN(CC1)C(=O)C1COc2ccccc2O1)-c1ccccc1Cl,8.301
50463397,Fc1ccccc1NC(=O)N1CCN(CC1)c1ncnc2n(c(nc12)-c1ccccc1Cl)-c1ccc(Cl)cc1,8.2218
50463398,FC(F)(F)CCS(=O)(=O)N1CCN(CC1)c1ncnc2n(c(nc12)-c1ccccc1Cl)-c1ccc(Cl)cc1,8.9208
50463399,CCCCC(=O)N1CCN(CC1)c1ncnc2n(c(nc12)-c1ccccc1Cl)-c1ccc(Cl)cc1,8.2218
50463400,Clc1ccc(cc1)-n1c(nc2c(ncnc12)N1CCN(CC1)C(=O)NC1CCCC1)-c1ccccc1Cl,8.301
50463401,FC(F)Oc1ccc(NC(=O)N2CCN(CC2)c2ncnc3n(c(nc23)-c2ccccc2Cl)-c2ccc(Cl)cc2)cn1,8.3979
50463402,Clc1ccc(cc1)-n1c(nc2c(ncnc12)N1CCN(CC1)S(=O)(=O)CC1CCOCC1)-c1ccccc1Cl,8.5229
50463403,CCCS(=O)(=O)N1CCN(CC1)c1ncnc2n(c(nc12)-c1ccccc1Cl)-c1ccc(Cl)cc1,8.9208
50463404,Clc1ccc(cc1)-n1c(nc2c(ncnc12)N1CCN(CC1)C(=O)CC1CCCC1)-c1ccccc1Cl,9.3979
50463405,Clc1ccc(cc1)-n1c(nc2c(ncnc12)N1CCN(CC1)C(=O)OC1CCC1)-c1ccccc1Cl,8.5229
50463406,FC(F)(F)C1(CCCC1)NC(=O)N1CCN(CC1)c1ncnc2n(c(nc12)-c1ccccc1Cl)-c1ccc(Cl)cc1,7.6198
50463407,CS(=O)(=O)N1CCN(CC1)c1ncnc2n(c(nc12)-c1ccccc1Cl)-c1ccc(Cl)cc1,7.6198
50463408,Clc1ccc(cc1)-n1c(nc2c(ncnc12)N1CCN(CC1)S(=O)(=O)C1CC1)-c1ccccc1Cl,8.301
50463409,CC(C)(C)OC(=O)N1CCN(CC1)c1ncnc2n(c(nc12)-c1ccccc1Cl)-c1ccc(Cl)cc1,8.301
50463410,FC(F)(F)C(=O)N1CCN(CC1)c1ncnc2n(c(nc12)-c1ccccc1Cl)-c1ccc(Cl)cc1,9
50463411,Clc1ccc(cc1)-n1c(nc2c(ncnc12)N1CCN(CC1)C(=O)CC1CCOC1)-c1ccccc1Cl,8.0969
50463412,Clc1ccc(cc1)-n1c(nc2c(ncnc12)N1CCN(CC1)C(=O)N1CCCC1)-c1ccccc1Cl,7.8861
50463413,CCCCS(=O)(=O)N1CCN(CC1)c1ncnc2n(c(nc12)-c1ccccc1Cl)-c1ccc(Cl)cc1,9.2218
50463414,Clc1ccc(cc1)-n1c(nc2c(ncnc12)N1CCN(CC1)C(=O)NC1CCCCC1)-c1ccccc1Cl,8.8539
50463415,Fc1ccc(NC(=O)N2CCN(CC2)c2ncnc3n(c(nc23)-c2ccccc2Cl)-c2ccc(Cl)cc2)cc1F,8.301
50463416,CCS(=O)(=O)N1CCN(CC1)c1ncnc2n(c(nc12)-c1ccccc1Cl)-c1ccc(Cl)cc1,8.5229
50463417,CC(C)S(=O)(=O)N1CCN(CC1)c1ncnc2n(c(nc12)-c1ccccc1Cl)-c1ccc(Cl)cc1,8.8539
50463418,CC(C)CS(=O)(=O)N1CCN(CC1)c1ncnc2n(c(nc12)-c1ccccc1Cl)-c1ccc(Cl)cc1,8.699
50463419,Clc1ccc(cc1)-n1c(nc2c(ncnc12)N1CCN(CC1)S(=O)(=O)CC1CCCCC1)-c1ccccc1Cl,8.7696
50463420,Clc1ccc(cc1)-n1c(nc2c(ncnc12)N1CCN(CC1)C(=O)OCC1CCC1)-c1ccccc1Cl,8.5229
50463421,CCOCC(=O)N1CCN(CC1)c1ncnc2n(c(nc12)-c1ccccc1Cl)-c1ccc(Cl)cc1,7.9586
50463422,CC(C)(C)CC(=O)N1CCN(CC1)c1ncnc2n(c(nc12)-c1ccccc1Cl)-c1ccc(Cl)cc1,8.699
50463423,Clc1ccc(cc1)-n1c(nc2c(ncnc12)N1CCN(CC1)C(=O)C1CCSCC1)-c1ccccc1Cl,8.699
50463424,Clc1ccc(cc1)-n1c(nc2c(ncnc12)N1CCN(CC1)C(=O)CN1CCCCC1)-c1ccccc1Cl,7.6778
50463425,CC(C(=O)N1CCN(CC1)c1ncnc2n(c(nc12)-c1ccccc1Cl)-c1ccc(Cl)cc1)c1ccccc1,8.5229
50463426,Clc1ccc(cc1)-n1c(nc2c(ncnc12)N1CCN(CC1)C(=O)Nc1ccccc1)-c1ccccc1Cl,8.2218
50463427,Clc1ccc(cc1)-n1c(nc2c(ncnc12)N1CCN(CC1)C(=O)Nc1ccccn1)-c1ccccc1Cl,8.2218
50463428,Fc1ccc(NC(=O)N2CCN(CC2)c2ncnc3n(c(nc23)-c2ccccc2Cl)-c2ccc(Cl)cc2)c(F)c1,8.301
50463429,Fc1ccc(NC(=O)N2CCN(CC2)c2ncnc3n(c(nc23)-c2ccccc2Cl)-c2ccc(Cl)cc2)cc1,7.7212
50463430,Clc1ccc(cc1)-n1c(nc2c(ncnc12)N1CCN(CC1)C(=O)NCC1CCCCC1)-c1ccccc1Cl,7.3665
50463431,Fc1ccccc1S(=O)(=O)NC(=O)N1CCN(CC1)c1ncnc2n(c(nc12)-c1ccccc1Cl)-c1ccc(Cl)cc1,6.6021
50464593,"CCCCCc1cc(OS(=O)(=O)c2ccc(C)cc2)c2[C@@H]3CC(C)(OO)C=C[C@H]3C(C)(C)Oc2c1, CCCCCc1cc(OS(=O)(=O)c2ccc(C)cc2)c2[C@@H]3CC(C)(OO)C=C[C@H]3C(C)(C)Oc2c1, CCCCCc1cc(OS(=O)(=O)c2ccc(C)cc2)c2[C@@H]3CC(C)(OO)C=C[C@H]3C(C)(C)Oc2c1, CCCCCc1cc(OS(=O)(=O)c2ccc(C)cc2)c2[C@@H]3CC(C)(OO)C=C[C@H]3C(C)(C)Oc2c1",6.939
50464594,"CCCCCC1=CC(=O)C2=C(OC(C)(C)[C@@H]3CC[C@](C)(OCC)C=C23)C1=O, CCCCCC1=CC(=O)C2=C(OC(C)(C)[C@@H]3CC[C@](C)(OCC)C=C23)C1=O",5.8859
50464595,"CCCCCc1cc(O)c2C3=C(CCC(C)(OC)C3OC(C)=O)C(C)(C)Oc2c1, CCCCCc1cc(O)c2C3=C(CCC(C)(OC)C3OC(C)=O)C(C)(C)Oc2c1",5.7034
50464596,"CCCCCc1cc(O)c2[C@@H]3C[C@](C)(O)C=C[C@H]3C(C)(C)Oc2c1, CCCCCc1cc(O)c2[C@@H]3C[C@](C)(O)C=C[C@H]3C(C)(C)Oc2c1, CCCCCc1cc(O)c2[C@@H]3C[C@](C)(O)C=C[C@H]3C(C)(C)Oc2c1, CCCCCc1cc(O)c2[C@@H]3C[C@](C)(O)C=C[C@H]3C(C)(C)Oc2c1",6.3715
50464597,"CCCCCc1cc(OS(=O)(=O)c2ccc(C)cc2)c2[C@@H]3[C@@H](OO)C(C)=CC[C@H]3C(C)(C)Oc2c1, CCCCCc1cc(OS(=O)(=O)c2ccc(C)cc2)c2[C@@H]3[C@@H](OO)C(C)=CC[C@H]3C(C)(C)Oc2c1",6.1402
50464598,"CCCCCc1cc(OC(C)=O)c2[C@@H]3CC(C)=CC[C@H]3C(C)(C)Oc2c1, CCCCCc1cc(OC(C)=O)c2[C@@H]3CC(C)=CC[C@H]3C(C)(C)Oc2c1, CCCCCc1cc(OC(C)=O)c2[C@@H]3CC(C)=CC[C@H]3C(C)(C)Oc2c1, CCCCCc1cc(OC(C)=O)c2[C@@H]3CC(C)=CC[C@H]3C(C)(C)Oc2c1",7.2098
50464599,"CCCCCc1cc(OS(=O)(=O)c2ccc(C)cc2)c2[C@@H]3[C@H](O)C(C)=CC[C@H]3C(C)(C)Oc2c1, CCCCCc1cc(OS(=O)(=O)c2ccc(C)cc2)c2[C@@H]3[C@H](O)C(C)=CC[C@H]3C(C)(C)Oc2c1",6.0427
50464600,"CCCCCc1cc(OS(=O)(=O)c2ccc(C)cc2)c2[C@@H]3CC(=C)C(C[C@H]3C(C)(C)Oc2c1)OO, CCCCCc1cc(OS(=O)(=O)c2ccc(C)cc2)c2[C@@H]3CC(=C)C(C[C@H]3C(C)(C)Oc2c1)OO",5.3947
50464601,"CCCCCc1cc(OC(C)=O)c2C3=C(CCC4(C)OC34)C(C)(C)Oc2c1, CCCCCc1cc(OC(C)=O)c2C3=C(CCC4(C)OC34)C(C)(C)Oc2c1",6.3927
50464602,"CCCCCc1cc(O)c2C3=C(CCC(C)(OC)C3O)C(C)(C)Oc2c1, CCCCCc1cc(O)c2C3=C(CCC(C)(OC)C3O)C(C)(C)Oc2c1",6.1185
50465024,COc1ccc(cc1)C(=O)c1cn(CC2CCOCC2)c2ccc(O)cc12,5.852
50465025,COc1ccc(cc1)C(=O)c1cn(CC2CCOCC2)c2c(O)cccc12,5.4458
50465029,COC(=O)CCCCOc1cccc2c(cn(CC3CCOCC3)c12)C(=O)c1ccc(OC)cc1,5.8005
50465030,COc1ccc(cc1)C(=O)c1cn(CC2CCOCC2)c2c(OCCCCCCNC(C)=O)cccc12,5.4069
50465034,CCCOc1cccc2c(cn(CC3CCOCC3)c12)C(=O)c1ccc(OC)cc1,6.2967
50465047,Oc1ccc2n(CC3CCOCC3)cc(C(=O)c3cccc4ccccc34)c2c1,6.0841
50465049,CCCOc1ccc2n(CC3CCOCC3)cc(C(=O)c3ccc(OC)cc3)c2c1,5.3442
50472720,CCCCCCC(C)(C)c1cc(O)c2[C@H]3CC(CO)=CCC3C(C)(C)Oc2c1,9.1427
50472721,CC1=CCC2C(C1)c1c(O)cc(CCCCC(F)(F)F)cc1OC2(C)C,7.699
50472722,CCCCC\C=C/C\C=C/C\C=C/C\C=C/CCCC(=O)N1CCOCC1,5.9586
50472723,CCCCC\C=C/C\C=C/C\C=C/C\C=C/CCC(C(C)C)C(=O)NCCO,5.3979
50472724,CC1=CCC2C(C1)c1c(O)cc(CCCCCF)cc1OC2(C)C,7.2366
50488954,COc1ccc(cc1)-c1c(F)c(nn1-c1ccc(Cl)cc1Cl)C(=O)NN1CCCCC1,7.7447
50488955,CCCCCCCn1nc(cc1-c1ccccc1)C(=O)NN1CCCCC1,6.4855
50488956,COCc1c(nn(c1C1C2(C)CCC(C2)C1(C)C)-c1ccc(Cl)cc1Cl)C(=O)NC1CCCCC1,6.618
50488957,Cc1c(nn(c1-c1ccccc1Br)-c1ccc(Cl)cc1Cl)C(=O)NN1CCOCC1,7.9208
50488958,[O-][N+](=O)c1ccc2-c3c(CCCc2c1)c(nn3-c1ccc(Cl)cc1Cl)C(=O)NN1CCCCC1,7.2007
50488959,CCCCCn1nc(cc1-c1ccccc1)C(=O)NN1CCCCC1,6.5918
50488960,Cc1c(nn(CCCCCCl)c1-c1ccccc1)C(=O)NCC12CC3CC(CC(C3)C1)C2,8.2218
50488961,Cc1c(NC(=O)N2CCCCC2)nn(c1-c1ccc(Br)cc1)-c1ccc(Cl)cc1Cl,7.3279
50488962,Cc1c(nn(C)c1-c1ccc(Cl)cc1)C(=O)NN1CCCCC1,4.46
50488963,CN(C(=O)c1nn(c(c1C)-c1ccc(Br)cc1)-c1ccc(Cl)cc1Cl)c1ccccc1,7.5086
50488964,Cc1c(nn(Cc2ccc(C)cc2)c1-c1ccc(Cl)c(C)c1)C(=O)NC1CC2CCC1(C)C2(C)C,6.3979
50488965,[O-][N+](=O)c1cccc2-c3c(CCCc12)c(nn3-c1ccc(Cl)cc1Cl)C(=O)NN1CCCCC1,7
50488966,Cc1c(nn(CCCCCCl)c1-c1ccccc1)C(=O)Nc1ccc(cc1)-c1ccsc1,7.699
50488967,OCc1c(nn(c1-c1ccc(Br)cc1)-c1ccc(Cl)cc1Cl)C(=O)NC1CCCCC1,8.2218
50491561,CCCCCn1cc(C(=O)NC23CC4CC(CC(C4)C2)C3)c(=O)n2nc(CC)cc12,6.9208
50491572,CCCCCn1cc(C(=O)NC2CCCCCC2)c(=O)n2nc(cc12)-c1ccccc1,6.0835
50491573,CCCCCn1cc(C(=O)NC2CCCCC2)c(=O)n2nc(cc12)-c1ccccc1,6.1537
50491574,CCCCCn1cc(C(=O)NC2CCCCCC2)c(=O)n2nc(CC)cc12,6.699
50491575,CCCCCn1cc(C(=O)NC23CC4CC(CC(C4)C2)C3)c(=O)n2nc(cc12)C(C)(C)C,6.2132
50491576,CCCCCn1cc(C(=O)NC2CCCCCC2)c(=O)n2nc(cc12)C(C)(C)C,6.2182
50491577,CCCCCn1cc(C(=O)NC2CCCCC2)c(=O)n2nc(CC)cc12,6.3768
50491578,CCCCCn1cc(C(=O)NC23CC4CC(CC(C4)C2)C3)c(=O)n2nc(C)cc12,5.9516
50491579,CCCCCn1cc(C(=O)NC2CCCCCC2)c(=O)n2nc(C)cc12,6.2782
50491580,CS(O)(=O)=O.Cc1c(C(=O)c2ccc3ccccc3c2)c2cccc3OC[C@@H](CN4CCOCC4)n1c23,7.9208
50491581,CCCCCn1cc(C(=O)NC2CCC(C)CC2)c(=O)n2nc(C)cc12,5.614
50491588,CCCCCn1cc(C(=O)NC2CCCCC2)c(=O)n2nc(cc12)C(C)(C)C,6.1707
50491589,CCCCCn1cc(C(=O)NC2CCCCC2)c(=O)n2nc(C)cc12,5.8935
50491594,CCCCCn1cc(C(=O)NCc2ccccc2)c(=O)n2nc(C)cc12,5.4828
50491831,CCCCn1c2CCCCCCc2cc(C(=O)NC(C)C)c1=O,6.2284
50491833,CC(C)CCn1c2CCCCCCc2cc(C(=O)NCc2ccccc2)c1=O,8.0458
50491835,CCCCn1c2CCCc2cc(C(=O)NCc2ccccc2)c1=O,6.8447
50491836,CCCCn1c(C)c(C)cc(C(=O)NCc2ccccc2)c1=O,6.2175
50491838,CCCCn1c2CCCCCCc2cc(C(=O)NC(C)(C)c2ccccc2)c1=O,9
50491839,CCCCn1c2CCCCCCc2cc(C(=O)NC2CCCCC2)c1=O,7.7212
50491840,CCCCn1c2CCCCCCc2cc(C(=O)NCCc2ccccc2)c1=O,6.0419
50491841,COCCn1c2CCCCCCc2cc(C(=O)NCc2ccccc2)c1=O,5.7523
50491842,CCCCn1c2CCCCCCc2cc(C(=O)NCc2ccccc2)c1=O,6.0506
50491843,CCCCn1c(CC)c(C)cc(C(=O)NCc2ccccc2)c1=O,6.4921
50491845,CCCCn1c2CCCCc2cc(C(=O)NCc2ccccc2)c1=O,6.1273
50493599,Clc1ccc(cc1)-n1c(nc2c(ncnc12)N1CCC(CC1)NC(=O)Oc1ccccc1)-c1ccccc1Cl,8.585
50494372,CCCCCCC(C)(C)C1=CC(=O)C2=C(OC(C)(C)c3cn(C)nc23)C1=O,4.8483
50494373,CCCCCCC(C)(C)C1=CC(=O)C2=C(OC(C)(C)c3c[nH]nc23)C1=O,6.4895
50494374,CCCCCCC(C)(C)C1=CC(=O)C2=C(OC(C)(C)c3cn(CC)nc23)C1=O,5.0696
50495625,O=C(NC1CCCCCC1)c1cccn(Cc2ccccc2)c1=O,7.2518
50495626,Fc1ccc(Cn2cc(cc(C(=O)NC3CCCCCC3)c2=O)-c2ccccc2)cc1,7.4559
50495627,CC1CCC(CC1)NC(=O)c1cccn(Cc2ccccc2)c1=O,6.4134
50495628,Fc1ccc(Cn2cc(Br)cc(C(=O)NC3CCCCCC3)c2=O)cc1,8.0555
50495630,CCOC(=O)\C=C\c1cc(C(=O)NC2CCCCCC2)c(=O)n(Cc2ccc(F)cc2)c1,7.6021
50495631,Fc1ccc(Cn2cc(\C=C\c3ccccc3)cc(C(=O)NC3CCCCCC3)c2=O)cc1,7.6198
50495632,Fc1ccc(Cn2cc(cc(C(=O)NC3CCCCCC3)c2=O)-c2ccc(F)cc2)cc1,7.6198
50495633,COc1ccc(cc1)-c1cc(C(=O)NC2CCCCCC2)c(=O)n(Cc2ccc(F)cc2)c1,7.2007
50495634,CCCCn1cc(Br)cc(C(=O)NC2CCCCCC2)c1=O,7.6383
50495636,CC1CCC(CC1)NC(=O)c1cccn(Cc2ccc(F)cc2)c1=O,7.1549
50495638,Ic1ccc(Cn2cccc(C(=O)NC3CCCCCC3)c2=O)cc1,5.8962
50495639,Clc1ccc(Cn2cccc(C(=O)NC3CCCCCC3)c2=O)cc1,7.2596
50495641,CC1CCC(CC1)NC(=O)c1cccnc1OCc1ccccc1,5.5096
50495643,CCCCn1cccc(C(=O)NC2CCC(C)CC2)c1=O,5.7897
50495645,O=C(NC1CCCCCC1)c1cccnc1OCc1ccccc1,5.7167
50495646,CC1CCC(CC1)NC(=O)c1cccnc1OCc1ccc(F)cc1,6.0535
50495647,Fc1ccc(cc1)-c1cc(C(=O)NC2CCCCCC2)c(=O)n(CCN2CCOCC2)c1,5.5632
50495648,Brc1cc(C(=O)NC2CCCCCC2)c(=O)n(CCN2CCOCC2)c1,6.6144
50495649,Ic1cccc(Cn2cccc(C(=O)NC3CCCCCC3)c2=O)c1,5.7375
50495678,OCCCCCCCCCCCCCCCN[C@H](CO)Cc1ccc(O)cc1,6.2757
50495679,CCCCC\C=C/C\C=C/CCCCCCCC(=O)N[C@H](CO)Cc1ccc(O)cc1,6.0915
50496548,CCOc1ccc(Cc2nc3cc(ccc3n2CCC(C)C)C(=O)N(C)CC)cc1,5.4989
50506746,CCCCc1sc(NC(=O)C23CC4CC(CC(C4)C2)C3)c(C(=O)OC)c1C,7.2291
50506750,CCc1c(C)sc(NC(=O)C23CC4CC(CC(C4)C2)C3)c1C(=O)OC,6.7328
50506752,CCCc1c(C)sc(NC(=O)C23CC4CC(CC(C4)C2)C3)c1C(=O)OC,5.9586
50506762,CCCCCc1sc(NC(=O)C23CC4CC(CC(C4)C2)C3)c(C(=O)OC)c1-c1ccccc1,6.2848
50506764,CCCc1cc(C(=O)OC)c(NC(=O)C23CC4CC(CC(C4)C2)C3)s1,5.8732
50506767,CCc1sc(NC(=O)C23CC4CC(CC(C4)C2)C3)c(C(=O)OC)c1C,5.6737
50510007,"CCCCCCCN1C(=O)C2C(C3c4ccccc4C2c2ccccc32)C1=O, CCCCCCCN1C(=O)C2C(C3c4ccccc4C2c2ccccc32)C1=O",5.2265
50511104,"CCCCc1cc(O)c2[C@@H]3C=C(C)CC[C@H]3C(C)(C)Oc2c1, CCCCc1cc(O)c2[C@@H]3C=C(C)CC[C@H]3C(C)(C)Oc2c1",7.6884
50511105,"CCCc1cc(O)c2[C@@H]3C=C(C)CC[C@H]3C(C)(C)Oc2c1, CCCc1cc(O)c2[C@@H]3C=C(C)CC[C@H]3C(C)(C)Oc2c1, CCCc1cc(O)c2[C@@H]3C=C(C)CC[C@H]3C(C)(C)Oc2c1, CCCc1cc(O)c2[C@@H]3C=C(C)CC[C@H]3C(C)(C)Oc2c1",7.4587
50515385,"CCCCCn1cc(C(=O)N[C@@H](C(C)C)C(N)=O)c2cccnc12, CCCCCn1cc(C(=O)N[C@@H](C(C)C)C(N)=O)c2cccnc12",7.3054
50515386,"CCCCCn1cc(C(=O)N[C@H](C(N)=O)C(C)(C)C)c2cccnc12, CCCCCn1cc(C(=O)N[C@H](C(N)=O)C(C)(C)C)c2cccnc12",8.4034
50516235,FC(F)Oc1ccc(NC(=O)NC2CCN(CC2)c2ncnc3n(c(nc23)-c2ccccc2Cl)-c2ccc(Cl)cc2)cn1,7.6576
50516236,Fc1ccc(NC(=O)NC2CCN(CC2)c2ncnc3n(c(nc23)-c2ccccc2Cl)-c2ccc(Cl)cc2)c(F)c1,7.8539
50516237,Clc1ccc(cc1)-n1c(nc2c(ncnc12)N1CCC(CC1)NC(=O)NC1CCCCC1)-c1ccccc1Cl,8.8539
50516238,CCCN(CC(F)(F)F)C(=O)NC1CCN(CC1)c1ncnc2n(c(nc12)-c1ccccc1Cl)-c1ccc(Cl)cc1,8.9586
50516239,Clc1ccc(cc1)-n1c(nc2c(ncnc12)N1CCC(CC1)NC(=O)Nc1ccccc1)-c1ccccc1Cl,8.1549
50516240,CC1(CCN(CC1)c1ncnc2n(c(nc12)-c1ccccc1Cl)-c1ccc(Cl)cc1)NC(=O)NCc1ccccc1F,7.8239
50516241,Fc1ccccc1S(=O)(=O)NC(=O)NC1CCN(CC1)c1ncnc2n(c(nc12)-c1ccccc1Cl)-c1ccc(Cl)cc1,6.4202
50516242,CC1(CCN(CC1)c1ncnc2n(c(nc12)-c1ccccc1Cl)-c1ccc(Cl)cc1)NC(=O)Nc1ccccc1F,8.3979
50516243,FC1(F)CCC(CC1)NC(=O)NC1CCN(CC1)c1ncnc2n(c(nc12)-c1ccccc1Cl)-c1ccc(Cl)cc1,7.7447
50516244,CC1(CCN(CC1)c1ncnc2n(c(nc12)-c1ccccc1Cl)-c1ccc(Cl)cc1)NC(=O)NC1CCCCC1,7.8861
50516245,CC1(CCN(CC1)c1ncnc2n(c(nc12)-c1ccccc1Cl)-c1ccc(Cl)cc1)NC(=O)NC1CCC(F)(F)CC1,7.7696
50516246,CC1(CCN(CC1)c1ncnc2n(c(nc12)-c1ccccc1Cl)-c1ccc(Cl)cc1)NC(=O)Nc1ccc(F)cc1F,8.2218
50516247,CC1(CCN(CC1)c1ncnc2n(c(nc12)-c1ccccc1Cl)-c1ccc(Cl)cc1)NC(=O)Nc1ccc(OC(F)F)nc1,7.0915
50516248,CC1(CCN(CC1)c1ncnc2n(c(nc12)-c1ccccc1Cl)-c1ccc(Cl)cc1)NC(=O)NS(=O)(=O)c1ccccc1F,6.9208
50516249,CCCN(C)C(=O)NC1CCN(CC1)c1ncnc2n(c(nc12)-c1ccccc1Cl)-c1ccc(Cl)cc1,9.0458
50516250,Clc1ccc(cc1)-n1c(nc2c(ncnc12)N1CCC(CC1)NC(=O)N1CCCCC1)-c1ccccc1Cl,8.9208
50516251,Clc1ccc(cc1)-n1c(nc2c(ncnc12)N1CCC(CC1)NC(=O)NC1CCCC1)-c1ccccc1Cl,8.5229
50516252,FC(F)(F)C1(CCCC1)NC(=O)NC1CCN(CC1)c1ncnc2n(c(nc12)-c1ccccc1Cl)-c1ccc(Cl)cc1,8.2007
50516253,CC1(CCC(F)(F)CC1)NC(=O)NC1CCN(CC1)c1ncnc2n(c(nc12)-c1ccccc1Cl)-c1ccc(Cl)cc1,8.301
50516254,Clc1ccc(cc1)-n1c(nc2c(ncnc12)N1CCC(CC1)NC(=O)NCC1CCCC1)-c1ccccc1Cl,7.7212
50516255,FC1(F)CCC(CNC(=O)NC2CCN(CC2)c2ncnc3n(c(nc23)-c2ccccc2Cl)-c2ccc(Cl)cc2)CC1,7.585
50516256,Fc1ccc(CNC(=O)NC2CCN(CC2)c2ncnc3n(c(nc23)-c2ccccc2Cl)-c2ccc(Cl)cc2)cc1,8.5229
50516257,Fc1ccccc1NC(=O)NC1CCN(CC1)c1ncnc2n(c(nc12)-c1ccccc1Cl)-c1ccc(Cl)cc1,8.3979
50516258,Fc1ccc(NC(=O)NC2CCN(CC2)c2ncnc3n(c(nc23)-c2ccccc2Cl)-c2ccc(Cl)cc2)cc1,7.6576
50516259,FC(F)(F)c1ccc(NC(=O)NC2CCN(CC2)c2ncnc3n(c(nc23)-c2ccccc2Cl)-c2ccc(Cl)cc2)cn1,7.2924
50516260,Fc1ccccc1CNC(=O)NC1CCN(CC1)c1ncnc2n(c(nc12)-c1ccccc1Cl)-c1ccc(Cl)cc1,8.6198
50516261,CC(C)CN(C)C(=O)NC1CCN(CC1)c1ncnc2n(c(nc12)-c1ccccc1Cl)-c1ccc(Cl)cc1,9.0969
50516262,Clc1ccc(cc1)-n1c(nc2c(ncnc12)N1CCC(CC1)NC(=O)NCC1CCCCC1)-c1ccccc1Cl,9.0458
50516263,FC(F)(F)c1ccc(cn1)-n1c(nc2c(ncnc12)N1CCC(CC1)NC(=O)NCC1CCCCC1)-c1ccccc1Cl,6.1367
50516264,COCCN(C)C(=O)NC1CCN(CC1)c1ncnc2n(c(nc12)-c1ccccc1Cl)-c1ccc(Cl)cc1,9.585
50516265,CC1(CCN(CC1)c1ncnc2n(c(nc12)-c1ccccc1Cl)-c1ccc(Cl)cc1)NS(=O)(=O)NC1CCCCC1,8.0458
50516288,"COc1ccc(cc1)-c1oc2ccccc2c1C(=O)c1ccc(cc1)N(C)Cc1ccc(F)cc1, COc1ccc(cc1)-c1oc2ccccc2c1C(=O)c1ccc(cc1)N(C)Cc1ccc(F)cc1",7.398
50516289,"COc1ccc(cc1)-c1oc2ccccc2c1C(=O)c1ccc(OCCCN(C)Cc2ccccc2)cc1, COc1ccc(cc1)-c1oc2ccccc2c1C(=O)c1ccc(OCCCN(C)Cc2ccccc2)cc1",5.9936
50516290,"COc1ccc(cc1)-c1oc2ccccc2c1C(=O)c1ccc(NCc2ccc(F)cc2)cc1, COc1ccc(cc1)-c1oc2ccccc2c1C(=O)c1ccc(NCc2ccc(F)cc2)cc1",5.8007
50516291,"CCCCCNc1ccc(cc1)C(=O)c1c(oc2ccccc12)-c1ccc(OC)cc1, CCCCCNc1ccc(cc1)C(=O)c1c(oc2ccccc12)-c1ccc(OC)cc1",6.8099
50516292,"COc1ccc(cc1)-c1oc2ccccc2c1C(=O)c1ccc(OCCN(C)Cc2ccccc2)cc1, COc1ccc(cc1)-c1oc2ccccc2c1C(=O)c1ccc(OCCN(C)Cc2ccccc2)cc1",6.0924
50516293,"COc1ccc(cc1)-c1oc2ccccc2c1C(=O)c1ccc(OCCCCN(C)Cc2ccccc2)cc1, COc1ccc(cc1)-c1oc2ccccc2c1C(=O)c1ccc(OCCCCN(C)Cc2ccccc2)cc1",5.7595
50516294,"COc1ccc(cc1)-c1oc2ccccc2c1C(=O)c1ccc(OCCCCCN(C)Cc2ccccc2)cc1, COc1ccc(cc1)-c1oc2ccccc2c1C(=O)c1ccc(OCCCCCN(C)Cc2ccccc2)cc1",5.4486
50516298,"COc1ccc(cc1)-c1oc2ccccc2c1C(=O)c1ccc(NCC2CC2)cc1, COc1ccc(cc1)-c1oc2ccccc2c1C(=O)c1ccc(NCC2CC2)cc1",6.0526
50516299,"CCCCCCCNc1ccc(cc1)C(=O)c1c(oc2ccccc12)-c1ccc(OC)cc1, CCCCCCCNc1ccc(cc1)C(=O)c1c(oc2ccccc12)-c1ccc(OC)cc1",5.5068
50516303,"COc1ccc(cc1)-c1oc2ccccc2c1C(=O)c1ccc(NCc2ccc(cc2)C#N)cc1, COc1ccc(cc1)-c1oc2ccccc2c1C(=O)c1ccc(NCc2ccc(cc2)C#N)cc1",5.3125
50516775,Clc1ccccc1CNC(=O)c1nc2ccccc2s1,5.965
50516776,CCCCCn1c2ccccc2s\c1=N\C(=O)C12CC3CC(CC(C3)C1)C2,10
50516780,O=C(Nc1nc2ccccc2s1)c1cccc2ccccc12,5.8901
50516782,CCCCCn1c2ccccc2s\c1=N/C(=O)c1cccc(c1)C(F)(F)F,9
50516783,Cc1nc(sc1C(=O)NC1CCCc2ccccc12)-c1ccccc1,5.6383
50516784,O=C(NCC1CCCCC1)c1nc2ccccc2s1,5.8781
50516787,O=C(NC12CC3CC(CC(C3)C1)C2)c1nc2ccccc2s1,7.0862
50516788,O=C(Nc1nc2ccccc2s1)C12CC3CC(CC(C3)C1)C2,6.5654
50516789,CCCCCn1c2ccccc2s\c1=N/C(=O)c1cccc2ccccc12,9.9586
50516790,Cc1nc(C)c(s1)C(=O)NC12CC3CC(CC(C3)C1)C2,5.8153
50516791,Cc1nc(sc1C(=O)N1CCOCC1)-c1ccccc1,5.5436
50516793,Cc1nc(sc1C(=O)NC12CC3CC(CC(C3)C1)C2)-c1ccccc1,6.3468
50516797,CCCCCn1c2ccccc2s\c1=N/C(=O)c1ccc(cc1)C(F)(F)F,7.6021
50516798,Cc1nc(sc1C(=O)NC12CC3CC(CC(C3)C1)C2)C(C)(C)C,6.4034
50516803,O=C(NC1CCCc2ccccc12)c1nc2ccccc2s1,6.5406
50517072,"[O-][N+](=O)CC(c1c([nH]c2ccccc12)-c1ccccc1)c1ccccc1, [O-][N+](=O)CC(c1c([nH]c2ccccc12)-c1ccccc1)c1ccccc1, [O-][N+](=O)CC(c1c([nH]c2ccccc12)-c1ccccc1)c1ccccc1",6.8918
50517221,CC(=O)OCCC#Cc1ccc(cc1)-c1c(C)c(nn1-c1ccc(Cl)cc1Cl)C(=O)NN1CCCCC1,7.9586
50517223,COC(=O)CCCCCNC(=O)c1nn(c(c1C)-c1ccc(Cl)cc1)-c1ccc(Cl)cc1Cl,7.8861
50517224,COC(=O)c1ccc(cc1)-c1ccc(cc1)-c1c(C)c(nn1-c1ccc(Cl)cc1Cl)C(=O)NN1CCCCC1,6.8827
50517225,Cc1c(nn(c1-c1ccc(cc1)C#CCCOC(=O)CCCCCNC(=O)OC(C)(C)C)-c1ccc(Cl)cc1Cl)C(=O)NN1CCCCC1,6.9747
50517226,Cc1c(nn(c1-c1ccc(cc1)C#CCCOC(=O)CCCCC(=O)OC(C)(C)C)-c1ccc(Cl)cc1Cl)C(=O)NN1CCCCC1,7.3468
50517227,OC(=O)C(F)(F)F.Cc1c(nn(c1-c1ccc(cc1)C#CCCOC(=O)CCCCCCCCCCN)-c1ccc(Cl)cc1Cl)C(=O)NN1CCCCC1,7.0132
50517228,Cc1c(nn(c1-c1ccc(cc1)C#CCCOC(=O)CCCCCCCCCCNC(=S)c1ccc2c(c1)C(=O)OC21c2ccc(O)cc2Oc2cc(O)ccc12)-c1ccc(Cl)cc1Cl)C(=O)NN1CCCCC1,5.6757
50517231,OC(=O)C(F)(F)F.Cc1c(nn(c1-c1ccc(cc1)C#CCCOC(=O)CCCCCN)-c1ccc(Cl)cc1Cl)C(=O)NN1CCCCC1,5.7423
50517233,CCOC(=O)c1ccc(CNC(=O)c2nn(c(c2C)-c2ccc(Cl)cc2)-c2ccc(Cl)cc2Cl)cc1,8.0862
50517234,Cc1c(nn(c1-c1ccc(cc1)C#CCCO)-c1ccc(Cl)cc1Cl)C(=O)NN1CCCCC1,6.7447
50517235,Cc1c(nn(c1-c1ccc(cc1)C#CCCOC(=O)CCCCCNC(=S)c1ccc2c(c1)C(=O)OC21c2ccc(O)cc2Oc2cc(O)ccc12)-c1ccc(Cl)cc1Cl)C(=O)NN1CCCCC1,6.585
50519776,"[O-][N+](=O)CC(c1c([nH]c2cc(F)ccc12)-c1cccc(F)c1)c1ccccc1F, [O-][N+](=O)CC(c1c([nH]c2cc(F)ccc12)-c1cccc(F)c1)c1ccccc1F",7.6872
50519778,"[O-][N+](=O)CC(c1c([nH]c2c(F)cccc12)-c1cccc(F)c1)c1ccccc1F, [O-][N+](=O)CC(c1c([nH]c2c(F)cccc12)-c1cccc(F)c1)c1ccccc1F",7.6555
50519795,"[O-][N+](=O)CC(c1c([nH]c2ccccc12)-c1ccccc1)c1ncccc1F, [O-][N+](=O)CC(c1c([nH]c2ccccc12)-c1ccccc1)c1ncccc1F",6.2985
50521890,CCCCC(=O)NC1CCN(CC1)c1ncnc2n(c(nc12)-c1ccccc1Cl)-c1ccc(nc1)C(F)(F)F,8.5229
50521891,CN(Cc1ccccc1)C1CCN(CC1)c1ncnc2n(c(nc12)-c1ccccc1Cl)-c1ccc(Cl)cc1,7.3768
50521892,Fc1ccc(cc1F)S(=O)(=O)NC1CCN(CC1)c1ncnc2n(c(nc12)-c1ccccc1Cl)-c1ccc(Cl)cc1,8.7696
50521893,CCCCCS(=O)(=O)NC1CCN(CC1)c1ncnc2n(c(nc12)-c1ccccc1Cl)-c1ccc(Cl)cc1,8.0458
50521894,COCCOC(=O)NC1CCN(CC1)c1ncnc2n(c(nc12)-c1ccccc1Cl)-c1ccc(Cl)cc1,7.7696
50521895,FC(F)Oc1ccc(cn1)-n1c(nc2c(ncnc12)N1CCC(CC1)NS(=O)(=O)c1ccc(F)c(F)c1)-c1ccccc1Cl,8.5229
50521896,Fc1ccc(c(F)c1)S(=O)(=O)NC1CCN(CC1)c1ncnc2n(c(nc12)-c1ccccc1Cl)-c1ccc(Cl)cc1,8.699
50521897,Fc1ccccc1C(=O)NC1CCN(CC1)c1ncnc2n(c(nc12)-c1ccccc1Cl)-c1ccc(Cl)cc1,9.0088
50521898,Fc1ccc(C(=O)NC2CCN(CC2)c2ncnc3n(c(nc23)-c2ccccc2Cl)-c2ccc(Cl)cc2)c(F)c1,8.699
50521899,CC(C(=O)NC1CCN(CC1)c1ncnc2n(c(nc12)-c1ccccc1Cl)-c1ccc(Cl)cc1)c1ccccc1,8.5229
50521900,Clc1ccc(cc1)-n1c(nc2c(ncnc12)N1CCC(CC1)NC(=O)OC1CCC1)-c1ccccc1Cl,9.2218
50521901,Clc1ccc(cc1)-n1c(nc2c(ncnc12)N1CCC(CC1)NC(=O)OCc1ccccc1)-c1ccccc1Cl,8.3979
50521902,Clc1ccc(cc1)-n1c(nc2c(ncnc12)N1CCC(CC1)NS(=O)(=O)CC1CCCCC1)-c1ccccc1Cl,8.0458
50521903,Clc1ccc(cc1)-n1c(nc2c(ncnc12)N1CCC(CC1)NS(=O)(=O)NC1CCCCC1)-c1ccccc1Cl,8.301
50521904,Fc1ccccc1S(=O)(=O)NC1CCN(CC1)c1ncnc2n(c(nc12)-c1ccccc1Cl)-c1ccc(nc1)C(F)(F)F,8.3979
50521905,FC(F)Oc1ccc(cn1)-n1c(nc2c(ncnc12)N1CCC(CC1)NS(=O)(=O)c1ccccc1F)-c1ccccc1Cl,8.7959
50521906,Fc1ccc(cc1)S(=O)(=O)NC1CCN(CC1)c1ncnc2n(c(nc12)-c1ccccc1Cl)-c1ccc(Cl)cc1,8.4815
50521907,Fc1ccc(cc1F)S(=O)(=O)NC1CCN(CC1)c1ncnc2n(c(nc12)-c1ccccc1Cl)-c1ccc(nc1)C(F)(F)F,8
50521908,Clc1ccc(cc1)-n1c(nc2c(ncnc12)N1CCC(CC1)Nc1ccccc1)-c1ccccc1Cl,8.2218
50521909,Clc1ccc(cc1)-n1c(nc2c(ncnc12)N1CCC(CC1)Nc1ccccn1)-c1ccccc1Cl,8.6198
50521910,O\N=C(\C1CCN(CC1)c1ncnc2n(c(nc12)-c1ccccc1Cl)-c1ccc(Cl)cc1)c1ccc(F)cc1,8.301
50521911,Fc1ccc(cc1)C(=N)NC1CCN(CC1)c1ncnc2n(c(nc12)-c1ccccc1Cl)-c1ccc(Cl)cc1,6.1079
50521912,CC(C)(C)OCCC(=O)NC1CCN(CC1)c1ncnc2n(c(nc12)-c1ccccc1Cl)-c1ccc(Cl)cc1,8.2218
50521913,Clc1ccc(cc1)-n1c(nc2c(ncnc12)N1CCC(CC1)NC(=O)C1CCSCC1)-c1ccccc1Cl,8.5229
50521914,FC(F)(F)c1ccc(cn1)-n1c(nc2c(ncnc12)N1CCC(CC1)NC(=O)c1ccccc1)-c1ccccc1Cl,8.0969
50521915,Fc1ccc(cc1F)C(=O)NC1CCN(CC1)c1ncnc2n(c(nc12)-c1ccccc1Cl)-c1ccc(Cl)cc1,8.5229
50521916,FC(F)(F)CCS(=O)(=O)NC1CCN(CC1)c1ncnc2n(c(nc12)-c1ccccc1Cl)-c1ccc(Cl)cc1,8.3979
50521917,Fc1ccccc1S(=O)(=O)NC1CCN(CC1)c1ncnc2n(c(nc12)-c1ccccc1Cl)-c1ccc(Cl)cc1,9.4202
50521918,Cc1cc(no1)-n1c(nc2c(ncnc12)N1CCC(CC1)NS(=O)(=O)c1ccc(F)c(F)c1)-c1ccccc1Cl,6.3768
50521919,Clc1ccc(cc1)-n1c(nc2c(ncnc12)N1CCC(CC1)c1nc2ccccc2[nH]1)-c1ccccc1Cl,7.3279
50521920,CC(C)(C)CC(=O)NC1CCN(CC1)c1ncnc2n(c(nc12)-c1ccccc1Cl)-c1ccc(Cl)cc1,9.699
50521921,Fc1ccc(cc1)C(=O)NC1CCN(CC1)c1ncnc2n(c(nc12)-c1ccccc1Cl)-c1ccc(Cl)cc1,8.699
50521922,Fc1ccc(cc1)-n1c(nc2c(ncnc12)N1CCC(CC1)NS(=O)(=O)c1ccccc1F)-c1ccccc1Cl,8.585
50532210,CCCCCc1cc2OC(C)(C)[C@@H]3CCC(C)=C[C@H]3c2c(O)c1C(O)=O,7.6198
50532211,C\C=C/C=C\CC\C=C\C=C\C(=O)NCC(C)C,5.2069
50532215,CCCc1cc(O)c([C@@H]2C=C(C)CC[C@H]2C(C)=C)c(O)c1,4.8324
50532438,CCCCCCC(C)(C)c1cc(O)c2-c3c(cnn3CCO)C(C)(C)Oc2c1,7.7212
50532440,CCCCCCC(C)(C)c1cc(O)c2-c3oncc3C(C)(C)Oc2c1,7.8239
50532441,CCCCCCC(C)(C)c1cc(OC)c2-c3c(cnn3-c3ccc(Cl)c(Cl)c3)C(C)(C)Oc2c1,5.6338
50532443,CCCCCCC(C)(C)c1cc(OCCCO)c2-c3[nH]ncc3C(C)(C)Oc2c1,6.3468
50532444,CCCCCCC(C)(C)c1cc(OCCCBr)c2-c3nn(C)cc3C(C)(C)Oc2c1,5.8292
50532445,CCCCCCC(C)(C)c1cc(OC)c2-c3c(cnn3-c3ccc(Cl)cc3Cl)C(C)(C)Oc2c1,5.7713
50532446,CCCCCCC(C)(C)c1cc(OCCCBr)c2-c3nn(CC)cc3C(C)(C)Oc2c1,6.1824
50532447,CCCCCCC(C)(C)c1cc(O)c2-c3c(cnn3-c3ccc(Cl)c(Cl)c3)C(C)(C)Oc2c1,6.289
50532448,CCCCCCC(C)(C)c1cc(OCCO)c2-c3nn(C)cc3C(C)(C)Oc2c1,5.9642
50532449,CCCCCCC(C)(C)c1cc(O)c2-c3nn(CO)cc3C(C)(C)Oc2c1,6.6615
50532451,CCCCCCC(C)(C)c1cc(OC)c2-c3nn(C)cc3C(C)(C)Oc2c1,5.381
50532454,CCCCCCC(C)(C)c1cc(OCCCO)c2-c3oncc3C(C)(C)Oc2c1,6.4776
50532455,CCCCCCC(C)(C)c1cc(OCCO)c2-c3[nH]ncc3C(C)(C)Oc2c1,7.1871
50532456,CCCCCCC(C)(C)c1cc(O)c2-c3nn(CCO)cc3C(C)(C)Oc2c1,7.2676
50532458,CCCCCCC(C)(C)c1cc(OC)c2-c3[nH]ncc3C(C)(C)Oc2c1,6.5654
50532459,CCCCCCC(C)(C)c1cc(O)c2-c3c(cnn3-c3cccc(OC)c3)C(C)(C)Oc2c1,5.1911
50532460,CCCCCCC(C)(C)c1cc(O)c2-c3c(cnn3CC)C(C)(C)Oc2c1,8.3468
50532461,CCCCCCC(C)(C)c1cc(O)c2-c3[nH]ncc3C(C)(C)Oc2c1,7.5376
50532462,CCCCCCC(C)(C)c1cc(OCc2ccccc2)c2-c3nn(CC)cc3C(C)(C)Oc2c1,6.1733
50532464,CCCCCCC(C)(C)c1cc(OCCCO)c2-c3c(cnn3CC)C(C)(C)Oc2c1,5.7924
50532466,CCCCCCC(C)(C)c1cc(OCCO)c2-c3nn(CC)cc3C(C)(C)Oc2c1,5.1863
50532467,CCCCCCC(C)(C)c1cc(O)c2-c3nn(C)cc3C(C)(C)Oc2c1,7.8539
50532469,CCCCCCC(C)(C)c1cc(OC)c2-c3c(cnn3CC)C(C)(C)Oc2c1,5.2976
50532470,CCCCCCC(C)(C)c1cc(OCc2ccccc2)c2-c3nn(C)cc3C(C)(C)Oc2c1,6.1537
50532471,CCCCCCC(C)(C)c1cc(OCc2ccccc2)c2-c3c(cnn3CC)C(C)(C)Oc2c1,6.2118
50532473,CCCCCCC(C)(C)c1cc(OCCBr)c2-c3nn(CC)cc3C(C)(C)Oc2c1,5.8758
50532474,CCCCCCC(C)(C)c1cc(OCc2ccccc2)c2-c3[nH]ncc3C(C)(C)Oc2c1,7.6576
50532475,CCCCCCC(C)(C)c1cc(OC)c2-c3nn(CC)cc3C(C)(C)Oc2c1,5.5331
50532476,CCCCCCC(C)(C)c1cc(O)c2-c3c(cnn3-c3ccc(Cl)cc3Cl)C(C)(C)Oc2c1,8.284
50532477,CCCCCCC(C)(C)c1cc(O)c2-c3c(cnn3C3CCCCC3)C(C)(C)Oc2c1,5.9431
50532479,CCCCCCC(C)(C)c1cc(O)c2-c3nn(CC)cc3C(C)(C)Oc2c1,7.7212
50532885,CCCCCCCCCCCC(C[C@@H]1OC(=O)[C@H]1CCCCCC)OC(=O)[C@@H](NC=O)C(C)CC,5.2218
50534083,Cc1ccc(cc1)-c1cc2ncccc2c2cc(nn12)C(=O)N[C@H]1C2(C)CCC(C2)C1(C)C,5.6576
50534085,Cc1ccc(cc1)-c1cc2ncccc2c2cc(nn12)C(=O)NC12CC3CC(CC(C3)C1)C2,5.2441
50534087,CC(C)[C@@H]1CC[C@@H](C)C[C@H]1NC(=O)c1cc2c3cccnc3cc(-c3ccc(C)cc3)n2n1,5.4815
50534088,Cc1ccc(cc1)-c1cc2ncccc2c2cc(nn12)C(=O)N[C@H]1CC2CCC1(C)C2(C)C,5.1549
50534456,CCOC(=O)CCCCn1cc(C(=O)c2cccc3ccccc23)c2ccccc12,5.833
50534457,CCCc1ccc(C(=O)c2cn(CCCCCF)c3cccc(F)c23)c2ccccc12,8.585
50534458,CCCCCn1cc(C(=O)c2ccc(C(N)=O)c3ccccc23)c2ccccc12,7.0132
50534460,COc1ccccc1\C=C1/C=C(CCN2CCOCC2)c2ccccc12,6.8268
50534461,C(CC1=C\C(=C/c2ccnc3ccccc23)c2ccccc12)N1CCOCC1,7.6383
50534462,CCCCCC1=C\C(=C/c2cccc3ccccc23)c2ccccc12,7.7696
50534463,C(CC1=C\C(=C/c2ccc3CCc4cccc2c34)c2ccccc12)N1CCOCC1,7.7959
50534464,CCc1ccc(\C=C2/C=C(CCN3CCOCC3)c3ccccc23)c2ccccc12,9.066
50534466,CCCCCn1cc(C(=O)c2ccc(C(=O)NC)c3ccccc23)c2ccccc12,6.8962
50534467,CCCCCn1cc(C(=O)c2ccc(C(=O)CC)c3ccccc23)c2ccccc12,8.2441
50534468,Fc1ccccc1\C=C1/C=C(CCN2CCOCC2)c2ccccc12,6
50534469,C(CC1=C\C(=C/c2cccc(c2)-c2ccccc2)c2ccccc12)N1CCOCC1,5.5845
50534470,Brc1ccccc1\C=C1/C=C(CCN2CCOCC2)c2ccccc12,6.1891
50534471,Cc1ccccc1\C=C1/C=C(CCN2CCOCC2)c2ccccc12,6.2055
50534472,C(CC1=C\C(=C/c2cccs2)c2ccccc12)N1CCOCC1,5.0692
50534474,C(CC1=C\C(=C/c2ccc3ccccc3c2)c2ccccc12)N1CCOCC1,6.8729
50534475,C(CC1=C\C(=C/c2cccc3ccc4ccccc4c23)c2ccccc12)N1CCOCC1,7.6383
50534476,CCCc1ccc(\C=C2/C=C(CCN3CCOCC3)c3ccccc23)c2ccccc12,8.9208
50534477,[I-].C[N+]1(CCC2=C\C(=C/c3cccc4ccccc34)c3ccccc23)CCOCC1,6.0079
50534478,CCCCCCC1=C\C(=C/c2cccc3ccccc23)c2ccccc12,6.3605
50534479,CCCCCCC1=C\C(=C/c2ccccc2)c2ccccc12,5.3552
50534480,CCCCCn1cc(C(=O)c2cccc3ccccc23)c2cc(F)ccc12,8.0044
50534481,CCCCCn1cc(C(=O)c2cccc3ccccc23)c2cccc(F)c12,8.4437
50534482,CCCCCn1cc(C(=O)c2ccc(C(=O)OC)c3ccccc23)c2ccccc12,7.699
50534483,CCCCCn1cc(C(=O)c2ccc(C(=O)OCC)c3ccccc23)c2ccccc12,6.9393
50534484,CCOC(=O)CCCn1cc(C(=O)c2cccc3ccccc23)c2ccccc12,6.1267
50534485,CCCCCn1cc(C(=O)c2cccc3ccccc23)c2ccc(F)cc12,8.6198
50534486,Fc1cccc2n(CCN3CCOCC3)cc(C(=O)c3cccc4ccccc34)c12,6.6253
50534487,COC(=O)c1ccc(C(=O)c2cn(CCN3CCOCC3)c3ccccc23)c2ccccc12,7.284
50534488,[I-].COc1ccc(C(=O)c2cn(CC[N+]3(C)CCOCC3)c3ccccc23)c2ccccc12,5.389
50534489,Ic1ccccc1\C=C1/C=C(CCN2CCOCC2)c2ccccc12,6.2168
50534490,Clc1ccccc1\C=C1/C=C(CCN2CCOCC2)c2ccccc12,6.0645
50534491,C(CC1=C\C(=C/c2cccc3cc[nH]c23)c2ccccc12)N1CCOCC1,6.9706
50534492,C(CC1=C\C(=C/c2cccc3cnccc23)c2ccccc12)N1CCOCC1,6.3429
50534493,[I-].CC1=C(CC[N+]2(C)CCOCC2)c2ccccc2\C1=C\c1cccc2ccccc12,5.7921
50534494,C(CC1=C\C(=C/c2ccccc2-c2ccccc2)c2ccccc12)N1CCOCC1,7.0809
50534496,[I-].Cc1ccc(C(=O)c2cn(CC[N+]3(C)CCOCC3)c3ccccc23)c2ccccc12,5.3794
50534497,CCCCCn1cc(C(=O)c2cccc3ccccc23)c2c(F)cccc12,8.1871
50534498,FCCCCCn1cc(C(=O)c2cccc3ccccc23)c2c(F)cccc12,8.3565
50536903,CCCCCCn1c2ccc(cc2sc1=O)C(=O)C12CC3CC(CC(C3)C1)C2,6.0443
50536904,CCCCn1c2ccc(cc2sc1=O)C(=O)C12CC3CC(CC(C3)C1)C2,6.1079
50536913,CCCCCn1c2ccc(cc2sc1=O)C(=O)C12CC3CC(CC(C3)C1)C2,6.2027
50536919,CCS(=O)(=O)Nc1ccc2n(CC3CCC(F)(F)CC3)c(nc2c1)C(C)(C)C,7.9208
50536921,CCCCCn1c2ccc(CC34CC5CC(CC(C5)C3)C4)cc2sc1=O,6.2269
50537515,FC(F)(F)c1ccc(cc1)C#Cc1ccc(s1)-c1c(CNS(=O)(=O)N2CCCC2)c(cn1-c1ccc(Cl)cc1Cl)C(=O)NN1CCCCC1,9.5229
50541721,Cn1cc2n(CCCCF)c(=O)c(C(=O)NC34CC5CC(CC(C5)C3)C4)c(O)c2n1,6.2741
50541723,CCCCCn1c2cn(C)nc2c(O)c(C(=O)NC23CC4CC(CC(C4)C2)C3)c1=O,7.4685
50541725,CCCCN1C2C=NN(C)C2C(O)=C(C(=O)NC23CC4CC(CC(C4)C2)C3)C1=O,7.1612
50541726,CCCCN1C2C=NN(C)C2C(O)=C(C(=O)NC23CC4CC(CC(O)(C4)C2)C3)C1=O,7.0605
50541727,CN1N=CC2C1C(O)=C(C(=O)NC13CC4CC(CC(C4)C1)C3)C(=O)N2CCCCF,7.4089
50541728,CN1N=CC2C1C(O)=C(C(=O)NC13CC4CC(CC(O)(C4)C1)C3)C(=O)N2CCCCF,6.7932
50541729,CCCCCN1C2C=NN(C)C2C(O)=C(C(=O)NC23CC4CC(CC(C4)C2)C3)C1=O,7.2518
50541732,CCCCCn1c2cn(CCO)nc2c(O)c(C(=O)NC23CC4CC(CC(C4)C2)C3)c1=O,6.9666
50541733,CCCCCn1c2cn(CCO)nc2c(O)c(C(=O)NC23CC4CC(CC(O)(C4)C2)C3)c1=O,6.308
50541737,CCCCn1c2cn(C)nc2c(O)c(C(=O)NC23CC4CC(CC(C4)C2)C3)c1=O,6.6364
50543734,CCCCCc1cc(OC)cc(OCCCCCCCC(=O)NCCO)c1,7.1192
50543735,CCCCCc1cc(OC)cc(OCCCCCCCCCCC(=O)NCCO)c1,7.0555
50543736,CCCCCCC(C)(C)c1cc(OC)cc(OCCCCCCCC(=O)NCCO)c1,7.0506
50543737,CCCCCCC(C)(C)c1cc(OC)cc(OCCCCCCCCCCC(=O)NCCO)c1,5.5007
50543738,CCCCCc1cc(OC)cc(OCCCCCCCCCCC(=O)NC2CC2)c1,8.4559
50543739,CCCCCCC(C)(C)c1cc(OC)cc(OCCCCCCCC(=O)NC2CC2)c1,8.9586
50543740,CCCCCCC(C)(C)c1cc(OC)cc(OCCCCCCCCCCC(=O)NC2CC2)c1,6.5528
50543741,CCCCCc1cc(OC)cc(OCCCCCCCCCCC(=O)NCC2CC2)c1,6.5272
50543742,CCCCCCC(C)(C)c1cc(OC)cc(OCCCCCCCCCCC(=O)NCC2CC2)c1,5.4957
50543743,CCCCCCc1ccc(OC)cc1OCCCCCCCCCCC(=O)NCC1CC1,6.1586
50543744,CCCCCCc1ccc(OCCCCCCCCCCC(=O)NCC2CC2)cc1OC,5.4881
50543745,CCCCCc1cc(OC)cc(OCCCCCCCCCCC(=O)NCC=C)c1,7.6198
50543746,CCCCCCC(C)(C)c1cc(OC)cc(OCCCCCCCC(=O)NCC=C)c1,8.1192
50543747,CCCCCc1cc(OC)cc(OCCCCCCCCCCC(=O)NCC(F)(F)F)c1,7.1192
50543748,CCCCCCC(C)(C)c1cc(OC)cc(OCCCCCCCC(=O)NCC(F)(F)F)c1,7.2676
50543749,CCCCCc1cc(OC)cc(OCCCCCCCCCCC(=O)NC(CO)CO)c1,6.4559
50543751,CCCCCc1cc(OC)cc(OCCCCCCCCCCC(=O)Nc2ccccc2)c1,6.0731
50543752,CCCCCc1cc(OCC)cc(OCCCCCCCCCCC(=O)NC2CC2)c1,7.9208
50543753,CCCCCc1cc(OCCCCCCCCCCC(=O)NC2CC2)cc(OC(C)C)c1,7.6778
50543754,CCCCCc1cc(OCCCC)cc(OCCCCCCCCCCC(=O)NC2CC2)c1,7.9586
50543755,CCCCCc1cc(OCCCCCCCCCCC(=O)NC2CC2)cc(OCC=C)c1,7.8539
50543756,CCCCCc1cccc(OCCCCCCCCCCC(=O)NC2CC2)c1,8.2291
50546336,"CCCc1cc(O)c2[C@@H]3C=C(CC[C@H]3C(C)(C)Oc2c1)C(O)=O, CCCc1cc(O)c2[C@@H]3C=C(CC[C@H]3C(C)(C)Oc2c1)C(O)=O",6.2512
50546337,"CCCc1cc(O)c2[C@@H]3C=C(CO)CC[C@H]3C(C)(C)Oc2c1, CCCc1cc(O)c2[C@@H]3C=C(CO)CC[C@H]3C(C)(C)Oc2c1",8.1202
50546338,"CCCc1cc(O)c2[C@@H]3C=C(C)[C@@H](O)C[C@H]3C(C)(C)Oc2c1, CCCc1cc(O)c2[C@@H]3C=C(C)[C@@H](O)C[C@H]3C(C)(C)Oc2c1",7.1117
50553585,O=C1C2CCN(CC2)\C1=C/c1cn(Cc2ccccc2)c2ncccc12,5.5379
50553586,Clc1ccc(Cn2cc(\C=C3/N4CCC(CC4)C3=O)c3cccnc23)cc1,6.1524
50553587,Brc1ccc(Cn2cc(\C=C3/N4CCC(CC4)C3=O)c3cccnc23)cc1,5.9559
50553588,Fc1ccc(Cn2cc(\C=C3/N4CCC(CC4)C3=O)c3cccnc23)cc1,6.6615
50556531,Cc1ccc(C(=O)NC2CCCCCC2)c(=O)n1Cc1ccc(F)cc1,7.4202
50556532,"Cc1c(Br)cc(C(=O)NC2CCCCCC2)c(=O)n1Cc1ccc(F)cc1, Cc1c(Br)cc(C(=O)NC2CCCCCC2)c(=O)n1Cc1ccc(F)cc1",8.82
50556533,Cc1c(Cl)cc(C(=O)NC2CCCCCC2)c(=O)n1Cc1ccc(F)cc1,8.4318
50556534,Cc1c(F)cc(C(=O)NC2CCCCCC2)c(=O)n1Cc1ccc(F)cc1,8.3098
50556535,Cc1c(cc(C(=O)NC2CCCCCC2)c(=O)n1Cc1ccc(F)cc1)-c1ccccc1,6.7545
50556536,COc1ccc(cc1)-c1cc(C(=O)NC2CCCCCC2)c(=O)n(Cc2ccc(F)cc2)c1C,8.0088
50556537,Cc1c(cc(C(=O)NC2CCCCCC2)c(=O)n1Cc1ccc(F)cc1)-c1ccc(F)cc1,7.3098
50556541,Cc1ccc(C(=O)NC2CCCCCC2)c(OCc2ccc(F)cc2)n1,7.7696
50556542,Cc1nc(OCc2ccc(F)cc2)c(cc1Br)C(=O)NC1CCCCCC1,7.1192
50556544,Cc1nc(OCc2ccc(F)cc2)c(cc1-c1ccc(F)cc1)C(=O)NC1CCCCCC1,5.3372
50559493,Oc1cc(cc(O)c1-c1cc(cc(c1)C(F)(F)F)C(F)(F)F)C(=O)c1cccs1,5.4277
50559494,Cc1cccc(c1)-c1c(O)cc(cc1O)C(=O)c1cccs1,5.0211
50559505,Oc1cc(cc(O)c1-c1cc(cc(c1)C(F)(F)F)C(F)(F)F)C(=O)c1ccccc1,5.7203
50559507,Oc1cc(cc(O)c1-c1cc(F)cc(F)c1)C(=O)c1ccccc1,5.9682
50561304,COc1ccc(COc2n[nH]c3ccccc23)cc1,4.6778
50561305,C(Oc1n[nH]c2ccccc12)c1cccc2ccccc12,5.7959
50561306,C(Oc1n[nH]c2ccccc12)c1ccc2ccccc2c1,4.6635
50561307,Cn1nc(OCc2ccc3ccccc3c2)c2ccccc12,5.3979
50561308,C(Cn1nc(OCc2ccc3ccccc3c2)c2ccccc12)C1CCCCC1,6.8239
50561309,C(Oc1nn(Cc2ccccc2)c2ccccc12)c1ccccc1,5.585
50561312,[O-][N+](=O)c1ccc2[nH]nc(OCc3ccc4ccccc4c3)c2c1,4.8665
50561315,CCCn1nc(OCc2ccc3ccccc3c2)c2cc(ccc12)[N+]([O-])=O,6.4486
50561316,CCCn1nc(OCc2ccc3ccccc3c2)c2cc(N)ccc12,5.7959
50562066,CCCCCn1cc(-c2nc(no2)C23CC4CC(CC(C4)C2)C3)c(=O)c2cc(ccc12)-c1ccco1,7.4815
50562067,CCCCCCCc1cn(Cc2cc(OC)c(O)cc2I)nn1,6.3565
50572485,CC1(C)Cc2ccc(cc2C1)C(=O)c1cn(CCCC=C)c2ccccc12,6.8182
50572486,CCCCCn1cc(C(=O)c2cccc3CC(C)(C)Cc23)c2ccccc12,8.8239
50572487,CCCCCn1cc(C(=O)c2ccc3CC(C)(C)Cc3c2)c2ccccc12,7.4089
50572488,Cc1c(C(=O)c2ccc3CC(C)(C)Cc3c2)c2ccccc2n1CCCC#C,5.7203
50572489,CC1(C)Cc2ccc(cc2C1)C(=O)c1cn(CCCC#C)c2ccccc12,6.4881
50572490,CCCn1cc(C(=O)c2ccc3CC(C)(C)Cc3c2)c2ccccc12,5.5919
50577908,CCCCCc1cc(O)c2[C@H]3C=C(C)CC[C@H]3C(C)(C)Oc2c1,5.5376
50577909,CCCCCc1cc(O)c2[C@@H]3C=C(C)CC[C@@H]3C(C)(C)Oc2c1,6.6421
50578423,"CCCCC(C)(C)c1cc(OC)c2cc(Cc3ccccc3)c(=O)oc2c1, CCCCC(C)(C)c1cc(OC)c2cc(Cc3ccccc3)c(=O)oc2c1",6.3116
50578425,"CCCCC(C)(C)c1cc(OC)c2cc(Cc3ccccc3C)c(=O)oc2c1, CCCCC(C)(C)c1cc(OC)c2cc(Cc3ccccc3C)c(=O)oc2c1",6.6616
50578427,"CCCCC(C)(C)c1cc(OC)c2cc(Cc3ccccc3OC)c(=O)oc2c1, CCCCC(C)(C)c1cc(OC)c2cc(Cc3ccccc3OC)c(=O)oc2c1",6.7089
50578431,CCCCCCC(C)(C)c1cc(O)c2cc(Cc3ccccc3C(F)(F)F)c(=O)oc2c1,6
50578432,"CCCCCc1cc(OC)c2cc(Cc3ccccn3)c(=O)oc2c1, CCCCCc1cc(OC)c2cc(Cc3ccccn3)c(=O)oc2c1",7.1518
50578434,"CCCCCc1cc(OC)c2cc(Cc3cccnc3)c(=O)oc2c1, CCCCCc1cc(OC)c2cc(Cc3cccnc3)c(=O)oc2c1",6.7683
50578456,CCCCc1cc2c(O)cc(cc2oc1=O)C1(CCCC)CCCC1,6
50578462,"CCCCC1(CCCCC1)c1cc(O)c2cc(CCC)c(=O)oc2c1, CCCCC1(CCCCC1)c1cc(O)c2cc(CCC)c(=O)oc2c1",6.8
50585649,"C\C(N)=N/C(=N/S(=O)(=O)N1CCCCC1)/N1CC(C(=N1)c1ccc(Cl)cc1)c1ccccc1, C\C(N)=N/C(=N/S(=O)(=O)N1CCCCC1)/N1CC(C(=N1)c1ccc(Cl)cc1)c1ccccc1",7.8835
50585650,"CS\C(N)=N/C(=N/S(=O)(=O)N1CCCCC1)/N1CC(C(=N1)c1ccc(Cl)cc1)c1ccccc1, CS\C(N)=N/C(=N/S(=O)(=O)N1CCCCC1)/N1CC(C(=N1)c1ccc(Cl)cc1)c1ccccc1",7.3019
50585651,"CC(C)(C)C(\N)=N/C(=N/S(=O)(=O)N1CCCCC1)/N1CC(C(=N1)c1ccc(Cl)cc1)c1ccccc1, CC(C)(C)C(\N)=N/C(=N/S(=O)(=O)N1CCCCC1)/N1CC(C(=N1)c1ccc(Cl)cc1)c1ccccc1",7.2639
50585652,"N\C(=N\C(=N\S(=O)(=O)N1CCCCC1)\N1CC(C(=N1)c1ccc(Cl)cc1)c1ccccc1)c1ccc(F)cc1, N\C(=N\C(=N\S(=O)(=O)N1CCCCC1)\N1CC(C(=N1)c1ccc(Cl)cc1)c1ccccc1)c1ccc(F)cc1",8.2959
50585653,"N\C(=N\C(=N\S(=O)(=O)N1CCCCC1)\N1CC(C(=N1)c1ccc(Cl)cc1)c1ccccc1)c1ccc(Cl)cc1, N\C(=N\C(=N\S(=O)(=O)N1CCCCC1)\N1CC(C(=N1)c1ccc(Cl)cc1)c1ccccc1)c1ccc(Cl)cc1",8.1649
50585654,"C\C(N)=N/C(=N/S(=O)(=O)N1CCC(F)(F)CC1)/N1CC(C(=N1)c1ccc(Cl)cc1)c1ccccc1, C\C(N)=N/C(=N/S(=O)(=O)N1CCC(F)(F)CC1)/N1CC(C(=N1)c1ccc(Cl)cc1)c1ccccc1",8.1462
50585655,"CS\C(N)=N/C(=N/S(=O)(=O)N1CCC(F)(F)CC1)/N1CC(C(=N1)c1ccc(Cl)cc1)c1ccccc1, CS\C(N)=N/C(=N/S(=O)(=O)N1CCC(F)(F)CC1)/N1CC(C(=N1)c1ccc(Cl)cc1)c1ccccc1",7.3751
50585656,"CC(C)(C)C(\N)=N\C(=N\S(=O)(=O)N1CCC(F)(F)CC1)\N1CC(C(=N1)c1ccc(Cl)cc1)c1ccccc1, CC(C)(C)C(\N)=N\C(=N\S(=O)(=O)N1CCC(F)(F)CC1)\N1CC(C(=N1)c1ccc(Cl)cc1)c1ccccc1, CC(C)(C)C(\N)=N\C(=N\S(=O)(=O)N1CCC(F)(F)CC1)\N1CC(C(=N1)c1ccc(Cl)cc1)c1ccccc1",8.0576
50585657,"N\C(=N/C(=N/S(=O)(=O)N1CCC(F)(F)CC1)/N1CC(C(=N1)c1ccc(Cl)cc1)c1ccccc1)c1ccc(F)cc1, N\C(=N/C(=N/S(=O)(=O)N1CCC(F)(F)CC1)/N1CC(C(=N1)c1ccc(Cl)cc1)c1ccccc1)c1ccc(F)cc1",8.419
50585658,"N\C(=N/C(=N/S(=O)(=O)N1CCC(F)(F)CC1)/N1CC(C(=N1)c1ccc(Cl)cc1)c1ccccc1)c1ccc(Cl)cc1, N\C(=N/C(=N/S(=O)(=O)N1CCC(F)(F)CC1)/N1CC(C(=N1)c1ccc(Cl)cc1)c1ccccc1)c1ccc(Cl)cc1, N\C(=N/C(=N/S(=O)(=O)N1CCC(F)(F)CC1)/N1CC(C(=N1)c1ccc(Cl)cc1)c1ccccc1)c1ccc(Cl)cc1",8.4128
50585659,"C\C(N)=N\C(=N\S(=O)(=O)N1CCC(CC1)C(F)(F)F)\N1CC(C(=N1)c1ccc(Cl)cc1)c1ccccc1, C\C(N)=N\C(=N\S(=O)(=O)N1CCC(CC1)C(F)(F)F)\N1CC(C(=N1)c1ccc(Cl)cc1)c1ccccc1",7.4864
50585660,"CS\C(N)=N\C(=N\S(=O)(=O)N1CCC(CC1)C(F)(F)F)\N1CC(C(=N1)c1ccc(Cl)cc1)c1ccccc1, CS\C(N)=N\C(=N\S(=O)(=O)N1CCC(CC1)C(F)(F)F)\N1CC(C(=N1)c1ccc(Cl)cc1)c1ccccc1",8.5317
50585661,"CC(C)(C)C(\N)=N\C(=N\S(=O)(=O)N1CCC(CC1)C(F)(F)F)\N1CC(C(=N1)c1ccc(Cl)cc1)c1ccccc1, CC(C)(C)C(\N)=N\C(=N\S(=O)(=O)N1CCC(CC1)C(F)(F)F)\N1CC(C(=N1)c1ccc(Cl)cc1)c1ccccc1, CC(C)(C)C(\N)=N\C(=N\S(=O)(=O)N1CCC(CC1)C(F)(F)F)\N1CC(C(=N1)c1ccc(Cl)cc1)c1ccccc1",8.8008
50585662,"N\C(=N/C(=N/S(=O)(=O)N1CCC(CC1)C(F)(F)F)/N1CC(C(=N1)c1ccc(Cl)cc1)c1ccccc1)c1ccc(F)cc1, N\C(=N/C(=N/S(=O)(=O)N1CCC(CC1)C(F)(F)F)/N1CC(C(=N1)c1ccc(Cl)cc1)c1ccccc1)c1ccc(F)cc1",8.1259
50585663,"C\C(N)=N\C(=N\S(=O)(=O)N1CCOCC1)\N1CC(C(=N1)c1ccc(Cl)cc1)c1ccccc1, C\C(N)=N\C(=N\S(=O)(=O)N1CCOCC1)\N1CC(C(=N1)c1ccc(Cl)cc1)c1ccccc1",7.3547
50585664,"CS\C(N)=N\C(=N\S(=O)(=O)N1CCOCC1)\N1CC(C(=N1)c1ccc(Cl)cc1)c1ccccc1, CS\C(N)=N\C(=N\S(=O)(=O)N1CCOCC1)\N1CC(C(=N1)c1ccc(Cl)cc1)c1ccccc1",7.2141
50585666,"N\C(=N/C(=N/S(=O)(=O)N1CCOCC1)/N1CC(C(=N1)c1ccc(Cl)cc1)c1ccccc1)c1ccc(F)cc1, N\C(=N/C(=N/S(=O)(=O)N1CCOCC1)/N1CC(C(=N1)c1ccc(Cl)cc1)c1ccccc1)c1ccc(F)cc1",7.5596
50585667,"N\C(=N/C(=N/S(=O)(=O)N1CCOCC1)/N1CC(C(=N1)c1ccc(Cl)cc1)c1ccccc1)c1ccc(Cl)cc1, N\C(=N/C(=N/S(=O)(=O)N1CCOCC1)/N1CC(C(=N1)c1ccc(Cl)cc1)c1ccccc1)c1ccc(Cl)cc1",7.6617
50585668,"C\C(N)=N\C(=N\S(=O)(=O)N1CCCC1)\N1CC(C(=N1)c1ccc(Cl)cc1)c1ccccc1, C\C(N)=N\C(=N\S(=O)(=O)N1CCCC1)\N1CC(C(=N1)c1ccc(Cl)cc1)c1ccccc1",7.4971
50585669,"CS\C(N)=N\C(=N\S(=O)(=O)N1CCCC1)\N1CC(C(=N1)c1ccc(Cl)cc1)c1ccccc1, CS\C(N)=N\C(=N\S(=O)(=O)N1CCCC1)\N1CC(C(=N1)c1ccc(Cl)cc1)c1ccccc1",6.9869
50585671,"N\C(=N/C(=N/S(=O)(=O)N1CCCC1)/N1CC(C(=N1)c1ccc(Cl)cc1)c1ccccc1)c1ccc(F)cc1, N\C(=N/C(=N/S(=O)(=O)N1CCCC1)/N1CC(C(=N1)c1ccc(Cl)cc1)c1ccccc1)c1ccc(F)cc1",7.449
50585672,"N\C(=N/C(=N/S(=O)(=O)N1CCCC1)/N1CC(C(=N1)c1ccc(Cl)cc1)c1ccccc1)c1ccc(Cl)cc1, N\C(=N/C(=N/S(=O)(=O)N1CCCC1)/N1CC(C(=N1)c1ccc(Cl)cc1)c1ccccc1)c1ccc(Cl)cc1",6.7473
50585673,"CCN(CC)S(=O)(=O)\N=C(\N=C(\C)N)/N1CC(C(=N1)c1ccc(Cl)cc1)c1ccccc1, CCN(CC)S(=O)(=O)\N=C(\N=C(\C)N)/N1CC(C(=N1)c1ccc(Cl)cc1)c1ccccc1",8.4752
50585674,"CCN(CC)S(=O)(=O)\N=C(\N=C(/N)SC)/N1CC(C(=N1)c1ccc(Cl)cc1)c1ccccc1, CCN(CC)S(=O)(=O)\N=C(\N=C(/N)SC)/N1CC(C(=N1)c1ccc(Cl)cc1)c1ccccc1",7.1487
50585675,"CCN(CC)S(=O)(=O)\N=C(\N=C(/N)C(C)(C)C)/N1CC(C(=N1)c1ccc(Cl)cc1)c1ccccc1, CCN(CC)S(=O)(=O)\N=C(\N=C(/N)C(C)(C)C)/N1CC(C(=N1)c1ccc(Cl)cc1)c1ccccc1",7.213
50585676,"CCN(CC)S(=O)(=O)\N=C(\N=C(/N)c1ccc(F)cc1)/N1CC(C(=N1)c1ccc(Cl)cc1)c1ccccc1, CCN(CC)S(=O)(=O)\N=C(\N=C(/N)c1ccc(F)cc1)/N1CC(C(=N1)c1ccc(Cl)cc1)c1ccccc1",7.6131
50585677,"CCN(CC)S(=O)(=O)\N=C(\N=C(/N)c1ccc(Cl)cc1)/N1CC(C(=N1)c1ccc(Cl)cc1)c1ccccc1, CCN(CC)S(=O)(=O)\N=C(\N=C(/N)c1ccc(Cl)cc1)/N1CC(C(=N1)c1ccc(Cl)cc1)c1ccccc1",7.5121
50585678,"C\C(N)=N/C(=N/S(=O)(=O)N1CCCCC1)/N1C[C@@H](C(=N1)c1ccc(Cl)cc1)c1ccccc1, C\C(N)=N/C(=N/S(=O)(=O)N1CCCCC1)/N1C[C@@H](C(=N1)c1ccc(Cl)cc1)c1ccccc1, C\C(N)=N/C(=N/S(=O)(=O)N1CCCCC1)/N1C[C@@H](C(=N1)c1ccc(Cl)cc1)c1ccccc1",8.6309
50585679,C\C(N)=N/C(=N/S(=O)(=O)N1CCCCC1)/N1C[C@H](C(=N1)c1ccc(Cl)cc1)c1ccccc1,6.2147
50585680,"CS\C(N)=N\C(=N\S(=O)(=O)N1CCC(CC1)C(F)(F)F)\N1C[C@@H](C(=N1)c1ccc(Cl)cc1)c1ccccc1, CS\C(N)=N\C(=N\S(=O)(=O)N1CCC(CC1)C(F)(F)F)\N1C[C@@H](C(=N1)c1ccc(Cl)cc1)c1ccccc1, CS\C(N)=N\C(=N\S(=O)(=O)N1CCC(CC1)C(F)(F)F)\N1C[C@@H](C(=N1)c1ccc(Cl)cc1)c1ccccc1",8.8833
50585682,"CCN(CC)S(=O)(=O)\N=C(\N=C(\C)N)/N1C[C@@H](C(=N1)c1ccc(Cl)cc1)c1ccccc1, CCN(CC)S(=O)(=O)\N=C(\N=C(\C)N)/N1C[C@@H](C(=N1)c1ccc(Cl)cc1)c1ccccc1",9.0088
50585683,"N\C(=N/C(=N/S(=O)(=O)N1CCC(CC1)C(F)(F)F)/N1CC(C(=N1)c1ccc(Cl)cc1)c1ccccc1)c1ccc(Cl)cc1, N\C(=N/C(=N/S(=O)(=O)N1CCC(CC1)C(F)(F)F)/N1CC(C(=N1)c1ccc(Cl)cc1)c1ccccc1)c1ccc(Cl)cc1",8.2636
50586724,[O-][N+](=O)CC(c1c([nH]c2ccccc12)-c1ccsc1)c1ccccc1,7.3665
50587686,"CCCCCCCc1cc(O)c2[C@@H]3C=C(C)CC[C@H]3C(C)(C)Oc2c1, CCCCCCCc1cc(O)c2[C@@H]3C=C(C)CC[C@H]3C(C)(C)Oc2c1",7.9034
50590325,CCCCn1cc(C(=O)N[C@@H](C(C)C)C(N)=O)c2ccccc12,7.9208
50590326,CCCCn1cc(C(=O)N[C@H](C(N)=O)C(C)(C)C)c2ccccc12,8.8861
50590327,"CCCCn1cc(C(=O)N[C@@H](Cc2ccccc2)C(N)=O)c2ccccc12, CCCCn1cc(C(=O)N[C@@H](Cc2ccccc2)C(N)=O)c2ccccc12",6.5115
50590328,CCCCn1nc(C(=O)N[C@@H](C(C)C)C(N)=O)c2ccccc12,8.9208
50590329,"CCCCn1nc(C(=O)N[C@H](C(N)=O)C(C)(C)C)c2ccccc12, CCCCn1nc(C(=O)N[C@H](C(N)=O)C(C)(C)C)c2ccccc12",9.5222
50590330,CCCCn1nc(C(=O)N[C@@H](Cc2ccccc2)C(N)=O)c2ccccc12,7.6021
50590331,CCCCn1cc(C(=O)N[C@@H](C(C)C)C(N)=O)c2cccnc12,6.3002
50590332,"CCCCn1cc(C(=O)N[C@H](C(N)=O)C(C)(C)C)c2cccnc12, CCCCn1cc(C(=O)N[C@H](C(N)=O)C(C)(C)C)c2cccnc12",7.8099
50590333,"CCCCn1cc(C(=O)N[C@@H](Cc2ccccc2)C(N)=O)c2cccnc12, CCCCn1cc(C(=O)N[C@@H](Cc2ccccc2)C(N)=O)c2cccnc12",6.2696
50590334,CCCCCn1cc(C(=O)N[C@@H](Cc2ccccc2)C(N)=O)c2cccnc12,6.3595
50600941,C[C@H]1CC[C@H](CC1)NC(=O)c1cc2cccnc2n(CCCCF)c1=O,8.2218
50600942,C[C@H]1CC[C@H](CC1)NC(=O)c1cc2cc(cnc2n(Cc2cccc(F)c2)c1=O)-c1ccco1,8.5376
50600943,C[C@H]1CC[C@@H](CC1)NC(=O)c1cc2cc(cnc2n(Cc2cccc(F)c2)c1=O)-c1ccco1,5.301
50600944,C[C@H]1CC[C@H](CC1)NC(=O)c1cc2cc(cnc2n(Cc2ccccc2F)c1=O)-c1ccco1,7.1871
50600946,C[C@H]1CC[C@H](CC1)NC(=O)c1cc2cc(cnc2n(CCCF)c1=O)-c1ccco1,7.5528
50600947,C[C@H]1CC[C@@H](CC1)NC(=O)c1cc2cc(cnc2n(CCCF)c1=O)-c1ccco1,5.1675
50600948,C[C@H]1CC[C@H](CC1)NC(=O)c1cc2cc(cnc2n(CCCCF)c1=O)-c1ccco1,8.4815
50600949,C[C@H]1CC[C@@H](CC1)NC(=O)c1cc2cc(cnc2n(CCCCF)c1=O)-c1ccco1,7.3098
50600950,CC1CCC(CC1)NC(=O)c1cc2cc(Br)cnc2n(CCCCF)c1=O,8.3188
50600951,C[C@H]1CC[C@H](CC1)NC(=O)c1cc2cccnc2n(CCCF)c1=O,6.9393
50600952,C[C@H]1CC[C@@H](CC1)NC(=O)c1cc2cccnc2n(CCCF)c1=O,5.3372
50600953,C[C@H]1CC[C@H](CC1)NC(=O)c1cc2cccnc2n(CCOCCF)c1=O,7.8861
50600954,C[C@H]1CC[C@@H](CC1)NC(=O)c1cc2cccnc2n(CCOCCF)c1=O,6.1079
50600955,FCCCCn1c2ncccc2cc(C(=O)Nc2ccccc2)c1=O,5.6576
50600956,FCCCCn1c2ncccc2cc(C(=O)Nc2ccc(F)cc2)c1=O,5.4089
50600958,FCCCCn1c2ncccc2cc(C(=O)NCc2ccc(F)cc2)c1=O,5.9586
50600961,FCCCCn1c2ncccc2cc(C(=O)NC23CC4CC(CC(C4)C2)C3)c1=O,9.2218
50600962,Fc1ccc(Cn2c3ncccc3cc(C(=O)NC34CC5CC(CC(C5)C3)C4)c2=O)cc1,8.8239
50600963,FCCOCCn1c2ncccc2cc(C(=O)NC23CC4CC(CC(C4)C2)C3)c1=O,8.4089
50601854,COC(=O)c1c(NC(=O)C23CC4CC(CC(O)(C4)C2)C3)sc2CCCCc12,6
50607947,CCCn1c(C)c(C(=O)c2ccc3ccccc3c2)c2ccccc12,6.4168
50607948,O=C(c1cn2C(CN3CCOCC3)COc3cccc1c23)c1ccc2ccccc2c1,7.2076
